{
"type": "FeatureCollection",
"name": "eth_admincapitals",
"crs": { "type": "name", "properties": { "name": "urn:ogc:def:crs:OGC:1.3:CRS84" } },
"features": [
{ "type": "Feature", "properties": { "adm_p_lvl": 3, "name": "Qada Duma", "name_1": null, "name_2": null, "name_3": null, "loc_pcode": null, "x_coord": 39.55, "y_coord": 3.45, "adm3_name": "Qada Duma", "adm3_name1": null, "adm3_name2": null, "adm3_name3": null, "adm3_pcode": "ET051198", "adm2_name": "Daawa", "adm2_name1": null, "adm2_name2": null, "adm2_name3": null, "adm2_pcode": "ET0511", "adm1_name": "Somali", "adm1_name1": null, "adm1_name2": null, "adm1_name3": null, "adm1_pcode": "ET05", "adm0_name": null, "adm0_name1": null, "adm0_name2": null, "adm0_name3": null, "adm0_pcode": null, "valid_on": "2025-01-01", "valid_to": null, "version": "v04", "name_lng": "en", "name_lng1": null, "name_lng2": null, "name_lng3": null }, "geometry": { "type": "Point", "coordinates": [ 39.550000000000182, 3.450000000000102 ] } },
{ "type": "Feature", "properties": { "adm_p_lvl": 3, "name": "Hidilola", "name_1": null, "name_2": null, "name_3": null, "loc_pcode": null, "x_coord": 38.57912975, "y_coord": 3.74007664, "adm3_name": "Miyo", "adm3_name1": null, "adm3_name2": null, "adm3_name3": null, "adm3_pcode": "ET041216", "adm2_name": "Borena", "adm2_name1": null, "adm2_name2": null, "adm2_name3": null, "adm2_pcode": "ET0412", "adm1_name": "Oromia", "adm1_name1": null, "adm1_name2": null, "adm1_name3": null, "adm1_pcode": "ET04", "adm0_name": null, "adm0_name1": null, "adm0_name2": null, "adm0_name3": null, "adm0_pcode": null, "valid_on": "2025-01-01", "valid_to": null, "version": "v04", "name_lng": "en", "name_lng1": null, "name_lng2": null, "name_lng3": null }, "geometry": { "type": "Point", "coordinates": [ 38.579129748000071, 3.740076639 ] } },
{ "type": "Feature", "properties": { "adm_p_lvl": 2, "name": "Ley", "name_1": null, "name_2": null, "name_3": null, "loc_pcode": null, "x_coord": 39.22802081, "y_coord": 3.77086304, "adm3_name": "Moyale (SM)", "adm3_name1": null, "adm3_name2": null, "adm3_name3": null, "adm3_pcode": "ET051103", "adm2_name": "Daawa", "adm2_name1": null, "adm2_name2": null, "adm2_name3": null, "adm2_pcode": "ET0511", "adm1_name": "Somali", "adm1_name1": null, "adm1_name2": null, "adm1_name3": null, "adm1_pcode": "ET05", "adm0_name": null, "adm0_name1": null, "adm0_name2": null, "adm0_name3": null, "adm0_pcode": null, "valid_on": "2025-01-01", "valid_to": null, "version": "v04", "name_lng": "en", "name_lng1": null, "name_lng2": null, "name_lng3": null }, "geometry": { "type": "Point", "coordinates": [ 39.228019108000126, 3.770866819000105 ] } },
{ "type": "Feature", "properties": { "adm_p_lvl": 3, "name": "Mega", "name_1": null, "name_2": null, "name_3": null, "loc_pcode": null, "x_coord": 38.32131092, "y_coord": 4.0580279, "adm3_name": "Dire", "adm3_name1": null, "adm3_name2": null, "adm3_name3": null, "adm3_pcode": "ET041211", "adm2_name": "Borena", "adm2_name1": null, "adm2_name2": null, "adm2_name3": null, "adm2_pcode": "ET0412", "adm1_name": "Oromia", "adm1_name1": null, "adm1_name2": null, "adm1_name3": null, "adm1_pcode": "ET04", "adm0_name": null, "adm0_name1": null, "adm0_name2": null, "adm0_name3": null, "adm0_pcode": null, "valid_on": "2025-01-01", "valid_to": null, "version": "v04", "name_lng": "en", "name_lng1": null, "name_lng2": null, "name_lng3": null }, "geometry": { "type": "Point", "coordinates": [ 38.321310923000055, 4.058027902 ] } },
{ "type": "Feature", "properties": { "adm_p_lvl": 3, "name": "Dolo Ado", "name_1": null, "name_2": null, "name_3": null, "loc_pcode": null, "x_coord": 42.05789593, "y_coord": 4.17694976, "adm3_name": "Dolo Ado", "adm3_name1": null, "adm3_name2": null, "adm3_name3": null, "adm3_pcode": "ET050902", "adm2_name": "Liban", "adm2_name1": null, "adm2_name2": null, "adm2_name3": null, "adm2_pcode": "ET0509", "adm1_name": "Somali", "adm1_name1": null, "adm1_name2": null, "adm1_name3": null, "adm1_pcode": "ET05", "adm0_name": null, "adm0_name1": null, "adm0_name2": null, "adm0_name3": null, "adm0_pcode": null, "valid_on": "2025-01-01", "valid_to": null, "version": "v04", "name_lng": "en", "name_lng1": null, "name_lng2": null, "name_lng3": null }, "geometry": { "type": "Point", "coordinates": [ 42.057895928, 4.176949758000035 ] } },
{ "type": "Feature", "properties": { "adm_p_lvl": 3, "name": "Sogiya", "name_1": null, "name_2": null, "name_3": null, "loc_pcode": null, "x_coord": 38.72166538, "y_coord": 4.22121146, "adm3_name": "Dhas", "adm3_name1": null, "adm3_name2": null, "adm3_name3": null, "adm3_pcode": "ET042209", "adm2_name": "East Borena", "adm2_name1": null, "adm2_name2": null, "adm2_name3": null, "adm2_pcode": "ET0422", "adm1_name": "Oromia", "adm1_name1": null, "adm1_name2": null, "adm1_name3": null, "adm1_pcode": "ET04", "adm0_name": null, "adm0_name1": null, "adm0_name2": null, "adm0_name3": null, "adm0_pcode": null, "valid_on": "2025-01-01", "valid_to": null, "version": "v04", "name_lng": "en", "name_lng1": null, "name_lng2": null, "name_lng3": null }, "geometry": { "type": "Point", "coordinates": [ 38.721665380000104, 4.221211457000038 ] } },
{ "type": "Feature", "properties": { "adm_p_lvl": 3, "name": "Dilo", "name_1": null, "name_2": null, "name_3": null, "loc_pcode": null, "x_coord": 37.70095316, "y_coord": 4.26118249, "adm3_name": "Dilo", "adm3_name1": null, "adm3_name2": null, "adm3_name3": null, "adm3_pcode": "ET041219", "adm2_name": "Borena", "adm2_name1": null, "adm2_name2": null, "adm2_name3": null, "adm2_pcode": "ET0412", "adm1_name": "Oromia", "adm1_name1": null, "adm1_name2": null, "adm1_name3": null, "adm1_pcode": "ET04", "adm0_name": null, "adm0_name1": null, "adm0_name2": null, "adm0_name3": null, "adm0_pcode": null, "valid_on": "2025-01-01", "valid_to": null, "version": "v04", "name_lng": "en", "name_lng1": null, "name_lng2": null, "name_lng3": null }, "geometry": { "type": "Point", "coordinates": [ 37.70095316000004, 4.261182494000138 ] } },
{ "type": "Feature", "properties": { "adm_p_lvl": 3, "name": "Dubuluk", "name_1": null, "name_2": null, "name_3": null, "loc_pcode": null, "x_coord": 38.28025313, "y_coord": 4.36545516, "adm3_name": "Dubluk", "adm3_name1": null, "adm3_name2": null, "adm3_name3": null, "adm3_pcode": "ET041291", "adm2_name": "Borena", "adm2_name1": null, "adm2_name2": null, "adm2_name3": null, "adm2_pcode": "ET0412", "adm1_name": "Oromia", "adm1_name1": null, "adm1_name2": null, "adm1_name3": null, "adm1_pcode": "ET04", "adm0_name": null, "adm0_name1": null, "adm0_name2": null, "adm0_name3": null, "adm0_pcode": null, "valid_on": "2025-01-01", "valid_to": null, "version": "v04", "name_lng": "en", "name_lng1": null, "name_lng2": null, "name_lng3": null }, "geometry": { "type": "Point", "coordinates": [ 38.280253133000031, 4.365455164000139 ] } },
{ "type": "Feature", "properties": { "adm_p_lvl": 3, "name": "Web", "name_1": null, "name_2": null, "name_3": null, "loc_pcode": null, "x_coord": 38.65828608, "y_coord": 4.49667684, "adm3_name": "Wachile", "adm3_name1": null, "adm3_name2": null, "adm3_name3": null, "adm3_pcode": "ET042208", "adm2_name": "East Borena", "adm2_name1": null, "adm2_name2": null, "adm2_name3": null, "adm2_pcode": "ET0422", "adm1_name": "Oromia", "adm1_name1": null, "adm1_name2": null, "adm1_name3": null, "adm1_pcode": "ET04", "adm0_name": null, "adm0_name1": null, "adm0_name2": null, "adm0_name3": null, "adm0_pcode": null, "valid_on": "2025-01-01", "valid_to": null, "version": "v04", "name_lng": "en", "name_lng1": null, "name_lng2": null, "name_lng3": null }, "geometry": { "type": "Point", "coordinates": [ 38.658286080000096, 4.496676837000109 ] } },
{ "type": "Feature", "properties": { "adm_p_lvl": 3, "name": "Bokolmay", "name_1": null, "name_2": null, "name_3": null, "loc_pcode": null, "x_coord": 41.53666582, "y_coord": 4.51515208, "adm3_name": "Bokolmayo", "adm3_name1": null, "adm3_name2": null, "adm3_name3": null, "adm3_pcode": "ET050999", "adm2_name": "Liban", "adm2_name1": null, "adm2_name2": null, "adm2_name3": null, "adm2_pcode": "ET0509", "adm1_name": "Somali", "adm1_name1": null, "adm1_name2": null, "adm1_name3": null, "adm1_pcode": "ET05", "adm0_name": null, "adm0_name1": null, "adm0_name2": null, "adm0_name3": null, "adm0_pcode": null, "valid_on": "2025-01-01", "valid_to": null, "version": "v04", "name_lng": "en", "name_lng1": null, "name_lng2": null, "name_lng3": null }, "geometry": { "type": "Point", "coordinates": [ 41.536665819000063, 4.5151520820001 ] } },
{ "type": "Feature", "properties": { "adm_p_lvl": 3, "name": "Meta Gefersa", "name_1": null, "name_2": null, "name_3": null, "loc_pcode": null, "x_coord": 38.82842046, "y_coord": 4.74331947, "adm3_name": "Arero", "adm3_name1": null, "adm3_name2": null, "adm3_name3": null, "adm3_pcode": "ET042207", "adm2_name": "East Borena", "adm2_name1": null, "adm2_name2": null, "adm2_name3": null, "adm2_pcode": "ET0422", "adm1_name": "Oromia", "adm1_name1": null, "adm1_name2": null, "adm1_name3": null, "adm1_pcode": "ET04", "adm0_name": null, "adm0_name1": null, "adm0_name2": null, "adm0_name3": null, "adm0_pcode": null, "valid_on": "2025-01-01", "valid_to": null, "version": "v04", "name_lng": "en", "name_lng1": null, "name_lng2": null, "name_lng3": null }, "geometry": { "type": "Point", "coordinates": [ 38.828420456000117, 4.743319469000085 ] } },
{ "type": "Feature", "properties": { "adm_p_lvl": 3, "name": "Hudat", "name_1": null, "name_2": null, "name_3": null, "loc_pcode": null, "x_coord": 39.23838393, "y_coord": 4.75819236, "adm3_name": "Arero", "adm3_name1": null, "adm3_name2": null, "adm3_name3": null, "adm3_pcode": "ET042207", "adm2_name": "East Borena", "adm2_name1": null, "adm2_name2": null, "adm2_name3": null, "adm2_pcode": "ET0422", "adm1_name": "Oromia", "adm1_name1": null, "adm1_name2": null, "adm1_name3": null, "adm1_pcode": "ET04", "adm0_name": null, "adm0_name1": null, "adm0_name2": null, "adm0_name3": null, "adm0_pcode": null, "valid_on": "2025-01-01", "valid_to": null, "version": "v04", "name_lng": "en", "name_lng1": null, "name_lng2": null, "name_lng3": null }, "geometry": { "type": "Point", "coordinates": [ 39.23838392600004, 4.75819236100017 ] } },
{ "type": "Feature", "properties": { "adm_p_lvl": 3, "name": "Omorate", "name_1": null, "name_2": null, "name_3": null, "loc_pcode": null, "x_coord": 36.05151944, "y_coord": 4.811045, "adm3_name": "Dasenech /Kuraz", "adm3_name1": null, "adm3_name2": null, "adm3_name3": null, "adm3_pcode": "ET081202", "adm2_name": "South Omo", "adm2_name1": null, "adm2_name2": null, "adm2_name3": null, "adm2_pcode": "ET0812", "adm1_name": "South Ethiopia", "adm1_name1": null, "adm1_name2": null, "adm1_name3": null, "adm1_pcode": "ET08", "adm0_name": null, "adm0_name1": null, "adm0_name2": null, "adm0_name3": null, "adm0_pcode": null, "valid_on": "2025-01-01", "valid_to": null, "version": "v04", "name_lng": "en", "name_lng1": null, "name_lng2": null, "name_lng3": null }, "geometry": { "type": "Point", "coordinates": [ 36.051519444000121, 4.811045 ] } },
{ "type": "Feature", "properties": { "adm_p_lvl": 2, "name": "Yabelo", "name_1": null, "name_2": null, "name_3": null, "loc_pcode": null, "x_coord": 38.09354075, "y_coord": 4.88929223, "adm3_name": "Yabelo town", "adm3_name1": null, "adm3_name2": null, "adm3_name3": null, "adm3_pcode": "ET041296", "adm2_name": "Borena", "adm2_name1": null, "adm2_name2": null, "adm2_name3": null, "adm2_pcode": "ET0412", "adm1_name": "Oromia", "adm1_name1": null, "adm1_name2": null, "adm1_name3": null, "adm1_pcode": "ET04", "adm0_name": null, "adm0_name1": null, "adm0_name2": null, "adm0_name3": null, "adm0_pcode": null, "valid_on": "2025-01-01", "valid_to": null, "version": "v04", "name_lng": "en", "name_lng1": null, "name_lng2": null, "name_lng3": null }, "geometry": { "type": "Point", "coordinates": [ 38.093540753000184, 4.889292233000106 ] } },
{ "type": "Feature", "properties": { "adm_p_lvl": 3, "name": "Elweya", "name_1": null, "name_2": null, "name_3": null, "loc_pcode": null, "x_coord": 37.89020229, "y_coord": 4.96206831, "adm3_name": "Elwaya", "adm3_name1": null, "adm3_name2": null, "adm3_name3": null, "adm3_pcode": "ET041295", "adm2_name": "Borena", "adm2_name1": null, "adm2_name2": null, "adm2_name3": null, "adm2_pcode": "ET0412", "adm1_name": "Oromia", "adm1_name1": null, "adm1_name2": null, "adm1_name3": null, "adm1_pcode": "ET04", "adm0_name": null, "adm0_name1": null, "adm0_name2": null, "adm0_name3": null, "adm0_pcode": null, "valid_on": "2025-01-01", "valid_to": null, "version": "v04", "name_lng": "en", "name_lng1": null, "name_lng2": null, "name_lng3": null }, "geometry": { "type": "Point", "coordinates": [ 37.890202287000079, 4.962068312000042 ] } },
{ "type": "Feature", "properties": { "adm_p_lvl": 3, "name": "Turmi", "name_1": null, "name_2": null, "name_3": null, "loc_pcode": null, "x_coord": 36.48649389, "y_coord": 4.96618, "adm3_name": "Turmi town", "adm3_name1": null, "adm3_name2": null, "adm3_name3": null, "adm3_pcode": "ET081207", "adm2_name": "South Omo", "adm2_name1": null, "adm2_name2": null, "adm2_name3": null, "adm2_pcode": "ET0812", "adm1_name": "South Ethiopia", "adm1_name1": null, "adm1_name2": null, "adm1_name3": null, "adm1_pcode": "ET08", "adm0_name": null, "adm0_name1": null, "adm0_name2": null, "adm0_name3": null, "adm0_pcode": null, "valid_on": "2025-01-01", "valid_to": null, "version": "v04", "name_lng": "en", "name_lng1": null, "name_lng2": null, "name_lng3": null }, "geometry": { "type": "Point", "coordinates": [ 36.486493889000087, 4.96617999900019 ] } },
{ "type": "Feature", "properties": { "adm_p_lvl": 3, "name": "Ferfer", "name_1": null, "name_2": null, "name_3": null, "loc_pcode": null, "x_coord": 45.12019625, "y_coord": 5.09183906, "adm3_name": "Ferfer", "adm3_name1": null, "adm3_name2": null, "adm3_name3": null, "adm3_pcode": "ET050607", "adm2_name": "Shabelle", "adm2_name1": null, "adm2_name2": null, "adm2_name3": null, "adm2_pcode": "ET0506", "adm1_name": "Somali", "adm1_name1": null, "adm1_name2": null, "adm1_name3": null, "adm1_pcode": "ET05", "adm0_name": null, "adm0_name1": null, "adm0_name2": null, "adm0_name3": null, "adm0_pcode": null, "valid_on": "2025-01-01", "valid_to": null, "version": "v04", "name_lng": "en", "name_lng1": null, "name_lng2": null, "name_lng3": null }, "geometry": { "type": "Point", "coordinates": [ 45.120196253000131, 5.091839055000037 ] } },
{ "type": "Feature", "properties": { "adm_p_lvl": 2, "name": "Filtu", "name_1": null, "name_2": null, "name_3": null, "loc_pcode": null, "x_coord": 40.658558, "y_coord": 5.11503, "adm3_name": "Filtu", "adm3_name1": null, "adm3_name2": null, "adm3_name3": null, "adm3_pcode": "ET050901", "adm2_name": "Liban", "adm2_name1": null, "adm2_name2": null, "adm2_name3": null, "adm2_pcode": "ET0509", "adm1_name": "Somali", "adm1_name1": null, "adm1_name2": null, "adm1_name3": null, "adm1_pcode": "ET05", "adm0_name": null, "adm0_name1": null, "adm0_name2": null, "adm0_name3": null, "adm0_pcode": null, "valid_on": "2025-01-01", "valid_to": null, "version": "v04", "name_lng": "en", "name_lng1": null, "name_lng2": null, "name_lng3": null }, "geometry": { "type": "Point", "coordinates": [ 40.658558000000141, 5.115030000000161 ] } },
{ "type": "Feature", "properties": { "adm_p_lvl": 3, "name": "Surupa", "name_1": null, "name_2": null, "name_3": null, "loc_pcode": null, "x_coord": 38.29936219, "y_coord": 5.12984695, "adm3_name": "Gomole", "adm3_name1": null, "adm3_name2": null, "adm3_name3": null, "adm3_pcode": "ET041223", "adm2_name": "Borena", "adm2_name1": null, "adm2_name2": null, "adm2_name3": null, "adm2_pcode": "ET0412", "adm1_name": "Oromia", "adm1_name1": null, "adm1_name2": null, "adm1_name3": null, "adm1_pcode": "ET04", "adm0_name": null, "adm0_name1": null, "adm0_name2": null, "adm0_name3": null, "adm0_pcode": null, "valid_on": "2025-01-01", "valid_to": null, "version": "v04", "name_lng": "en", "name_lng1": null, "name_lng2": null, "name_lng3": null }, "geometry": { "type": "Point", "coordinates": [ 38.299362190000068, 5.129846952000037 ] } },
{ "type": "Feature", "properties": { "adm_p_lvl": 2, "name": "Dimeka", "name_1": null, "name_2": null, "name_3": null, "loc_pcode": null, "x_coord": 36.54529847, "y_coord": 5.17260497, "adm3_name": "Hamer", "adm3_name1": null, "adm3_name2": null, "adm3_name3": null, "adm3_pcode": "ET081203", "adm2_name": "South Omo", "adm2_name1": null, "adm2_name2": null, "adm2_name3": null, "adm2_pcode": "ET0812", "adm1_name": "South Ethiopia", "adm1_name1": null, "adm1_name2": null, "adm1_name3": null, "adm1_pcode": "ET08", "adm0_name": null, "adm0_name1": null, "adm0_name2": null, "adm0_name3": null, "adm0_pcode": null, "valid_on": "2025-01-01", "valid_to": null, "version": "v04", "name_lng": "en", "name_lng1": null, "name_lng2": null, "name_lng3": null }, "geometry": { "type": "Point", "coordinates": [ 36.54529846700018, 5.172604971000169 ] } },
{ "type": "Feature", "properties": { "adm_p_lvl": 3, "name": "Deka", "name_1": null, "name_2": null, "name_3": null, "loc_pcode": null, "x_coord": 39.91121838, "y_coord": 5.21553241, "adm3_name": "Deka Suftu", "adm3_name1": null, "adm3_name2": null, "adm3_name3": null, "adm3_pcode": "ET050991", "adm2_name": "Liban", "adm2_name1": null, "adm2_name2": null, "adm2_name3": null, "adm2_pcode": "ET0509", "adm1_name": "Somali", "adm1_name1": null, "adm1_name2": null, "adm1_name3": null, "adm1_pcode": "ET05", "adm0_name": null, "adm0_name1": null, "adm0_name2": null, "adm0_name3": null, "adm0_pcode": null, "valid_on": "2025-01-01", "valid_to": null, "version": "v04", "name_lng": "en", "name_lng1": null, "name_lng2": null, "name_lng3": null }, "geometry": { "type": "Point", "coordinates": [ 39.911218382000129, 5.215532406000079 ] } },
{ "type": "Feature", "properties": { "adm_p_lvl": 2, "name": "Hargele", "name_1": null, "name_2": null, "name_3": null, "loc_pcode": null, "x_coord": 42.1788408, "y_coord": 5.22251904, "adm3_name": "Hargele", "adm3_name1": null, "adm3_name2": null, "adm3_name3": null, "adm3_pcode": "ET050806", "adm2_name": "Afder", "adm2_name1": null, "adm2_name2": null, "adm2_name3": null, "adm2_pcode": "ET0508", "adm1_name": "Somali", "adm1_name1": null, "adm1_name2": null, "adm1_name3": null, "adm1_pcode": "ET05", "adm0_name": null, "adm0_name1": null, "adm0_name2": null, "adm0_name3": null, "adm0_pcode": null, "valid_on": "2025-01-01", "valid_to": null, "version": "v04", "name_lng": "en", "name_lng1": null, "name_lng2": null, "name_lng3": null }, "geometry": { "type": "Point", "coordinates": [ 42.178840802000082, 5.222519042000158 ] } },
{ "type": "Feature", "properties": { "adm_p_lvl": 3, "name": "Finchawa", "name_1": null, "name_2": null, "name_3": null, "loc_pcode": null, "x_coord": 38.27164205, "y_coord": 5.39460826, "adm3_name": "Dugda Dawa", "adm3_name1": null, "adm3_name2": null, "adm3_name3": null, "adm3_pcode": "ET041515", "adm2_name": "West Guji", "adm2_name1": null, "adm2_name2": null, "adm2_name3": null, "adm2_pcode": "ET0415", "adm1_name": "Oromia", "adm1_name1": null, "adm1_name2": null, "adm1_name3": null, "adm1_pcode": "ET04", "adm0_name": null, "adm0_name1": null, "adm0_name2": null, "adm0_name3": null, "adm0_pcode": null, "valid_on": "2025-01-01", "valid_to": null, "version": "v04", "name_lng": "en", "name_lng1": null, "name_lng2": null, "name_lng3": null }, "geometry": { "type": "Point", "coordinates": [ 38.271642053000051, 5.394608257000016 ] } },
{ "type": "Feature", "properties": { "adm_p_lvl": 3, "name": "Gerese", "name_1": null, "name_2": null, "name_3": null, "loc_pcode": null, "x_coord": 37.3, "y_coord": 5.916667, "adm3_name": "Geressie town", "adm3_name1": null, "adm3_name2": null, "adm3_name3": null, "adm3_pcode": "ET080213", "adm2_name": "Gamo", "adm2_name1": null, "adm2_name2": null, "adm2_name3": null, "adm2_pcode": "ET0802", "adm1_name": "South Ethiopia", "adm1_name1": null, "adm1_name2": null, "adm1_name3": null, "adm1_pcode": "ET08", "adm0_name": null, "adm0_name1": null, "adm0_name2": null, "adm0_name3": null, "adm0_pcode": null, "valid_on": "2025-01-01", "valid_to": null, "version": "v04", "name_lng": "en", "name_lng1": null, "name_lng2": null, "name_lng3": null }, "geometry": { "type": "Point", "coordinates": [ 37.300000000000125, 5.916667000000132 ] } },
{ "type": "Feature", "properties": { "adm_p_lvl": 3, "name": "Tore", "name_1": null, "name_2": null, "name_3": null, "loc_pcode": null, "x_coord": 38.15677723, "y_coord": 5.93736931, "adm3_name": "Gelana (West Guji)", "adm3_name1": null, "adm3_name2": null, "adm3_name3": null, "adm3_pcode": "ET041517", "adm2_name": "West Guji", "adm2_name1": null, "adm2_name2": null, "adm2_name3": null, "adm2_pcode": "ET0415", "adm1_name": "Oromia", "adm1_name1": null, "adm1_name2": null, "adm1_name3": null, "adm1_pcode": "ET04", "adm0_name": null, "adm0_name1": null, "adm0_name2": null, "adm0_name3": null, "adm0_pcode": null, "valid_on": "2025-01-01", "valid_to": null, "version": "v04", "name_lng": "en", "name_lng1": null, "name_lng2": null, "name_lng3": null }, "geometry": { "type": "Point", "coordinates": [ 38.15677722800001, 5.937369312000101 ] } },
{ "type": "Feature", "properties": { "adm_p_lvl": 2, "name": "Godey", "name_1": null, "name_2": null, "name_3": null, "loc_pcode": null, "x_coord": 43.55217737, "y_coord": 5.95539664, "adm3_name": "Godey town", "adm3_name1": null, "adm3_name2": null, "adm3_name3": null, "adm3_pcode": "ET050696", "adm2_name": "Shabelle", "adm2_name1": null, "adm2_name2": null, "adm2_name3": null, "adm2_pcode": "ET0506", "adm1_name": "Somali", "adm1_name1": null, "adm1_name2": null, "adm1_name3": null, "adm1_pcode": "ET05", "adm0_name": null, "adm0_name1": null, "adm0_name2": null, "adm0_name3": null, "adm0_pcode": null, "valid_on": "2025-01-01", "valid_to": null, "version": "v04", "name_lng": "en", "name_lng1": null, "name_lng2": null, "name_lng3": null }, "geometry": { "type": "Point", "coordinates": [ 43.552177368000116, 5.955396644000075 ] } },
{ "type": "Feature", "properties": { "adm_p_lvl": 2, "name": "Gelgel Beles", "name_1": null, "name_2": null, "name_3": null, "loc_pcode": null, "x_coord": 36.34384435, "y_coord": 11.15915542, "adm3_name": "Gilgel Beles town", "adm3_name1": null, "adm3_name2": null, "adm3_name3": null, "adm3_pcode": "ET060200", "adm2_name": "Metekel", "adm2_name1": null, "adm2_name2": null, "adm2_name3": null, "adm2_pcode": "ET0602", "adm1_name": "Benishangul-Gumuz", "adm1_name1": null, "adm1_name2": null, "adm1_name3": null, "adm1_pcode": "ET06", "adm0_name": null, "adm0_name1": null, "adm0_name2": null, "adm0_name3": null, "adm0_pcode": null, "valid_on": "2025-01-01", "valid_to": null, "version": "v04", "name_lng": "en", "name_lng1": null, "name_lng2": null, "name_lng3": null }, "geometry": { "type": "Point", "coordinates": [ 36.343844345000036, 11.159155421000094 ] } },
{ "type": "Feature", "properties": { "adm_p_lvl": 3, "name": "Barey", "name_1": null, "name_2": null, "name_3": null, "loc_pcode": null, "x_coord": 42.61355089, "y_coord": 4.63807046, "adm3_name": "Barey", "adm3_name1": null, "adm3_name2": null, "adm3_name3": null, "adm3_pcode": "ET050807", "adm2_name": "Afder", "adm2_name1": null, "adm2_name2": null, "adm2_name3": null, "adm2_pcode": "ET0508", "adm1_name": "Somali", "adm1_name1": null, "adm1_name2": null, "adm1_name3": null, "adm1_pcode": "ET05", "adm0_name": null, "adm0_name1": null, "adm0_name2": null, "adm0_name3": null, "adm0_pcode": null, "valid_on": "2025-01-01", "valid_to": null, "version": "v04", "name_lng": "en", "name_lng1": null, "name_lng2": null, "name_lng3": null }, "geometry": { "type": "Point", "coordinates": [ 42.613550889000066, 4.63807046200003 ] } },
{ "type": "Feature", "properties": { "adm_p_lvl": 3, "name": "Guro", "name_1": null, "name_2": null, "name_3": null, "loc_pcode": null, "x_coord": 37.3326879, "y_coord": 5.44595073, "adm3_name": "Karat Zuria", "adm3_name1": null, "adm3_name2": null, "adm3_name3": null, "adm3_pcode": "ET080902", "adm2_name": "Konso", "adm2_name1": null, "adm2_name2": null, "adm2_name3": null, "adm2_pcode": "ET0809", "adm1_name": "South Ethiopia", "adm1_name1": null, "adm1_name2": null, "adm1_name3": null, "adm1_pcode": "ET08", "adm0_name": null, "adm0_name1": null, "adm0_name2": null, "adm0_name3": null, "adm0_pcode": null, "valid_on": "2025-01-01", "valid_to": null, "version": "v04", "name_lng": "en", "name_lng1": null, "name_lng2": null, "name_lng3": null }, "geometry": { "type": "Point", "coordinates": [ 37.332687898000188, 5.445950727000138 ] } },
{ "type": "Feature", "properties": { "adm_p_lvl": 3, "name": "Kenticha", "name_1": null, "name_2": null, "name_3": null, "loc_pcode": null, "x_coord": 39.00562894, "y_coord": 5.4531429, "adm3_name": "Saba Boru", "adm3_name1": null, "adm3_name2": null, "adm3_name3": null, "adm3_pcode": "ET041412", "adm2_name": "Guji", "adm2_name1": null, "adm2_name2": null, "adm2_name3": null, "adm2_pcode": "ET0414", "adm1_name": "Oromia", "adm1_name1": null, "adm1_name2": null, "adm1_name3": null, "adm1_pcode": "ET04", "adm0_name": null, "adm0_name1": null, "adm0_name2": null, "adm0_name3": null, "adm0_pcode": null, "valid_on": "2025-01-01", "valid_to": null, "version": "v04", "name_lng": "en", "name_lng1": null, "name_lng2": null, "name_lng3": null }, "geometry": { "type": "Point", "coordinates": [ 39.005628938000029, 5.453142902000081 ] } },
{ "type": "Feature", "properties": { "adm_p_lvl": 2, "name": "Soyoma", "name_1": null, "name_2": null, "name_3": null, "loc_pcode": null, "x_coord": 37.85946891, "y_coord": 5.48411376, "adm3_name": "Burji", "adm3_name1": null, "adm3_name2": null, "adm3_name3": null, "adm3_pcode": "ET081001", "adm2_name": "Burji", "adm2_name1": null, "adm2_name2": null, "adm2_name3": null, "adm2_pcode": "ET0810", "adm1_name": "South Ethiopia", "adm1_name1": null, "adm1_name2": null, "adm1_name3": null, "adm1_pcode": "ET08", "adm0_name": null, "adm0_name1": null, "adm0_name2": null, "adm0_name3": null, "adm0_pcode": null, "valid_on": "2025-01-01", "valid_to": null, "version": "v04", "name_lng": "en", "name_lng1": null, "name_lng2": null, "name_lng3": null }, "geometry": { "type": "Point", "coordinates": [ 37.859468914000161, 5.484113764000028 ] } },
{ "type": "Feature", "properties": { "adm_p_lvl": 3, "name": "Key Afer", "name_1": null, "name_2": null, "name_3": null, "loc_pcode": null, "x_coord": 36.73413778, "y_coord": 5.52118028, "adm3_name": "Bena Tsemay", "adm3_name1": null, "adm3_name2": null, "adm3_name3": null, "adm3_pcode": "ET081201", "adm2_name": "South Omo", "adm2_name1": null, "adm2_name2": null, "adm2_name3": null, "adm2_pcode": "ET0812", "adm1_name": "South Ethiopia", "adm1_name1": null, "adm1_name2": null, "adm1_name3": null, "adm1_pcode": "ET08", "adm0_name": null, "adm0_name1": null, "adm0_name2": null, "adm0_name3": null, "adm0_pcode": null, "valid_on": "2025-01-01", "valid_to": null, "version": "v04", "name_lng": "en", "name_lng1": null, "name_lng2": null, "name_lng3": null }, "geometry": { "type": "Point", "coordinates": [ 36.734137778000047, 5.521180278000031 ] } },
{ "type": "Feature", "properties": { "adm_p_lvl": 3, "name": "Hiyadima", "name_1": null, "name_2": null, "name_3": null, "loc_pcode": null, "x_coord": 38.80812658, "y_coord": 5.53147303, "adm3_name": "Aga Wayu", "adm3_name1": null, "adm3_name2": null, "adm3_name3": null, "adm3_pcode": "ET041482", "adm2_name": "Guji", "adm2_name1": null, "adm2_name2": null, "adm2_name3": null, "adm2_pcode": "ET0414", "adm1_name": "Oromia", "adm1_name1": null, "adm1_name2": null, "adm1_name3": null, "adm1_pcode": "ET04", "adm0_name": null, "adm0_name1": null, "adm0_name2": null, "adm0_name3": null, "adm0_pcode": null, "valid_on": "2025-01-01", "valid_to": null, "version": "v04", "name_lng": "en", "name_lng1": null, "name_lng2": null, "name_lng3": null }, "geometry": { "type": "Point", "coordinates": [ 38.808126579000088, 5.531473025000025 ] } },
{ "type": "Feature", "properties": { "adm_p_lvl": 3, "name": "Segen", "name_1": null, "name_2": null, "name_3": null, "loc_pcode": null, "x_coord": 37.5464826, "y_coord": 5.58704402, "adm3_name": "Segen Zuria", "adm3_name1": null, "adm3_name2": null, "adm3_name3": null, "adm3_pcode": "ET080904", "adm2_name": "Konso", "adm2_name1": null, "adm2_name2": null, "adm2_name3": null, "adm2_pcode": "ET0809", "adm1_name": "South Ethiopia", "adm1_name1": null, "adm1_name2": null, "adm1_name3": null, "adm1_pcode": "ET08", "adm0_name": null, "adm0_name1": null, "adm0_name2": null, "adm0_name3": null, "adm0_pcode": null, "valid_on": "2025-01-01", "valid_to": null, "version": "v04", "name_lng": "en", "name_lng1": null, "name_lng2": null, "name_lng3": null }, "geometry": { "type": "Point", "coordinates": [ 37.546482596000146, 5.587044024000136 ] } },
{ "type": "Feature", "properties": { "adm_p_lvl": 3, "name": "Kelafo", "name_1": null, "name_2": null, "name_3": null, "loc_pcode": null, "x_coord": 44.19954054, "y_coord": 5.59246016, "adm3_name": "Kelafo", "adm3_name1": null, "adm3_name2": null, "adm3_name3": null, "adm3_pcode": "ET050605", "adm2_name": "Shabelle", "adm2_name1": null, "adm2_name2": null, "adm2_name3": null, "adm2_pcode": "ET0506", "adm1_name": "Somali", "adm1_name1": null, "adm1_name2": null, "adm1_name3": null, "adm1_pcode": "ET05", "adm0_name": null, "adm0_name1": null, "adm0_name2": null, "adm0_name3": null, "adm0_pcode": null, "valid_on": "2025-01-01", "valid_to": null, "version": "v04", "name_lng": "en", "name_lng1": null, "name_lng2": null, "name_lng3": null }, "geometry": { "type": "Point", "coordinates": [ 44.199540535000096, 5.592460160000087 ] } },
{ "type": "Feature", "properties": { "adm_p_lvl": 2, "name": "Bule Hora", "name_1": null, "name_2": null, "name_3": null, "loc_pcode": null, "x_coord": 38.23876155, "y_coord": 5.6318905, "adm3_name": "Bule Hora town", "adm3_name1": null, "adm3_name2": null, "adm3_name3": null, "adm3_pcode": "ET041587", "adm2_name": "West Guji", "adm2_name1": null, "adm2_name2": null, "adm2_name3": null, "adm2_pcode": "ET0415", "adm1_name": "Oromia", "adm1_name1": null, "adm1_name2": null, "adm1_name3": null, "adm1_pcode": "ET04", "adm0_name": null, "adm0_name1": null, "adm0_name2": null, "adm0_name3": null, "adm0_pcode": null, "valid_on": "2025-01-01", "valid_to": null, "version": "v04", "name_lng": "en", "name_lng1": null, "name_lng2": null, "name_lng3": null }, "geometry": { "type": "Point", "coordinates": [ 38.238761554000064, 5.631890496000096 ] } },
{ "type": "Feature", "properties": { "adm_p_lvl": 2, "name": "Gidole", "name_1": null, "name_2": null, "name_3": null, "loc_pcode": null, "x_coord": 37.36356, "y_coord": 5.64939, "adm3_name": "Gidole town", "adm3_name1": null, "adm3_name2": null, "adm3_name3": null, "adm3_pcode": "ET080702", "adm2_name": "Derashe", "adm2_name1": null, "adm2_name2": null, "adm2_name3": null, "adm2_pcode": "ET0807", "adm1_name": "South Ethiopia", "adm1_name1": null, "adm1_name2": null, "adm1_name3": null, "adm1_pcode": "ET08", "adm0_name": null, "adm0_name1": null, "adm0_name2": null, "adm0_name3": null, "adm0_pcode": null, "valid_on": "2025-01-01", "valid_to": null, "version": "v04", "name_lng": "en", "name_lng1": null, "name_lng2": null, "name_lng3": null }, "geometry": { "type": "Point", "coordinates": [ 37.363560000000177, 5.64939 ] } },
{ "type": "Feature", "properties": { "adm_p_lvl": 3, "name": "Gazer", "name_1": null, "name_2": null, "name_3": null, "loc_pcode": null, "x_coord": 36.57818629, "y_coord": 5.90679375, "adm3_name": "South Ari", "adm3_name1": null, "adm3_name2": null, "adm3_name3": null, "adm3_pcode": "ET080511", "adm2_name": "Ari", "adm2_name1": null, "adm2_name2": null, "adm2_name3": null, "adm2_pcode": "ET0805", "adm1_name": "South Ethiopia", "adm1_name1": null, "adm1_name2": null, "adm1_name3": null, "adm1_pcode": "ET08", "adm0_name": null, "adm0_name1": null, "adm0_name2": null, "adm0_name3": null, "adm0_pcode": null, "valid_on": "2025-01-01", "valid_to": null, "version": "v04", "name_lng": "en", "name_lng1": null, "name_lng2": null, "name_lng3": null }, "geometry": { "type": "Point", "coordinates": [ 36.57818628800004, 5.90679375000019 ] } },
{ "type": "Feature", "properties": { "adm_p_lvl": 3, "name": "Bidre", "name_1": null, "name_2": null, "name_3": null, "loc_pcode": null, "x_coord": 39.63871912, "y_coord": 5.91146498, "adm3_name": "Meda Welabu", "adm3_name1": null, "adm3_name2": null, "adm3_name3": null, "adm3_pcode": "ET042203", "adm2_name": "East Borena", "adm2_name1": null, "adm2_name2": null, "adm2_name3": null, "adm2_pcode": "ET0422", "adm1_name": "Oromia", "adm1_name1": null, "adm1_name2": null, "adm1_name3": null, "adm1_pcode": "ET04", "adm0_name": null, "adm0_name1": null, "adm0_name2": null, "adm0_name3": null, "adm0_pcode": null, "valid_on": "2025-01-01", "valid_to": null, "version": "v04", "name_lng": "en", "name_lng1": null, "name_lng2": null, "name_lng3": null }, "geometry": { "type": "Point", "coordinates": [ 39.63871911800004, 5.911464984000133 ] } },
{ "type": "Feature", "properties": { "adm_p_lvl": 3, "name": "Gedeb", "name_1": null, "name_2": null, "name_3": null, "loc_pcode": null, "x_coord": 38.252316, "y_coord": 5.901556, "adm3_name": "Gedeb town", "adm3_name1": null, "adm3_name2": null, "adm3_name3": null, "adm3_pcode": "ET081110", "adm2_name": "Gedeo", "adm2_name1": null, "adm2_name2": null, "adm2_name3": null, "adm2_pcode": "ET0811", "adm1_name": "South Ethiopia", "adm1_name1": null, "adm1_name2": null, "adm1_name3": null, "adm1_pcode": "ET08", "adm0_name": null, "adm0_name1": null, "adm0_name2": null, "adm0_name3": null, "adm0_pcode": null, "valid_on": "2025-01-01", "valid_to": null, "version": "v04", "name_lng": "en", "name_lng1": null, "name_lng2": null, "name_lng3": null }, "geometry": { "type": "Point", "coordinates": [ 38.252316000000178, 5.901556 ] } },
{ "type": "Feature", "properties": { "adm_p_lvl": 3, "name": "Hambela", "name_1": null, "name_2": null, "name_3": null, "loc_pcode": null, "x_coord": 38.42741464, "y_coord": 5.9938554, "adm3_name": "Hambela Wamena", "adm3_name1": null, "adm3_name2": null, "adm3_name3": null, "adm3_pcode": "ET041509", "adm2_name": "West Guji", "adm2_name1": null, "adm2_name2": null, "adm2_name3": null, "adm2_pcode": "ET0415", "adm1_name": "Oromia", "adm1_name1": null, "adm1_name2": null, "adm1_name3": null, "adm1_pcode": "ET04", "adm0_name": null, "adm0_name1": null, "adm0_name2": null, "adm0_name3": null, "adm0_pcode": null, "valid_on": "2025-01-01", "valid_to": null, "version": "v04", "name_lng": "en", "name_lng1": null, "name_lng2": null, "name_lng3": null }, "geometry": { "type": "Point", "coordinates": [ 38.427414644000066, 5.993855403000111 ] } },
{ "type": "Feature", "properties": { "adm_p_lvl": 3, "name": "Chelelektu", "name_1": null, "name_2": null, "name_3": null, "loc_pcode": null, "x_coord": 38.15198591, "y_coord": 5.99886261, "adm3_name": "Chelelektu town", "adm3_name1": null, "adm3_name2": null, "adm3_name3": null, "adm3_pcode": "ET081112", "adm2_name": "Gedeo", "adm2_name1": null, "adm2_name2": null, "adm2_name3": null, "adm2_pcode": "ET0811", "adm1_name": "South Ethiopia", "adm1_name1": null, "adm1_name2": null, "adm1_name3": null, "adm1_pcode": "ET08", "adm0_name": null, "adm0_name1": null, "adm0_name2": null, "adm0_name3": null, "adm0_pcode": null, "valid_on": "2025-01-01", "valid_to": null, "version": "v04", "name_lng": "en", "name_lng1": null, "name_lng2": null, "name_lng3": null }, "geometry": { "type": "Point", "coordinates": [ 38.151985908000086, 5.99886260500017 ] } },
{ "type": "Feature", "properties": { "adm_p_lvl": 3, "name": "Har Ad", "name_1": null, "name_2": null, "name_3": null, "loc_pcode": null, "x_coord": 44.4, "y_coord": 5.983333, "adm3_name": "Debeweyin", "adm3_name1": null, "adm3_name2": null, "adm3_name3": null, "adm3_pcode": "ET050504", "adm2_name": "Korahe", "adm2_name1": null, "adm2_name2": null, "adm2_name3": null, "adm2_pcode": "ET0505", "adm1_name": "Somali", "adm1_name1": null, "adm1_name2": null, "adm1_name3": null, "adm1_pcode": "ET05", "adm0_name": null, "adm0_name1": null, "adm0_name2": null, "adm0_name3": null, "adm0_pcode": null, "valid_on": "2025-01-01", "valid_to": null, "version": "v04", "name_lng": "en", "name_lng1": null, "name_lng2": null, "name_lng3": null }, "geometry": { "type": "Point", "coordinates": [ 44.4, 5.983333000000187 ] } },
{ "type": "Feature", "properties": { "adm_p_lvl": 2, "name": "Arba Minch", "name_1": null, "name_2": null, "name_3": null, "loc_pcode": null, "x_coord": 37.53800556, "y_coord": 6.01101944, "adm3_name": "Arba Minch town", "adm3_name1": null, "adm3_name2": null, "adm3_name3": null, "adm3_pcode": "ET080201", "adm2_name": "Gamo", "adm2_name1": null, "adm2_name2": null, "adm2_name3": null, "adm2_pcode": "ET0802", "adm1_name": "South Ethiopia", "adm1_name1": null, "adm1_name2": null, "adm1_name3": null, "adm1_pcode": "ET08", "adm0_name": null, "adm0_name1": null, "adm0_name2": null, "adm0_name3": null, "adm0_pcode": null, "valid_on": "2025-01-01", "valid_to": null, "version": "v04", "name_lng": "en", "name_lng1": null, "name_lng2": null, "name_lng3": null }, "geometry": { "type": "Point", "coordinates": [ 37.538005556000087, 6.011019444000169 ] } },
{ "type": "Feature", "properties": { "adm_p_lvl": 3, "name": "Elale", "name_1": null, "name_2": null, "name_3": null, "loc_pcode": null, "x_coord": 43.9067, "y_coord": 6.02167, "adm3_name": "Elale", "adm3_name1": null, "adm3_name2": null, "adm3_name3": null, "adm3_pcode": "ET050698", "adm2_name": "Shabelle", "adm2_name1": null, "adm2_name2": null, "adm2_name3": null, "adm2_pcode": "ET0506", "adm1_name": "Somali", "adm1_name1": null, "adm1_name2": null, "adm1_name3": null, "adm1_pcode": "ET05", "adm0_name": null, "adm0_name1": null, "adm0_name2": null, "adm0_name3": null, "adm0_pcode": null, "valid_on": "2025-01-01", "valid_to": null, "version": "v04", "name_lng": "en", "name_lng1": null, "name_lng2": null, "name_lng3": null }, "geometry": { "type": "Point", "coordinates": [ 43.906700000000114, 6.021670000000142 ] } },
{ "type": "Feature", "properties": { "adm_p_lvl": 3, "name": "Goro Bakaksa", "name_1": null, "name_2": null, "name_3": null, "loc_pcode": null, "x_coord": 41.34584427, "y_coord": 6.04740715, "adm3_name": "Goro Baqaqsa", "adm3_name1": null, "adm3_name2": null, "adm3_name3": null, "adm3_pcode": "ET050903", "adm2_name": "Liban", "adm2_name1": null, "adm2_name2": null, "adm2_name3": null, "adm2_pcode": "ET0509", "adm1_name": "Somali", "adm1_name1": null, "adm1_name2": null, "adm1_name3": null, "adm1_pcode": "ET05", "adm0_name": null, "adm0_name1": null, "adm0_name2": null, "adm0_name3": null, "adm0_pcode": null, "valid_on": "2025-01-01", "valid_to": null, "version": "v04", "name_lng": "en", "name_lng1": null, "name_lng2": null, "name_lng3": null }, "geometry": { "type": "Point", "coordinates": [ 41.345844269000054, 6.04740715000014 ] } },
{ "type": "Feature", "properties": { "adm_p_lvl": 3, "name": "Kemba", "name_1": null, "name_2": null, "name_3": null, "loc_pcode": null, "x_coord": 37.17292409, "y_coord": 6.0586966, "adm3_name": "Kemba town", "adm3_name1": null, "adm3_name2": null, "adm3_name3": null, "adm3_pcode": "ET080214", "adm2_name": "Gamo", "adm2_name1": null, "adm2_name2": null, "adm2_name3": null, "adm2_pcode": "ET0802", "adm1_name": "South Ethiopia", "adm1_name1": null, "adm1_name2": null, "adm1_name3": null, "adm1_pcode": "ET08", "adm0_name": null, "adm0_name1": null, "adm0_name2": null, "adm0_name3": null, "adm0_pcode": null, "valid_on": "2025-01-01", "valid_to": null, "version": "v04", "name_lng": "en", "name_lng1": null, "name_lng2": null, "name_lng3": null }, "geometry": { "type": "Point", "coordinates": [ 37.17292409300012, 6.05869659800004 ] } },
{ "type": "Feature", "properties": { "adm_p_lvl": 3, "name": "Beto", "name_1": null, "name_2": null, "name_3": null, "loc_pcode": null, "x_coord": 36.88135853, "y_coord": 6.05834283, "adm3_name": "Beto town", "adm3_name1": null, "adm3_name2": null, "adm3_name3": null, "adm3_pcode": "ET080301", "adm2_name": "Gofa", "adm2_name1": null, "adm2_name2": null, "adm2_name3": null, "adm2_pcode": "ET0803", "adm1_name": "South Ethiopia", "adm1_name1": null, "adm1_name2": null, "adm1_name3": null, "adm1_pcode": "ET08", "adm0_name": null, "adm0_name1": null, "adm0_name2": null, "adm0_name3": null, "adm0_pcode": null, "valid_on": "2025-01-01", "valid_to": null, "version": "v04", "name_lng": "en", "name_lng1": null, "name_lng2": null, "name_lng3": null }, "geometry": { "type": "Point", "coordinates": [ 36.881358529000067, 6.058342825000182 ] } },
{ "type": "Feature", "properties": { "adm_p_lvl": 3, "name": "Wib Hamer", "name_1": null, "name_2": null, "name_3": null, "loc_pcode": null, "x_coord": 36.58870967, "y_coord": 6.06095157, "adm3_name": "Wub Ari", "adm3_name1": null, "adm3_name2": null, "adm3_name3": null, "adm3_pcode": "ET080513", "adm2_name": "Ari", "adm2_name1": null, "adm2_name2": null, "adm2_name3": null, "adm2_pcode": "ET0805", "adm1_name": "South Ethiopia", "adm1_name1": null, "adm1_name2": null, "adm1_name3": null, "adm1_pcode": "ET08", "adm0_name": null, "adm0_name1": null, "adm0_name2": null, "adm0_name3": null, "adm0_pcode": null, "valid_on": "2025-01-01", "valid_to": null, "version": "v04", "name_lng": "en", "name_lng1": null, "name_lng2": null, "name_lng3": null }, "geometry": { "type": "Point", "coordinates": [ 36.588709673000039, 6.060951574000114 ] } },
{ "type": "Feature", "properties": { "adm_p_lvl": 3, "name": "Fiseha Genet", "name_1": null, "name_2": null, "name_3": null, "loc_pcode": null, "x_coord": 38.20058964, "y_coord": 6.07716811, "adm3_name": "Kochere", "adm3_name1": null, "adm3_name2": null, "adm3_name3": null, "adm3_pcode": "ET081103", "adm2_name": "Gedeo", "adm2_name1": null, "adm2_name2": null, "adm2_name3": null, "adm2_pcode": "ET0811", "adm1_name": "South Ethiopia", "adm1_name1": null, "adm1_name2": null, "adm1_name3": null, "adm1_pcode": "ET08", "adm0_name": null, "adm0_name1": null, "adm0_name2": null, "adm0_name3": null, "adm0_pcode": null, "valid_on": "2025-01-01", "valid_to": null, "version": "v04", "name_lng": "en", "name_lng1": null, "name_lng2": null, "name_lng3": null }, "geometry": { "type": "Point", "coordinates": [ 38.200589641000136, 6.077168106000045 ] } },
{ "type": "Feature", "properties": { "adm_p_lvl": 3, "name": "Haru Wachu", "name_1": null, "name_2": null, "name_3": null, "loc_pcode": null, "x_coord": 38.58980631, "y_coord": 6.09461206, "adm3_name": "Uraga", "adm3_name1": null, "adm3_name2": null, "adm3_name3": null, "adm3_pcode": "ET041401", "adm2_name": "Guji", "adm2_name1": null, "adm2_name2": null, "adm2_name3": null, "adm2_pcode": "ET0414", "adm1_name": "Oromia", "adm1_name1": null, "adm1_name2": null, "adm1_name3": null, "adm1_pcode": "ET04", "adm0_name": null, "adm0_name1": null, "adm0_name2": null, "adm0_name3": null, "adm0_pcode": null, "valid_on": "2025-01-01", "valid_to": null, "version": "v04", "name_lng": "en", "name_lng1": null, "name_lng2": null, "name_lng3": null }, "geometry": { "type": "Point", "coordinates": [ 38.589806311000189, 6.094612059000156 ] } },
{ "type": "Feature", "properties": { "adm_p_lvl": 3, "name": "Berocano", "name_1": null, "name_2": null, "name_3": null, "loc_pcode": null, "x_coord": 43.21951, "y_coord": 6.09892, "adm3_name": "Berocano", "adm3_name1": null, "adm3_name2": null, "adm3_name3": null, "adm3_pcode": "ET050608", "adm2_name": "Shabelle", "adm2_name1": null, "adm2_name2": null, "adm2_name3": null, "adm2_pcode": "ET0506", "adm1_name": "Somali", "adm1_name1": null, "adm1_name2": null, "adm1_name3": null, "adm1_pcode": "ET05", "adm0_name": null, "adm0_name1": null, "adm0_name2": null, "adm0_name3": null, "adm0_pcode": null, "valid_on": "2025-01-01", "valid_to": null, "version": "v04", "name_lng": "en", "name_lng1": null, "name_lng2": null, "name_lng3": null }, "geometry": { "type": "Point", "coordinates": [ 43.219510000000128, 6.09892 ] } },
{ "type": "Feature", "properties": { "adm_p_lvl": 3, "name": "Haranfema", "name_1": null, "name_2": null, "name_3": null, "loc_pcode": null, "x_coord": 39.09466173, "y_coord": 6.11672506, "adm3_name": "Girja /Harenfema", "adm3_name1": null, "adm3_name2": null, "adm3_name3": null, "adm3_pcode": "ET041410", "adm2_name": "Guji", "adm2_name1": null, "adm2_name2": null, "adm2_name3": null, "adm2_pcode": "ET0414", "adm1_name": "Oromia", "adm1_name1": null, "adm1_name2": null, "adm1_name3": null, "adm1_pcode": "ET04", "adm0_name": null, "adm0_name1": null, "adm0_name2": null, "adm0_name3": null, "adm0_pcode": null, "valid_on": "2025-01-01", "valid_to": null, "version": "v04", "name_lng": "en", "name_lng1": null, "name_lng2": null, "name_lng3": null }, "geometry": { "type": "Point", "coordinates": [ 39.094661730999974, 6.116725061000125 ] } },
{ "type": "Feature", "properties": { "adm_p_lvl": 3, "name": "Shilabo", "name_1": null, "name_2": null, "name_3": null, "loc_pcode": null, "x_coord": 44.76628742, "y_coord": 6.09173345, "adm3_name": "Shilabo", "adm3_name1": null, "adm3_name2": null, "adm3_name3": null, "adm3_pcode": "ET050503", "adm2_name": "Korahe", "adm2_name1": null, "adm2_name2": null, "adm2_name3": null, "adm2_pcode": "ET0505", "adm1_name": "Somali", "adm1_name1": null, "adm1_name2": null, "adm1_name3": null, "adm1_pcode": "ET05", "adm0_name": null, "adm0_name1": null, "adm0_name2": null, "adm0_name3": null, "adm0_pcode": null, "valid_on": "2025-01-01", "valid_to": null, "version": "v04", "name_lng": "en", "name_lng1": null, "name_lng2": null, "name_lng3": null }, "geometry": { "type": "Point", "coordinates": [ 44.766287415000136, 6.091733449000174 ] } },
{ "type": "Feature", "properties": { "adm_p_lvl": 3, "name": "Yirgachefe", "name_1": null, "name_2": null, "name_3": null, "loc_pcode": null, "x_coord": 38.20300698, "y_coord": 6.16141348, "adm3_name": "Yirgachefe town", "adm3_name1": null, "adm3_name2": null, "adm3_name3": null, "adm3_pcode": "ET081111", "adm2_name": "Gedeo", "adm2_name1": null, "adm2_name2": null, "adm2_name3": null, "adm2_pcode": "ET0811", "adm1_name": "South Ethiopia", "adm1_name1": null, "adm1_name2": null, "adm1_name3": null, "adm1_pcode": "ET08", "adm0_name": null, "adm0_name1": null, "adm0_name2": null, "adm0_name3": null, "adm0_pcode": null, "valid_on": "2025-01-01", "valid_to": null, "version": "v04", "name_lng": "en", "name_lng1": null, "name_lng2": null, "name_lng3": null }, "geometry": { "type": "Point", "coordinates": [ 38.203006979000179, 6.161413482000114 ] } },
{ "type": "Feature", "properties": { "adm_p_lvl": 3, "name": "Gelela", "name_1": null, "name_2": null, "name_3": null, "loc_pcode": null, "x_coord": 36.66221331, "y_coord": 6.18026834, "adm3_name": "Gelila town", "adm3_name1": null, "adm3_name2": null, "adm3_name3": null, "adm3_pcode": "ET080504", "adm2_name": "Ari", "adm2_name1": null, "adm2_name2": null, "adm2_name3": null, "adm2_pcode": "ET0805", "adm1_name": "South Ethiopia", "adm1_name1": null, "adm1_name2": null, "adm1_name3": null, "adm1_pcode": "ET08", "adm0_name": null, "adm0_name1": null, "adm0_name2": null, "adm0_name3": null, "adm0_pcode": null, "valid_on": "2025-01-01", "valid_to": null, "version": "v04", "name_lng": "en", "name_lng1": null, "name_lng2": null, "name_lng3": null }, "geometry": { "type": "Point", "coordinates": [ 36.66221330500008, 6.180268335000051 ] } },
{ "type": "Feature", "properties": { "adm_p_lvl": 3, "name": "Yirba Moda", "name_1": null, "name_2": null, "name_3": null, "loc_pcode": null, "x_coord": 38.70766056, "y_coord": 6.21017779, "adm3_name": "Ana Sora", "adm3_name1": null, "adm3_name2": null, "adm3_name3": null, "adm3_pcode": "ET041411", "adm2_name": "Guji", "adm2_name1": null, "adm2_name2": null, "adm2_name3": null, "adm2_pcode": "ET0414", "adm1_name": "Oromia", "adm1_name1": null, "adm1_name2": null, "adm1_name3": null, "adm1_pcode": "ET04", "adm0_name": null, "adm0_name1": null, "adm0_name2": null, "adm0_name3": null, "adm0_pcode": null, "valid_on": "2025-01-01", "valid_to": null, "version": "v04", "name_lng": "en", "name_lng1": null, "name_lng2": null, "name_lng3": null }, "geometry": { "type": "Point", "coordinates": [ 38.707660564000093, 6.210177786000031 ] } },
{ "type": "Feature", "properties": { "adm_p_lvl": 3, "name": "Repe", "name_1": null, "name_2": null, "name_3": null, "loc_pcode": null, "x_coord": 38.31486535, "y_coord": 6.21392705, "adm3_name": "Rape", "adm3_name1": null, "adm3_name2": null, "adm3_name3": null, "adm3_pcode": "ET081107", "adm2_name": "Gedeo", "adm2_name1": null, "adm2_name2": null, "adm2_name3": null, "adm2_pcode": "ET0811", "adm1_name": "South Ethiopia", "adm1_name1": null, "adm1_name2": null, "adm1_name3": null, "adm1_pcode": "ET08", "adm0_name": null, "adm0_name1": null, "adm0_name2": null, "adm0_name3": null, "adm0_pcode": null, "valid_on": "2025-01-01", "valid_to": null, "version": "v04", "name_lng": "en", "name_lng1": null, "name_lng2": null, "name_lng3": null }, "geometry": { "type": "Point", "coordinates": [ 38.314865352000083, 6.213927045000048 ] } },
{ "type": "Feature", "properties": { "adm_p_lvl": 3, "name": "Shifete", "name_1": null, "name_2": null, "name_3": null, "loc_pcode": null, "x_coord": 36.844715, "y_coord": 6.22667322, "adm3_name": "O'yida", "adm3_name1": null, "adm3_name2": null, "adm3_name3": null, "adm3_pcode": "ET080308", "adm2_name": "Gofa", "adm2_name1": null, "adm2_name2": null, "adm2_name3": null, "adm2_pcode": "ET0803", "adm1_name": "South Ethiopia", "adm1_name1": null, "adm1_name2": null, "adm1_name3": null, "adm1_pcode": "ET08", "adm0_name": null, "adm0_name1": null, "adm0_name2": null, "adm0_name3": null, "adm0_pcode": null, "valid_on": "2025-01-01", "valid_to": null, "version": "v04", "name_lng": "en", "name_lng1": null, "name_lng2": null, "name_lng3": null }, "geometry": { "type": "Point", "coordinates": [ 36.844714995000061, 6.226673216000108 ] } },
{ "type": "Feature", "properties": { "adm_p_lvl": 3, "name": "Girja", "name_1": null, "name_2": null, "name_3": null, "loc_pcode": null, "x_coord": 38.93461609, "y_coord": 6.24414826, "adm3_name": "Hokko", "adm3_name1": null, "adm3_name2": null, "adm3_name3": null, "adm3_pcode": "ET160031", "adm2_name": "Sidama", "adm2_name1": null, "adm2_name2": null, "adm2_name3": null, "adm2_pcode": "ET1600", "adm1_name": "Sidama", "adm1_name1": null, "adm1_name2": null, "adm1_name3": null, "adm1_pcode": "ET16", "adm0_name": null, "adm0_name1": null, "adm0_name2": null, "adm0_name3": null, "adm0_pcode": null, "valid_on": "2025-01-01", "valid_to": null, "version": "v04", "name_lng": "en", "name_lng1": null, "name_lng2": null, "name_lng3": null }, "geometry": { "type": "Point", "coordinates": [ 38.934616089000144, 6.244148255000141 ] } },
{ "type": "Feature", "properties": { "adm_p_lvl": 3, "name": "Raso", "name_1": null, "name_2": null, "name_3": null, "loc_pcode": null, "x_coord": 41.79485, "y_coord": 6.54394, "adm3_name": "Raso", "adm3_name1": null, "adm3_name2": null, "adm3_name3": null, "adm3_pcode": "ET050809", "adm2_name": "Afder", "adm2_name1": null, "adm2_name2": null, "adm2_name3": null, "adm2_pcode": "ET0508", "adm1_name": "Somali", "adm1_name1": null, "adm1_name2": null, "adm1_name3": null, "adm1_pcode": "ET05", "adm0_name": null, "adm0_name1": null, "adm0_name2": null, "adm0_name3": null, "adm0_pcode": null, "valid_on": "2025-01-01", "valid_to": null, "version": "v04", "name_lng": "en", "name_lng1": null, "name_lng2": null, "name_lng3": null }, "geometry": { "type": "Point", "coordinates": [ 41.79485000000011, 6.54394 ] } },
{ "type": "Feature", "properties": { "adm_p_lvl": 3, "name": "Ezo", "name_1": null, "name_2": null, "name_3": null, "loc_pcode": null, "x_coord": 37.59589299, "y_coord": 6.35086962, "adm3_name": "Kogota /Ezo", "adm3_name1": null, "adm3_name2": null, "adm3_name3": null, "adm3_pcode": "ET080216", "adm2_name": "Gamo", "adm2_name1": null, "adm2_name2": null, "adm2_name3": null, "adm2_pcode": "ET0802", "adm1_name": "South Ethiopia", "adm1_name1": null, "adm1_name2": null, "adm1_name3": null, "adm1_pcode": "ET08", "adm0_name": null, "adm0_name1": null, "adm0_name2": null, "adm0_name3": null, "adm0_pcode": null, "valid_on": "2025-01-01", "valid_to": null, "version": "v04", "name_lng": "en", "name_lng1": null, "name_lng2": null, "name_lng3": null }, "geometry": { "type": "Point", "coordinates": [ 37.595892992000131, 6.350869622000118 ] } },
{ "type": "Feature", "properties": { "adm_p_lvl": 3, "name": "Gwangwa", "name_1": null, "name_2": null, "name_3": null, "loc_pcode": null, "x_coord": 38.28355489, "y_coord": 6.35707235, "adm3_name": "Abaya", "adm3_name1": null, "adm3_name2": null, "adm3_name3": null, "adm3_pcode": "ET041513", "adm2_name": "West Guji", "adm2_name1": null, "adm2_name2": null, "adm2_name3": null, "adm2_pcode": "ET0415", "adm1_name": "Oromia", "adm1_name1": null, "adm1_name2": null, "adm1_name3": null, "adm1_pcode": "ET04", "adm0_name": null, "adm0_name1": null, "adm0_name2": null, "adm0_name3": null, "adm0_pcode": null, "valid_on": "2025-01-01", "valid_to": null, "version": "v04", "name_lng": "en", "name_lng1": null, "name_lng2": null, "name_lng3": null }, "geometry": { "type": "Point", "coordinates": [ 38.283554894000076, 6.357072350000124 ] } },
{ "type": "Feature", "properties": { "adm_p_lvl": 3, "name": "Bore", "name_1": null, "name_2": null, "name_3": null, "loc_pcode": null, "x_coord": 38.62027, "y_coord": 6.365545, "adm3_name": "Bore", "adm3_name1": null, "adm3_name2": null, "adm3_name3": null, "adm3_pcode": "ET041402", "adm2_name": "Guji", "adm2_name1": null, "adm2_name2": null, "adm2_name3": null, "adm2_pcode": "ET0414", "adm1_name": "Oromia", "adm1_name1": null, "adm1_name2": null, "adm1_name3": null, "adm1_pcode": "ET04", "adm0_name": null, "adm0_name1": null, "adm0_name2": null, "adm0_name3": null, "adm0_pcode": null, "valid_on": "2025-01-01", "valid_to": null, "version": "v04", "name_lng": "en", "name_lng1": null, "name_lng2": null, "name_lng3": null }, "geometry": { "type": "Point", "coordinates": [ 38.620270000000176, 6.365545 ] } },
{ "type": "Feature", "properties": { "adm_p_lvl": 3, "name": "Mejo", "name_1": null, "name_2": null, "name_3": null, "loc_pcode": null, "x_coord": 38.95548248, "y_coord": 6.37439823, "adm3_name": "Aroresa", "adm3_name1": null, "adm3_name2": null, "adm3_name3": null, "adm3_pcode": "ET160009", "adm2_name": "Sidama", "adm2_name1": null, "adm2_name2": null, "adm2_name3": null, "adm2_pcode": "ET1600", "adm1_name": "Sidama", "adm1_name1": null, "adm1_name2": null, "adm1_name3": null, "adm1_pcode": "ET16", "adm0_name": null, "adm0_name1": null, "adm0_name2": null, "adm0_name3": null, "adm0_pcode": null, "valid_on": "2025-01-01", "valid_to": null, "version": "v04", "name_lng": "en", "name_lng1": null, "name_lng2": null, "name_lng3": null }, "geometry": { "type": "Point", "coordinates": [ 38.955482483000026, 6.374398231999976 ] } },
{ "type": "Feature", "properties": { "adm_p_lvl": 3, "name": "Angetu", "name_1": null, "name_2": null, "name_3": null, "loc_pcode": null, "x_coord": 39.58716202, "y_coord": 6.40510416, "adm3_name": "Harena Buluk", "adm3_name1": null, "adm3_name2": null, "adm3_name3": null, "adm3_pcode": "ET041111", "adm2_name": "Bale", "adm2_name1": null, "adm2_name2": null, "adm2_name3": null, "adm2_pcode": "ET0411", "adm1_name": "Oromia", "adm1_name1": null, "adm1_name2": null, "adm1_name3": null, "adm1_pcode": "ET04", "adm0_name": null, "adm0_name1": null, "adm0_name2": null, "adm0_name3": null, "adm0_pcode": null, "valid_on": "2025-01-01", "valid_to": null, "version": "v04", "name_lng": "en", "name_lng1": null, "name_lng2": null, "name_lng3": null }, "geometry": { "type": "Point", "coordinates": [ 39.587162018000129, 6.405104161000168 ] } },
{ "type": "Feature", "properties": { "adm_p_lvl": 2, "name": "Dila", "name_1": null, "name_2": null, "name_3": null, "loc_pcode": null, "x_coord": 38.31179471, "y_coord": 6.40634634, "adm3_name": "Dila town", "adm3_name1": null, "adm3_name2": null, "adm3_name3": null, "adm3_pcode": "ET081109", "adm2_name": "Gedeo", "adm2_name1": null, "adm2_name2": null, "adm2_name3": null, "adm2_pcode": "ET0811", "adm1_name": "South Ethiopia", "adm1_name1": null, "adm1_name2": null, "adm1_name3": null, "adm1_pcode": "ET08", "adm0_name": null, "adm0_name1": null, "adm0_name2": null, "adm0_name3": null, "adm0_pcode": null, "valid_on": "2025-01-01", "valid_to": null, "version": "v04", "name_lng": "en", "name_lng1": null, "name_lng2": null, "name_lng3": null }, "geometry": { "type": "Point", "coordinates": [ 38.311794713000154, 6.406346343000109 ] } },
{ "type": "Feature", "properties": { "adm_p_lvl": 3, "name": "Delo Mena", "name_1": null, "name_2": null, "name_3": null, "loc_pcode": null, "x_coord": 39.84867106, "y_coord": 6.41289263, "adm3_name": "Mena (Bale)", "adm3_name1": null, "adm3_name2": null, "adm3_name3": null, "adm3_pcode": "ET041112", "adm2_name": "Bale", "adm2_name1": null, "adm2_name2": null, "adm2_name3": null, "adm2_pcode": "ET0411", "adm1_name": "Oromia", "adm1_name1": null, "adm1_name2": null, "adm1_name3": null, "adm1_pcode": "ET04", "adm0_name": null, "adm0_name1": null, "adm0_name2": null, "adm0_name3": null, "adm0_pcode": null, "valid_on": "2025-01-01", "valid_to": null, "version": "v04", "name_lng": "en", "name_lng1": null, "name_lng2": null, "name_lng3": null }, "geometry": { "type": "Point", "coordinates": [ 39.84867106400003, 6.412892629000112 ] } },
{ "type": "Feature", "properties": { "adm_p_lvl": 3, "name": "Chebe", "name_1": null, "name_2": null, "name_3": null, "loc_pcode": null, "x_coord": 38.85571897, "y_coord": 6.42603653, "adm3_name": "Chabe Gambeltu", "adm3_name1": null, "adm3_name2": null, "adm3_name3": null, "adm3_pcode": "ET160029", "adm2_name": "Sidama", "adm2_name1": null, "adm2_name2": null, "adm2_name3": null, "adm2_pcode": "ET1600", "adm1_name": "Sidama", "adm1_name1": null, "adm1_name2": null, "adm1_name3": null, "adm1_pcode": "ET16", "adm0_name": null, "adm0_name1": null, "adm0_name2": null, "adm0_name3": null, "adm0_pcode": null, "valid_on": "2025-01-01", "valid_to": null, "version": "v04", "name_lng": "en", "name_lng1": null, "name_lng2": null, "name_lng3": null }, "geometry": { "type": "Point", "coordinates": [ 38.855718971000101, 6.426036534000104 ] } },
{ "type": "Feature", "properties": { "adm_p_lvl": 3, "name": "West Imi", "name_1": null, "name_2": null, "name_3": null, "loc_pcode": null, "x_coord": 42.13831341, "y_coord": 6.45727985, "adm3_name": "West Imi", "adm3_name1": null, "adm3_name2": null, "adm3_name3": null, "adm3_pcode": "ET050805", "adm2_name": "Afder", "adm2_name1": null, "adm2_name2": null, "adm2_name3": null, "adm2_pcode": "ET0508", "adm1_name": "Somali", "adm1_name1": null, "adm1_name2": null, "adm1_name3": null, "adm1_pcode": "ET05", "adm0_name": null, "adm0_name1": null, "adm0_name2": null, "adm0_name3": null, "adm0_pcode": null, "valid_on": "2025-01-01", "valid_to": null, "version": "v04", "name_lng": "en", "name_lng1": null, "name_lng2": null, "name_lng3": null }, "geometry": { "type": "Point", "coordinates": [ 42.138313408000101, 6.457279848000042 ] } },
{ "type": "Feature", "properties": { "adm_p_lvl": 3, "name": "East Imi", "name_1": null, "name_2": null, "name_3": null, "loc_pcode": null, "x_coord": 42.17520045, "y_coord": 6.46456739, "adm3_name": "East Imi", "adm3_name1": null, "adm3_name2": null, "adm3_name3": null, "adm3_pcode": "ET050601", "adm2_name": "Shabelle", "adm2_name1": null, "adm2_name2": null, "adm2_name3": null, "adm2_pcode": "ET0506", "adm1_name": "Somali", "adm1_name1": null, "adm1_name2": null, "adm1_name3": null, "adm1_pcode": "ET05", "adm0_name": null, "adm0_name1": null, "adm0_name2": null, "adm0_name3": null, "adm0_pcode": null, "valid_on": "2025-01-01", "valid_to": null, "version": "v04", "name_lng": "en", "name_lng1": null, "name_lng2": null, "name_lng3": null }, "geometry": { "type": "Point", "coordinates": [ 42.175200454000162, 6.464567394000085 ] } },
{ "type": "Feature", "properties": { "adm_p_lvl": 3, "name": "Zefine", "name_1": null, "name_2": null, "name_3": null, "loc_pcode": null, "x_coord": 37.63250238, "y_coord": 6.47021532, "adm3_name": "Boreda", "adm3_name1": null, "adm3_name2": null, "adm3_name3": null, "adm3_pcode": "ET080205", "adm2_name": "Gamo", "adm2_name1": null, "adm2_name2": null, "adm2_name3": null, "adm2_pcode": "ET0802", "adm1_name": "South Ethiopia", "adm1_name1": null, "adm1_name2": null, "adm1_name3": null, "adm1_pcode": "ET08", "adm0_name": null, "adm0_name1": null, "adm0_name2": null, "adm0_name3": null, "adm0_pcode": null, "valid_on": "2025-01-01", "valid_to": null, "version": "v04", "name_lng": "en", "name_lng1": null, "name_lng2": null, "name_lng3": null }, "geometry": { "type": "Point", "coordinates": [ 37.63250238300003, 6.470215317000168 ] } },
{ "type": "Feature", "properties": { "adm_p_lvl": 3, "name": "Nuraqua", "name_1": null, "name_2": null, "name_3": null, "loc_pcode": null, "x_coord": 38.97903808, "y_coord": 13.02894104, "adm3_name": "Abergele (AM)", "adm3_name1": null, "adm3_name2": null, "adm3_name3": null, "adm3_pcode": "ET030805", "adm2_name": "Wag Hamra", "adm2_name1": null, "adm2_name2": null, "adm2_name3": null, "adm2_pcode": "ET0308", "adm1_name": "Amhara", "adm1_name1": null, "adm1_name2": null, "adm1_name3": null, "adm1_pcode": "ET03", "adm0_name": null, "adm0_name1": null, "adm0_name2": null, "adm0_name3": null, "adm0_pcode": null, "valid_on": "2025-01-01", "valid_to": null, "version": "v04", "name_lng": "en", "name_lng1": null, "name_lng2": null, "name_lng3": null }, "geometry": { "type": "Point", "coordinates": [ 38.979038081000169, 13.028941041000053 ] } },
{ "type": "Feature", "properties": { "adm_p_lvl": 3, "name": "Teltele", "name_1": null, "name_2": null, "name_3": null, "loc_pcode": null, "x_coord": 37.38378631, "y_coord": 5.06500114, "adm3_name": "Teltale", "adm3_name1": null, "adm3_name2": null, "adm3_name3": null, "adm3_pcode": "ET041212", "adm2_name": "Borena", "adm2_name1": null, "adm2_name2": null, "adm2_name3": null, "adm2_pcode": "ET0412", "adm1_name": "Oromia", "adm1_name1": null, "adm1_name2": null, "adm1_name3": null, "adm1_pcode": "ET04", "adm0_name": null, "adm0_name1": null, "adm0_name2": null, "adm0_name3": null, "adm0_pcode": null, "valid_on": "2025-01-01", "valid_to": null, "version": "v04", "name_lng": "en", "name_lng1": null, "name_lng2": null, "name_lng3": null }, "geometry": { "type": "Point", "coordinates": [ 37.383786313000087, 5.065001139000117 ] } },
{ "type": "Feature", "properties": { "adm_p_lvl": 3, "name": "Mustahil", "name_1": null, "name_2": null, "name_3": null, "loc_pcode": null, "x_coord": 44.732571, "y_coord": 5.24321, "adm3_name": "Mustahil", "adm3_name1": null, "adm3_name2": null, "adm3_name3": null, "adm3_pcode": "ET050606", "adm2_name": "Shabelle", "adm2_name1": null, "adm2_name2": null, "adm2_name3": null, "adm2_pcode": "ET0506", "adm1_name": "Somali", "adm1_name1": null, "adm1_name2": null, "adm1_name3": null, "adm1_pcode": "ET05", "adm0_name": null, "adm0_name1": null, "adm0_name2": null, "adm0_name3": null, "adm0_pcode": null, "valid_on": "2025-01-01", "valid_to": null, "version": "v04", "name_lng": "en", "name_lng1": null, "name_lng2": null, "name_lng3": null }, "geometry": { "type": "Point", "coordinates": [ 44.732571000000121, 5.24321 ] } },
{ "type": "Feature", "properties": { "adm_p_lvl": 3, "name": "Fasha", "name_1": null, "name_2": null, "name_3": null, "loc_pcode": null, "x_coord": 37.36860815, "y_coord": 5.2838175, "adm3_name": "Kena", "adm3_name1": null, "adm3_name2": null, "adm3_name3": null, "adm3_pcode": "ET080901", "adm2_name": "Konso", "adm2_name1": null, "adm2_name2": null, "adm2_name3": null, "adm2_pcode": "ET0809", "adm1_name": "South Ethiopia", "adm1_name1": null, "adm1_name2": null, "adm1_name3": null, "adm1_pcode": "ET08", "adm0_name": null, "adm0_name1": null, "adm0_name2": null, "adm0_name3": null, "adm0_pcode": null, "valid_on": "2025-01-01", "valid_to": null, "version": "v04", "name_lng": "en", "name_lng1": null, "name_lng2": null, "name_lng3": null }, "geometry": { "type": "Point", "coordinates": [ 37.368608148000078, 5.283817500000168 ] } },
{ "type": "Feature", "properties": { "adm_p_lvl": 3, "name": "Kolme", "name_1": null, "name_2": null, "name_3": null, "loc_pcode": null, "x_coord": 37.25709543, "y_coord": 5.31832295, "adm3_name": "Kolme", "adm3_name1": null, "adm3_name2": null, "adm3_name3": null, "adm3_pcode": "ET080905", "adm2_name": "Konso", "adm2_name1": null, "adm2_name2": null, "adm2_name3": null, "adm2_pcode": "ET0809", "adm1_name": "South Ethiopia", "adm1_name1": null, "adm1_name2": null, "adm1_name3": null, "adm1_pcode": "ET08", "adm0_name": null, "adm0_name1": null, "adm0_name2": null, "adm0_name3": null, "adm0_pcode": null, "valid_on": "2025-01-01", "valid_to": null, "version": "v04", "name_lng": "en", "name_lng1": null, "name_lng2": null, "name_lng3": null }, "geometry": { "type": "Point", "coordinates": [ 37.257095426000035, 5.318322948000173 ] } },
{ "type": "Feature", "properties": { "adm_p_lvl": 2, "name": "Karat", "name_1": null, "name_2": null, "name_3": null, "loc_pcode": null, "x_coord": 37.44181181, "y_coord": 5.33969779, "adm3_name": "Karat town", "adm3_name1": null, "adm3_name2": null, "adm3_name3": null, "adm3_pcode": "ET080903", "adm2_name": "Konso", "adm2_name1": null, "adm2_name2": null, "adm2_name3": null, "adm2_pcode": "ET0809", "adm1_name": "South Ethiopia", "adm1_name1": null, "adm1_name2": null, "adm1_name3": null, "adm1_pcode": "ET08", "adm0_name": null, "adm0_name1": null, "adm0_name2": null, "adm0_name3": null, "adm0_pcode": null, "valid_on": "2025-01-01", "valid_to": null, "version": "v04", "name_lng": "en", "name_lng1": null, "name_lng2": null, "name_lng3": null }, "geometry": { "type": "Point", "coordinates": [ 37.441811809, 5.339697785000112 ] } },
{ "type": "Feature", "properties": { "adm_p_lvl": 2, "name": "Negele", "name_1": null, "name_2": null, "name_3": null, "loc_pcode": null, "x_coord": 39.57624685, "y_coord": 5.33589617, "adm3_name": "Negele town", "adm3_name1": null, "adm3_name2": null, "adm3_name3": null, "adm3_pcode": "ET042201", "adm2_name": "East Borena", "adm2_name1": null, "adm2_name2": null, "adm2_name3": null, "adm2_pcode": "ET0422", "adm1_name": "Oromia", "adm1_name1": null, "adm1_name2": null, "adm1_name3": null, "adm1_pcode": "ET04", "adm0_name": null, "adm0_name1": null, "adm0_name2": null, "adm0_name3": null, "adm0_pcode": null, "valid_on": "2025-01-01", "valid_to": null, "version": "v04", "name_lng": "en", "name_lng1": null, "name_lng2": null, "name_lng3": null }, "geometry": { "type": "Point", "coordinates": [ 39.576246850000075, 5.335896166000055 ] } },
{ "type": "Feature", "properties": { "adm_p_lvl": 3, "name": "Charati", "name_1": null, "name_2": null, "name_3": null, "loc_pcode": null, "x_coord": 41.88245785, "y_coord": 5.33667365, "adm3_name": "Charati", "adm3_name1": null, "adm3_name2": null, "adm3_name3": null, "adm3_pcode": "ET050802", "adm2_name": "Afder", "adm2_name1": null, "adm2_name2": null, "adm2_name3": null, "adm2_pcode": "ET0508", "adm1_name": "Somali", "adm1_name1": null, "adm1_name2": null, "adm1_name3": null, "adm1_pcode": "ET05", "adm0_name": null, "adm0_name1": null, "adm0_name2": null, "adm0_name3": null, "adm0_pcode": null, "valid_on": "2025-01-01", "valid_to": null, "version": "v04", "name_lng": "en", "name_lng1": null, "name_lng2": null, "name_lng3": null }, "geometry": { "type": "Point", "coordinates": [ 41.882457848000058, 5.336673646000065 ] } },
{ "type": "Feature", "properties": { "adm_p_lvl": 3, "name": "Shakiso", "name_1": null, "name_2": null, "name_3": null, "loc_pcode": null, "x_coord": 38.89594263, "y_coord": 5.76334658, "adm3_name": "Shakiso town", "adm3_name1": null, "adm3_name2": null, "adm3_name3": null, "adm3_pcode": "ET041499", "adm2_name": "Guji", "adm2_name1": null, "adm2_name2": null, "adm2_name3": null, "adm2_pcode": "ET0414", "adm1_name": "Oromia", "adm1_name1": null, "adm1_name2": null, "adm1_name3": null, "adm1_pcode": "ET04", "adm0_name": null, "adm0_name1": null, "adm0_name2": null, "adm0_name3": null, "adm0_pcode": null, "valid_on": "2025-01-01", "valid_to": null, "version": "v04", "name_lng": "en", "name_lng1": null, "name_lng2": null, "name_lng3": null }, "geometry": { "type": "Point", "coordinates": [ 38.895942631000025, 5.763346582000054 ] } },
{ "type": "Feature", "properties": { "adm_p_lvl": 3, "name": "Kercha", "name_1": null, "name_2": null, "name_3": null, "loc_pcode": null, "x_coord": 38.40623371, "y_coord": 5.78052647, "adm3_name": "Kercha town", "adm3_name1": null, "adm3_name2": null, "adm3_name3": null, "adm3_pcode": "ET041503", "adm2_name": "West Guji", "adm2_name1": null, "adm2_name2": null, "adm2_name3": null, "adm2_pcode": "ET0415", "adm1_name": "Oromia", "adm1_name1": null, "adm1_name2": null, "adm1_name3": null, "adm1_pcode": "ET04", "adm0_name": null, "adm0_name1": null, "adm0_name2": null, "adm0_name3": null, "adm0_pcode": null, "valid_on": "2025-01-01", "valid_to": null, "version": "v04", "name_lng": "en", "name_lng1": null, "name_lng2": null, "name_lng3": null }, "geometry": { "type": "Point", "coordinates": [ 38.40623371200013, 5.78052646500015 ] } },
{ "type": "Feature", "properties": { "adm_p_lvl": 3, "name": "Wadera", "name_1": null, "name_2": null, "name_3": null, "loc_pcode": null, "x_coord": 39.30603, "y_coord": 5.7796, "adm3_name": "Wadera", "adm3_name1": null, "adm3_name2": null, "adm3_name3": null, "adm3_pcode": "ET041404", "adm2_name": "Guji", "adm2_name1": null, "adm2_name2": null, "adm2_name3": null, "adm2_pcode": "ET0414", "adm1_name": "Oromia", "adm1_name1": null, "adm1_name2": null, "adm1_name3": null, "adm1_pcode": "ET04", "adm0_name": null, "adm0_name1": null, "adm0_name2": null, "adm0_name3": null, "adm0_pcode": null, "valid_on": "2025-01-01", "valid_to": null, "version": "v04", "name_lng": "en", "name_lng1": null, "name_lng2": null, "name_lng3": null }, "geometry": { "type": "Point", "coordinates": [ 39.306030000000192, 5.77960000000013 ] } },
{ "type": "Feature", "properties": { "adm_p_lvl": 3, "name": "Higlooley", "name_1": null, "name_2": null, "name_3": null, "loc_pcode": null, "x_coord": 44.57050489, "y_coord": 5.75440306, "adm3_name": "Higloley", "adm3_name1": null, "adm3_name2": null, "adm3_name3": null, "adm3_pcode": "ET050597", "adm2_name": "Korahe", "adm2_name1": null, "adm2_name2": null, "adm2_name3": null, "adm2_pcode": "ET0505", "adm1_name": "Somali", "adm1_name1": null, "adm1_name2": null, "adm1_name3": null, "adm1_pcode": "ET05", "adm0_name": null, "adm0_name1": null, "adm0_name2": null, "adm0_name3": null, "adm0_pcode": null, "valid_on": "2025-01-01", "valid_to": null, "version": "v04", "name_lng": "en", "name_lng1": null, "name_lng2": null, "name_lng3": null }, "geometry": { "type": "Point", "coordinates": [ 44.570504894000067, 5.754403064000087 ] } },
{ "type": "Feature", "properties": { "adm_p_lvl": 2, "name": "Jinka", "name_1": null, "name_2": null, "name_3": null, "loc_pcode": null, "x_coord": 36.5656366, "y_coord": 5.7861895, "adm3_name": "Jinka town", "adm3_name1": null, "adm3_name2": null, "adm3_name3": null, "adm3_pcode": "ET080506", "adm2_name": "Ari", "adm2_name1": null, "adm2_name2": null, "adm2_name3": null, "adm2_pcode": "ET0805", "adm1_name": "South Ethiopia", "adm1_name1": null, "adm1_name2": null, "adm1_name3": null, "adm1_pcode": "ET08", "adm0_name": null, "adm0_name1": null, "adm0_name2": null, "adm0_name3": null, "adm0_pcode": null, "valid_on": "2025-01-01", "valid_to": null, "version": "v04", "name_lng": "en", "name_lng1": null, "name_lng2": null, "name_lng3": null }, "geometry": { "type": "Point", "coordinates": [ 36.565636599000015, 5.786189501000081 ] } },
{ "type": "Feature", "properties": { "adm_p_lvl": 2, "name": "Kele", "name_1": null, "name_2": null, "name_3": null, "loc_pcode": null, "x_coord": 37.89735237, "y_coord": 5.83446203, "adm3_name": "Kele town", "adm3_name1": null, "adm3_name2": null, "adm3_name3": null, "adm3_pcode": "ET080802", "adm2_name": "Amaro", "adm2_name1": null, "adm2_name2": null, "adm2_name3": null, "adm2_pcode": "ET0808", "adm1_name": "South Ethiopia", "adm1_name1": null, "adm1_name2": null, "adm1_name3": null, "adm1_pcode": "ET08", "adm0_name": null, "adm0_name1": null, "adm0_name2": null, "adm0_name3": null, "adm0_pcode": null, "valid_on": "2025-01-01", "valid_to": null, "version": "v04", "name_lng": "en", "name_lng1": null, "name_lng2": null, "name_lng3": null }, "geometry": { "type": "Point", "coordinates": [ 37.897352365000188, 5.834462034000126 ] } },
{ "type": "Feature", "properties": { "adm_p_lvl": 3, "name": "Elkere", "name_1": null, "name_2": null, "name_3": null, "loc_pcode": null, "x_coord": 42.09915651, "y_coord": 5.84251369, "adm3_name": "Elkare /Serer", "adm3_name1": null, "adm3_name2": null, "adm3_name3": null, "adm3_pcode": "ET050804", "adm2_name": "Afder", "adm2_name1": null, "adm2_name2": null, "adm2_name3": null, "adm2_pcode": "ET0508", "adm1_name": "Somali", "adm1_name1": null, "adm1_name2": null, "adm1_name3": null, "adm1_pcode": "ET05", "adm0_name": null, "adm0_name1": null, "adm0_name2": null, "adm0_name3": null, "adm0_pcode": null, "valid_on": "2025-01-01", "valid_to": null, "version": "v04", "name_lng": "en", "name_lng1": null, "name_lng2": null, "name_lng3": null }, "geometry": { "type": "Point", "coordinates": [ 42.099156511000047, 5.8425136890001 ] } },
{ "type": "Feature", "properties": { "adm_p_lvl": 2, "name": "Adola", "name_1": null, "name_2": null, "name_3": null, "loc_pcode": null, "x_coord": 38.989212, "y_coord": 5.877322, "adm3_name": "Adola town", "adm3_name1": null, "adm3_name2": null, "adm3_name3": null, "adm3_pcode": "ET041492", "adm2_name": "Guji", "adm2_name1": null, "adm2_name2": null, "adm2_name3": null, "adm2_pcode": "ET0414", "adm1_name": "Oromia", "adm1_name1": null, "adm1_name2": null, "adm1_name3": null, "adm1_pcode": "ET04", "adm0_name": null, "adm0_name1": null, "adm0_name2": null, "adm0_name3": null, "adm0_pcode": null, "valid_on": "2025-01-01", "valid_to": null, "version": "v04", "name_lng": "en", "name_lng1": null, "name_lng2": null, "name_lng3": null }, "geometry": { "type": "Point", "coordinates": [ 38.989212, 5.877322 ] } },
{ "type": "Feature", "properties": { "adm_p_lvl": 3, "name": "Chencha", "name_1": null, "name_2": null, "name_3": null, "loc_pcode": null, "x_coord": 37.57760083, "y_coord": 6.2434397, "adm3_name": "Chencha town", "adm3_name1": null, "adm3_name2": null, "adm3_name3": null, "adm3_pcode": "ET080206", "adm2_name": "Gamo", "adm2_name1": null, "adm2_name2": null, "adm2_name3": null, "adm2_pcode": "ET0802", "adm1_name": "South Ethiopia", "adm1_name1": null, "adm1_name2": null, "adm1_name3": null, "adm1_pcode": "ET08", "adm0_name": null, "adm0_name1": null, "adm0_name2": null, "adm0_name3": null, "adm0_pcode": null, "valid_on": "2025-01-01", "valid_to": null, "version": "v04", "name_lng": "en", "name_lng1": null, "name_lng2": null, "name_lng3": null }, "geometry": { "type": "Point", "coordinates": [ 37.577600829000176, 6.243439703000149 ] } },
{ "type": "Feature", "properties": { "adm_p_lvl": 3, "name": "Galma", "name_1": null, "name_2": null, "name_3": null, "loc_pcode": null, "x_coord": 37.01889873, "y_coord": 6.25049398, "adm3_name": "Zala", "adm3_name1": null, "adm3_name2": null, "adm3_name3": null, "adm3_pcode": "ET080311", "adm2_name": "Gofa", "adm2_name1": null, "adm2_name2": null, "adm2_name3": null, "adm2_pcode": "ET0803", "adm1_name": "South Ethiopia", "adm1_name1": null, "adm1_name2": null, "adm1_name3": null, "adm1_pcode": "ET08", "adm0_name": null, "adm0_name1": null, "adm0_name2": null, "adm0_name3": null, "adm0_pcode": null, "valid_on": "2025-01-01", "valid_to": null, "version": "v04", "name_lng": "en", "name_lng1": null, "name_lng2": null, "name_lng3": null }, "geometry": { "type": "Point", "coordinates": [ 37.018898727000135, 6.250493979000112 ] } },
{ "type": "Feature", "properties": { "adm_p_lvl": 3, "name": "Afele Kola", "name_1": null, "name_2": null, "name_3": null, "loc_pcode": null, "x_coord": 38.48254022, "y_coord": 6.25791194, "adm3_name": "Dama", "adm3_name1": null, "adm3_name2": null, "adm3_name3": null, "adm3_pcode": "ET041408", "adm2_name": "Guji", "adm2_name1": null, "adm2_name2": null, "adm2_name3": null, "adm2_pcode": "ET0414", "adm1_name": "Oromia", "adm1_name1": null, "adm1_name2": null, "adm1_name3": null, "adm1_pcode": "ET04", "adm0_name": null, "adm0_name1": null, "adm0_name2": null, "adm0_name3": null, "adm0_pcode": null, "valid_on": "2025-01-01", "valid_to": null, "version": "v04", "name_lng": "en", "name_lng1": null, "name_lng2": null, "name_lng3": null }, "geometry": { "type": "Point", "coordinates": [ 38.482540218000054, 6.257911937000131 ] } },
{ "type": "Feature", "properties": { "adm_p_lvl": 3, "name": "Jeba", "name_1": null, "name_2": null, "name_3": null, "loc_pcode": null, "x_coord": 35.23491632, "y_coord": 6.24131792, "adm3_name": "Bero", "adm3_name1": null, "adm3_name2": null, "adm3_name3": null, "adm3_pcode": "ET110505", "adm2_name": "West Omo", "adm2_name1": null, "adm2_name2": null, "adm2_name3": null, "adm2_pcode": "ET1105", "adm1_name": "South West Ethiopia", "adm1_name1": null, "adm1_name2": null, "adm1_name3": null, "adm1_pcode": "ET11", "adm0_name": null, "adm0_name1": null, "adm0_name2": null, "adm0_name3": null, "adm0_pcode": null, "valid_on": "2025-01-01", "valid_to": null, "version": "v04", "name_lng": "en", "name_lng1": null, "name_lng2": null, "name_lng3": null }, "geometry": { "type": "Point", "coordinates": [ 35.234916319000035, 6.241317918000163 ] } },
{ "type": "Feature", "properties": { "adm_p_lvl": 3, "name": "Buleqi", "name_1": null, "name_2": null, "name_3": null, "loc_pcode": null, "x_coord": 36.81161985, "y_coord": 6.28565318, "adm3_name": "Buleqi town", "adm3_name1": null, "adm3_name2": null, "adm3_name3": null, "adm3_pcode": "ET080302", "adm2_name": "Gofa", "adm2_name1": null, "adm2_name2": null, "adm2_name3": null, "adm2_pcode": "ET0803", "adm1_name": "South Ethiopia", "adm1_name1": null, "adm1_name2": null, "adm1_name3": null, "adm1_pcode": "ET08", "adm0_name": null, "adm0_name1": null, "adm0_name2": null, "adm0_name3": null, "adm0_pcode": null, "valid_on": "2025-01-01", "valid_to": null, "version": "v04", "name_lng": "en", "name_lng1": null, "name_lng2": null, "name_lng3": null }, "geometry": { "type": "Point", "coordinates": [ 36.811619850000113, 6.285653177000029 ] } },
{ "type": "Feature", "properties": { "adm_p_lvl": 3, "name": "Mi'irab Abaya", "name_1": null, "name_2": null, "name_3": null, "loc_pcode": null, "x_coord": 37.76649397, "y_coord": 6.29224647, "adm3_name": "Birbir town", "adm3_name1": null, "adm3_name2": null, "adm3_name3": null, "adm3_pcode": "ET080203", "adm2_name": "Gamo", "adm2_name1": null, "adm2_name2": null, "adm2_name3": null, "adm2_pcode": "ET0802", "adm1_name": "South Ethiopia", "adm1_name1": null, "adm1_name2": null, "adm1_name3": null, "adm1_pcode": "ET08", "adm0_name": null, "adm0_name1": null, "adm0_name2": null, "adm0_name3": null, "adm0_pcode": null, "valid_on": "2025-01-01", "valid_to": null, "version": "v04", "name_lng": "en", "name_lng1": null, "name_lng2": null, "name_lng3": null }, "geometry": { "type": "Point", "coordinates": [ 37.76649397400007, 6.292246468000144 ] } },
{ "type": "Feature", "properties": { "adm_p_lvl": 3, "name": "Zada", "name_1": null, "name_2": null, "name_3": null, "loc_pcode": null, "x_coord": 37.48845944, "y_coord": 6.3077227, "adm3_name": "Dita", "adm3_name1": null, "adm3_name2": null, "adm3_name3": null, "adm3_pcode": "ET080209", "adm2_name": "Gamo", "adm2_name1": null, "adm2_name2": null, "adm2_name3": null, "adm2_pcode": "ET0802", "adm1_name": "South Ethiopia", "adm1_name1": null, "adm1_name2": null, "adm1_name3": null, "adm1_pcode": "ET08", "adm0_name": null, "adm0_name1": null, "adm0_name2": null, "adm0_name3": null, "adm0_pcode": null, "valid_on": "2025-01-01", "valid_to": null, "version": "v04", "name_lng": "en", "name_lng1": null, "name_lng2": null, "name_lng3": null }, "geometry": { "type": "Point", "coordinates": [ 37.488459439000167, 6.307722698000077 ] } },
{ "type": "Feature", "properties": { "adm_p_lvl": 3, "name": "Bule", "name_1": null, "name_2": null, "name_3": null, "loc_pcode": null, "x_coord": 38.4108831, "y_coord": 6.3045481, "adm3_name": "Bule", "adm3_name1": null, "adm3_name2": null, "adm3_name3": null, "adm3_pcode": "ET081104", "adm2_name": "Gedeo", "adm2_name1": null, "adm2_name2": null, "adm2_name3": null, "adm2_pcode": "ET0811", "adm1_name": "South Ethiopia", "adm1_name1": null, "adm1_name2": null, "adm1_name3": null, "adm1_pcode": "ET08", "adm0_name": null, "adm0_name1": null, "adm0_name2": null, "adm0_name3": null, "adm0_pcode": null, "valid_on": "2025-01-01", "valid_to": null, "version": "v04", "name_lng": "en", "name_lng1": null, "name_lng2": null, "name_lng3": null }, "geometry": { "type": "Point", "coordinates": [ 38.410883100000035, 6.304548100000147 ] } },
{ "type": "Feature", "properties": { "adm_p_lvl": 2, "name": "Balma", "name_1": null, "name_2": null, "name_3": null, "loc_pcode": null, "x_coord": 36.62746501, "y_coord": 6.30083223, "adm3_name": "Laska town", "adm3_name1": null, "adm3_name2": null, "adm3_name3": null, "adm3_pcode": "ET080402", "adm2_name": "Basketo", "adm2_name1": null, "adm2_name2": null, "adm2_name3": null, "adm2_pcode": "ET0804", "adm1_name": "South Ethiopia", "adm1_name1": null, "adm1_name2": null, "adm1_name3": null, "adm1_pcode": "ET08", "adm0_name": null, "adm0_name1": null, "adm0_name2": null, "adm0_name3": null, "adm0_pcode": null, "valid_on": "2025-01-01", "valid_to": null, "version": "v04", "name_lng": "en", "name_lng1": null, "name_lng2": null, "name_lng3": null }, "geometry": { "type": "Point", "coordinates": [ 36.627465005000033, 6.300832228000161 ] } },
{ "type": "Feature", "properties": { "adm_p_lvl": 2, "name": "Sawla", "name_1": null, "name_2": null, "name_3": null, "loc_pcode": null, "x_coord": 36.878471, "y_coord": 6.300757, "adm3_name": "Sawla town", "adm3_name1": null, "adm3_name2": null, "adm3_name3": null, "adm3_pcode": "ET080309", "adm2_name": "Gofa", "adm2_name1": null, "adm2_name2": null, "adm2_name3": null, "adm2_pcode": "ET0803", "adm1_name": "South Ethiopia", "adm1_name1": null, "adm1_name2": null, "adm1_name3": null, "adm1_pcode": "ET08", "adm0_name": null, "adm0_name1": null, "adm0_name2": null, "adm0_name3": null, "adm0_pcode": null, "valid_on": "2025-01-01", "valid_to": null, "version": "v04", "name_lng": "en", "name_lng1": null, "name_lng2": null, "name_lng3": null }, "geometry": { "type": "Point", "coordinates": [ 36.878471000000161, 6.300757000000146 ] } },
{ "type": "Feature", "properties": { "adm_p_lvl": 3, "name": "Wonago", "name_1": null, "name_2": null, "name_3": null, "loc_pcode": null, "x_coord": 38.25996534, "y_coord": 6.31507789, "adm3_name": "Wonago town", "adm3_name1": null, "adm3_name2": null, "adm3_name3": null, "adm3_pcode": "ET081113", "adm2_name": "Gedeo", "adm2_name1": null, "adm2_name2": null, "adm2_name3": null, "adm2_pcode": "ET0811", "adm1_name": "South Ethiopia", "adm1_name1": null, "adm1_name2": null, "adm1_name3": null, "adm1_pcode": "ET08", "adm0_name": null, "adm0_name1": null, "adm0_name2": null, "adm0_name3": null, "adm0_pcode": null, "valid_on": "2025-01-01", "valid_to": null, "version": "v04", "name_lng": "en", "name_lng1": null, "name_lng2": null, "name_lng3": null }, "geometry": { "type": "Point", "coordinates": [ 38.25996533700004, 6.315077885000164 ] } },
{ "type": "Feature", "properties": { "adm_p_lvl": 3, "name": "Wacha", "name_1": null, "name_2": null, "name_3": null, "loc_pcode": null, "x_coord": 37.30366619, "y_coord": 6.3289353, "adm3_name": "Daramalo", "adm3_name1": null, "adm3_name2": null, "adm3_name3": null, "adm3_pcode": "ET080208", "adm2_name": "Gamo", "adm2_name1": null, "adm2_name2": null, "adm2_name3": null, "adm2_pcode": "ET0802", "adm1_name": "South Ethiopia", "adm1_name1": null, "adm1_name2": null, "adm1_name3": null, "adm1_pcode": "ET08", "adm0_name": null, "adm0_name1": null, "adm0_name2": null, "adm0_name3": null, "adm0_pcode": null, "valid_on": "2025-01-01", "valid_to": null, "version": "v04", "name_lng": "en", "name_lng1": null, "name_lng2": null, "name_lng3": null }, "geometry": { "type": "Point", "coordinates": [ 37.303666194000016, 6.328935300000182 ] } },
{ "type": "Feature", "properties": { "adm_p_lvl": 3, "name": "Lehe", "name_1": null, "name_2": null, "name_3": null, "loc_pcode": null, "x_coord": 36.58615685, "y_coord": 6.46779657, "adm3_name": "Laha town", "adm3_name1": null, "adm3_name2": null, "adm3_name3": null, "adm3_pcode": "ET080305", "adm2_name": "Gofa", "adm2_name1": null, "adm2_name2": null, "adm2_name3": null, "adm2_pcode": "ET0803", "adm1_name": "South Ethiopia", "adm1_name1": null, "adm1_name2": null, "adm1_name3": null, "adm1_pcode": "ET08", "adm0_name": null, "adm0_name1": null, "adm0_name2": null, "adm0_name3": null, "adm0_pcode": null, "valid_on": "2025-01-01", "valid_to": null, "version": "v04", "name_lng": "en", "name_lng1": null, "name_lng2": null, "name_lng3": null }, "geometry": { "type": "Point", "coordinates": [ 36.586156851000055, 6.467796573000044 ] } },
{ "type": "Feature", "properties": { "adm_p_lvl": 3, "name": "Kebado", "name_1": null, "name_2": null, "name_3": null, "loc_pcode": null, "x_coord": 38.34081459, "y_coord": 6.47313756, "adm3_name": "Dara", "adm3_name1": null, "adm3_name2": null, "adm3_name3": null, "adm3_pcode": "ET160006", "adm2_name": "Sidama", "adm2_name1": null, "adm2_name2": null, "adm2_name3": null, "adm2_pcode": "ET1600", "adm1_name": "Sidama", "adm1_name1": null, "adm1_name2": null, "adm1_name3": null, "adm1_pcode": "ET16", "adm0_name": null, "adm0_name1": null, "adm0_name2": null, "adm0_name3": null, "adm0_pcode": null, "valid_on": "2025-01-01", "valid_to": null, "version": "v04", "name_lng": "en", "name_lng1": null, "name_lng2": null, "name_lng3": null }, "geometry": { "type": "Point", "coordinates": [ 38.340814585000146, 6.473137559000179 ] } },
{ "type": "Feature", "properties": { "adm_p_lvl": 3, "name": "Selamber", "name_1": null, "name_2": null, "name_3": null, "loc_pcode": null, "x_coord": 37.46001237, "y_coord": 6.46941311, "adm3_name": "Selamber town", "adm3_name1": null, "adm3_name2": null, "adm3_name3": null, "adm3_pcode": "ET080220", "adm2_name": "Gamo", "adm2_name1": null, "adm2_name2": null, "adm2_name3": null, "adm2_pcode": "ET0802", "adm1_name": "South Ethiopia", "adm1_name1": null, "adm1_name2": null, "adm1_name3": null, "adm1_pcode": "ET08", "adm0_name": null, "adm0_name1": null, "adm0_name2": null, "adm0_name3": null, "adm0_pcode": null, "valid_on": "2025-01-01", "valid_to": null, "version": "v04", "name_lng": "en", "name_lng1": null, "name_lng2": null, "name_lng3": null }, "geometry": { "type": "Point", "coordinates": [ 37.460012367000104, 6.469413109000016 ] } },
{ "type": "Feature", "properties": { "adm_p_lvl": 3, "name": "Hagere Selam", "name_1": null, "name_2": null, "name_3": null, "loc_pcode": null, "x_coord": 38.52335333, "y_coord": 6.48970967, "adm3_name": "Hulla", "adm3_name1": null, "adm3_name2": null, "adm3_name3": null, "adm3_pcode": "ET160007", "adm2_name": "Sidama", "adm2_name1": null, "adm2_name2": null, "adm2_name3": null, "adm2_pcode": "ET1600", "adm1_name": "Sidama", "adm1_name1": null, "adm1_name2": null, "adm1_name3": null, "adm1_pcode": "ET16", "adm0_name": null, "adm0_name1": null, "adm0_name2": null, "adm0_name3": null, "adm0_pcode": null, "valid_on": "2025-01-01", "valid_to": null, "version": "v04", "name_lng": "en", "name_lng1": null, "name_lng2": null, "name_lng3": null }, "geometry": { "type": "Point", "coordinates": [ 38.523353334000092, 6.489709666000124 ] } },
{ "type": "Feature", "properties": { "adm_p_lvl": 3, "name": "Teferi Kela", "name_1": null, "name_2": null, "name_3": null, "loc_pcode": null, "x_coord": 38.39444034, "y_coord": 6.50135283, "adm3_name": "Dara Otilicho", "adm3_name1": null, "adm3_name2": null, "adm3_name3": null, "adm3_pcode": "ET160025", "adm2_name": "Sidama", "adm2_name1": null, "adm2_name2": null, "adm2_name3": null, "adm2_pcode": "ET1600", "adm1_name": "Sidama", "adm1_name1": null, "adm1_name2": null, "adm1_name3": null, "adm1_pcode": "ET16", "adm0_name": null, "adm0_name1": null, "adm0_name2": null, "adm0_name3": null, "adm0_pcode": null, "valid_on": "2025-01-01", "valid_to": null, "version": "v04", "name_lng": "en", "name_lng1": null, "name_lng2": null, "name_lng3": null }, "geometry": { "type": "Point", "coordinates": [ 38.394440336000116, 6.501352826000129 ] } },
{ "type": "Feature", "properties": { "adm_p_lvl": 3, "name": "Dima", "name_1": null, "name_2": null, "name_3": null, "loc_pcode": null, "x_coord": 35.1826088, "y_coord": 6.50729681, "adm3_name": "Dima (GM)", "adm3_name1": null, "adm3_name2": null, "adm3_name3": null, "adm3_pcode": "ET120205", "adm2_name": "Agnewak", "adm2_name1": null, "adm2_name2": null, "adm2_name3": null, "adm2_pcode": "ET1202", "adm1_name": "Gambela", "adm1_name1": null, "adm1_name2": null, "adm1_name3": null, "adm1_pcode": "ET12", "adm0_name": null, "adm0_name1": null, "adm0_name2": null, "adm0_name3": null, "adm0_pcode": null, "valid_on": "2025-01-01", "valid_to": null, "version": "v04", "name_lng": "en", "name_lng1": null, "name_lng2": null, "name_lng3": null }, "geometry": { "type": "Point", "coordinates": [ 35.182608804000097, 6.507296806000056 ] } },
{ "type": "Feature", "properties": { "adm_p_lvl": 2, "name": "Daye", "name_1": null, "name_2": null, "name_3": null, "loc_pcode": null, "x_coord": 38.82731328, "y_coord": 6.51994834, "adm3_name": "Daye town", "adm3_name1": null, "adm3_name2": null, "adm3_name3": null, "adm3_pcode": "ET160030", "adm2_name": "Sidama", "adm2_name1": null, "adm2_name2": null, "adm2_name3": null, "adm2_pcode": "ET1600", "adm1_name": "Sidama", "adm1_name1": null, "adm1_name2": null, "adm1_name3": null, "adm1_pcode": "ET16", "adm0_name": null, "adm0_name1": null, "adm0_name2": null, "adm0_name3": null, "adm0_pcode": null, "valid_on": "2025-01-01", "valid_to": null, "version": "v04", "name_lng": "en", "name_lng1": null, "name_lng2": null, "name_lng3": null }, "geometry": { "type": "Point", "coordinates": [ 38.827313280000169, 6.519948335000151 ] } },
{ "type": "Feature", "properties": { "adm_p_lvl": 3, "name": "Danan", "name_1": null, "name_2": null, "name_3": null, "loc_pcode": null, "x_coord": 43.49365532, "y_coord": 6.50920884, "adm3_name": "Danan", "adm3_name1": null, "adm3_name2": null, "adm3_name3": null, "adm3_pcode": "ET050603", "adm2_name": "Shabelle", "adm2_name1": null, "adm2_name2": null, "adm2_name3": null, "adm2_pcode": "ET0506", "adm1_name": "Somali", "adm1_name1": null, "adm1_name2": null, "adm1_name3": null, "adm1_pcode": "ET05", "adm0_name": null, "adm0_name1": null, "adm0_name2": null, "adm0_name3": null, "adm0_pcode": null, "valid_on": "2025-01-01", "valid_to": null, "version": "v04", "name_lng": "en", "name_lng1": null, "name_lng2": null, "name_lng3": null }, "geometry": { "type": "Point", "coordinates": [ 43.493655315000069, 6.509208841000088 ] } },
{ "type": "Feature", "properties": { "adm_p_lvl": 3, "name": "Bona Kebalenka", "name_1": null, "name_2": null, "name_3": null, "loc_pcode": null, "x_coord": 38.70949959, "y_coord": 6.52668733, "adm3_name": "Bona Zuria", "adm3_name1": null, "adm3_name2": null, "adm3_name3": null, "adm3_pcode": "ET160017", "adm2_name": "Sidama", "adm2_name1": null, "adm2_name2": null, "adm2_name3": null, "adm2_pcode": "ET1600", "adm1_name": "Sidama", "adm1_name1": null, "adm1_name2": null, "adm1_name3": null, "adm1_pcode": "ET16", "adm0_name": null, "adm0_name1": null, "adm0_name2": null, "adm0_name3": null, "adm0_pcode": null, "valid_on": "2025-01-01", "valid_to": null, "version": "v04", "name_lng": "en", "name_lng1": null, "name_lng2": null, "name_lng3": null }, "geometry": { "type": "Point", "coordinates": [ 38.709499594000192, 6.526687330000073 ] } },
{ "type": "Feature", "properties": { "adm_p_lvl": 3, "name": "Teticha", "name_1": null, "name_2": null, "name_3": null, "loc_pcode": null, "x_coord": 38.53686906, "y_coord": 6.55514175, "adm3_name": "Teticha", "adm3_name1": null, "adm3_name2": null, "adm3_name3": null, "adm3_pcode": "ET160026", "adm2_name": "Sidama", "adm2_name1": null, "adm2_name2": null, "adm2_name3": null, "adm2_pcode": "ET1600", "adm1_name": "Sidama", "adm1_name1": null, "adm1_name2": null, "adm1_name3": null, "adm1_pcode": "ET16", "adm0_name": null, "adm0_name1": null, "adm0_name2": null, "adm0_name3": null, "adm0_pcode": null, "valid_on": "2025-01-01", "valid_to": null, "version": "v04", "name_lng": "en", "name_lng1": null, "name_lng2": null, "name_lng3": null }, "geometry": { "type": "Point", "coordinates": [ 38.536869060000186, 6.555141747000107 ] } },
{ "type": "Feature", "properties": { "adm_p_lvl": 3, "name": "Woniba", "name_1": null, "name_2": null, "name_3": null, "loc_pcode": null, "x_coord": 36.78368, "y_coord": 6.554558, "adm3_name": "Melo Gada", "adm3_name1": null, "adm3_name2": null, "adm3_name3": null, "adm3_pcode": "ET080307", "adm2_name": "Gofa", "adm2_name1": null, "adm2_name2": null, "adm2_name3": null, "adm2_pcode": "ET0803", "adm1_name": "South Ethiopia", "adm1_name1": null, "adm1_name2": null, "adm1_name3": null, "adm1_pcode": "ET08", "adm0_name": null, "adm0_name1": null, "adm0_name2": null, "adm0_name3": null, "adm0_pcode": null, "valid_on": "2025-01-01", "valid_to": null, "version": "v04", "name_lng": "en", "name_lng1": null, "name_lng2": null, "name_lng3": null }, "geometry": { "type": "Point", "coordinates": [ 36.78368, 6.554558 ] } },
{ "type": "Feature", "properties": { "adm_p_lvl": 3, "name": "Bursa", "name_1": null, "name_2": null, "name_3": null, "loc_pcode": null, "x_coord": 38.60304484, "y_coord": 6.58972576, "adm3_name": "Bursa", "adm3_name1": null, "adm3_name2": null, "adm3_name3": null, "adm3_pcode": "ET160015", "adm2_name": "Sidama", "adm2_name1": null, "adm2_name2": null, "adm2_name3": null, "adm2_pcode": "ET1600", "adm1_name": "Sidama", "adm1_name1": null, "adm1_name2": null, "adm1_name3": null, "adm1_pcode": "ET16", "adm0_name": null, "adm0_name1": null, "adm0_name2": null, "adm0_name3": null, "adm0_pcode": null, "valid_on": "2025-01-01", "valid_to": null, "version": "v04", "name_lng": "en", "name_lng1": null, "name_lng2": null, "name_lng3": null }, "geometry": { "type": "Point", "coordinates": [ 38.60304483800013, 6.589725756000121 ] } },
{ "type": "Feature", "properties": { "adm_p_lvl": 3, "name": "Lasdhankayre", "name_1": null, "name_2": null, "name_3": null, "loc_pcode": null, "x_coord": 43.82256, "y_coord": 6.56154, "adm3_name": "Lasdhankayre", "adm3_name1": null, "adm3_name2": null, "adm3_name3": null, "adm3_pcode": "ET050596", "adm2_name": "Korahe", "adm2_name1": null, "adm2_name2": null, "adm2_name3": null, "adm2_pcode": "ET0505", "adm1_name": "Somali", "adm1_name1": null, "adm1_name2": null, "adm1_name3": null, "adm1_pcode": "ET05", "adm0_name": null, "adm0_name1": null, "adm0_name2": null, "adm0_name3": null, "adm0_pcode": null, "valid_on": "2025-01-01", "valid_to": null, "version": "v04", "name_lng": "en", "name_lng1": null, "name_lng2": null, "name_lng3": null }, "geometry": { "type": "Point", "coordinates": [ 43.82256, 6.56154 ] } },
{ "type": "Feature", "properties": { "adm_p_lvl": 3, "name": "Werka", "name_1": null, "name_2": null, "name_3": null, "loc_pcode": null, "x_coord": 39.1057323, "y_coord": 6.58640328, "adm3_name": "Nenesebo", "adm3_name1": null, "adm3_name2": null, "adm3_name3": null, "adm3_pcode": "ET041709", "adm2_name": "West Arsi", "adm2_name1": null, "adm2_name2": null, "adm2_name3": null, "adm2_pcode": "ET0417", "adm1_name": "Oromia", "adm1_name1": null, "adm1_name2": null, "adm1_name3": null, "adm1_pcode": "ET04", "adm0_name": null, "adm0_name1": null, "adm0_name2": null, "adm0_name3": null, "adm0_pcode": null, "valid_on": "2025-01-01", "valid_to": null, "version": "v04", "name_lng": "en", "name_lng1": null, "name_lng2": null, "name_lng3": null }, "geometry": { "type": "Point", "coordinates": [ 39.105732297000088, 6.586403284000028 ] } },
{ "type": "Feature", "properties": { "adm_p_lvl": 3, "name": "Chuko", "name_1": null, "name_2": null, "name_3": null, "loc_pcode": null, "x_coord": 38.33637982, "y_coord": 6.5871575, "adm3_name": "Chuko town", "adm3_name1": null, "adm3_name2": null, "adm3_name3": null, "adm3_pcode": "ET160035", "adm2_name": "Sidama", "adm2_name1": null, "adm2_name2": null, "adm2_name3": null, "adm2_pcode": "ET1600", "adm1_name": "Sidama", "adm1_name1": null, "adm1_name2": null, "adm1_name3": null, "adm1_pcode": "ET16", "adm0_name": null, "adm0_name1": null, "adm0_name2": null, "adm0_name3": null, "adm0_pcode": null, "valid_on": "2025-01-01", "valid_to": null, "version": "v04", "name_lng": "en", "name_lng1": null, "name_lng2": null, "name_lng3": null }, "geometry": { "type": "Point", "coordinates": [ 38.33637982200014, 6.587157503000185 ] } },
{ "type": "Feature", "properties": { "adm_p_lvl": 3, "name": "Gesha", "name_1": null, "name_2": null, "name_3": null, "loc_pcode": null, "x_coord": 35.466667, "y_coord": 6.583333, "adm3_name": "Gori Gesha", "adm3_name1": null, "adm3_name2": null, "adm3_name3": null, "adm3_pcode": "ET110503", "adm2_name": "West Omo", "adm2_name1": null, "adm2_name2": null, "adm2_name3": null, "adm2_pcode": "ET1105", "adm1_name": "South West Ethiopia", "adm1_name1": null, "adm1_name2": null, "adm1_name3": null, "adm1_pcode": "ET11", "adm0_name": null, "adm0_name1": null, "adm0_name2": null, "adm0_name3": null, "adm0_pcode": null, "valid_on": "2025-01-01", "valid_to": null, "version": "v04", "name_lng": "en", "name_lng1": null, "name_lng2": null, "name_lng3": null }, "geometry": { "type": "Point", "coordinates": [ 35.466667, 6.583333 ] } },
{ "type": "Feature", "properties": { "adm_p_lvl": 2, "name": "Aleta Wondo", "name_1": null, "name_2": null, "name_3": null, "loc_pcode": null, "x_coord": 38.42066557, "y_coord": 6.60054495, "adm3_name": "Aleta Wondo town", "adm3_name1": null, "adm3_name2": null, "adm3_name3": null, "adm3_pcode": "ET160021", "adm2_name": "Sidama", "adm2_name1": null, "adm2_name2": null, "adm2_name3": null, "adm2_pcode": "ET1600", "adm1_name": "Sidama", "adm1_name1": null, "adm1_name2": null, "adm1_name3": null, "adm1_pcode": "ET16", "adm0_name": null, "adm0_name1": null, "adm0_name2": null, "adm0_name3": null, "adm0_pcode": null, "valid_on": "2025-01-01", "valid_to": null, "version": "v04", "name_lng": "en", "name_lng1": null, "name_lng2": null, "name_lng3": null }, "geometry": { "type": "Point", "coordinates": [ 38.420665565000093, 6.600544950000028 ] } },
{ "type": "Feature", "properties": { "adm_p_lvl": 2, "name": "Elwayne", "name_1": null, "name_2": null, "name_3": null, "loc_pcode": null, "x_coord": 43.1349, "y_coord": 6.61508, "adm3_name": "Elwayne", "adm3_name1": null, "adm3_name2": null, "adm3_name3": null, "adm3_pcode": "ET051002", "adm2_name": "Nogob", "adm2_name1": null, "adm2_name2": null, "adm2_name3": null, "adm2_pcode": "ET0510", "adm1_name": "Somali", "adm1_name1": null, "adm1_name2": null, "adm1_name3": null, "adm1_pcode": "ET05", "adm0_name": null, "adm0_name1": null, "adm0_name2": null, "adm0_name3": null, "adm0_pcode": null, "valid_on": "2025-01-01", "valid_to": null, "version": "v04", "name_lng": "en", "name_lng1": null, "name_lng2": null, "name_lng3": null }, "geometry": { "type": "Point", "coordinates": [ 43.1349, 6.61508 ] } },
{ "type": "Feature", "properties": { "adm_p_lvl": 2, "name": "Jemu", "name_1": null, "name_2": null, "name_3": null, "loc_pcode": null, "x_coord": 35.772991, "y_coord": 6.645756, "adm3_name": "Jemu town", "adm3_name1": null, "adm3_name2": null, "adm3_name3": null, "adm3_pcode": "ET110510", "adm2_name": "West Omo", "adm2_name1": null, "adm2_name2": null, "adm2_name3": null, "adm2_pcode": "ET1105", "adm1_name": "South West Ethiopia", "adm1_name1": null, "adm1_name2": null, "adm1_name3": null, "adm1_pcode": "ET11", "adm0_name": null, "adm0_name1": null, "adm0_name2": null, "adm0_name3": null, "adm0_pcode": null, "valid_on": "2025-01-01", "valid_to": null, "version": "v04", "name_lng": "en", "name_lng1": null, "name_lng2": null, "name_lng3": null }, "geometry": { "type": "Point", "coordinates": [ 35.772991000000161, 6.645756000000176 ] } },
{ "type": "Feature", "properties": { "adm_p_lvl": 3, "name": "Yaye", "name_1": null, "name_2": null, "name_3": null, "loc_pcode": null, "x_coord": 38.71862214, "y_coord": 6.69326403, "adm3_name": "Arbegona", "adm3_name1": null, "adm3_name2": null, "adm3_name3": null, "adm3_pcode": "ET160003", "adm2_name": "Sidama", "adm2_name1": null, "adm2_name2": null, "adm2_name3": null, "adm2_pcode": "ET1600", "adm1_name": "Sidama", "adm1_name1": null, "adm1_name2": null, "adm1_name3": null, "adm1_pcode": "ET16", "adm0_name": null, "adm0_name1": null, "adm0_name2": null, "adm0_name3": null, "adm0_pcode": null, "valid_on": "2025-01-01", "valid_to": null, "version": "v04", "name_lng": "en", "name_lng1": null, "name_lng2": null, "name_lng3": null }, "geometry": { "type": "Point", "coordinates": [ 38.718622143000118, 6.693264031000183 ] } },
{ "type": "Feature", "properties": { "adm_p_lvl": 3, "name": "Hantate", "name_1": null, "name_2": null, "name_3": null, "loc_pcode": null, "x_coord": 38.25942285, "y_coord": 6.68890542, "adm3_name": "Loka Abaya", "adm3_name1": null, "adm3_name2": null, "adm3_name3": null, "adm3_pcode": "ET160037", "adm2_name": "Sidama", "adm2_name1": null, "adm2_name2": null, "adm2_name3": null, "adm2_pcode": "ET1600", "adm1_name": "Sidama", "adm1_name1": null, "adm1_name2": null, "adm1_name3": null, "adm1_pcode": "ET16", "adm0_name": null, "adm0_name1": null, "adm0_name2": null, "adm0_name3": null, "adm0_pcode": null, "valid_on": "2025-01-01", "valid_to": null, "version": "v04", "name_lng": "en", "name_lng1": null, "name_lng2": null, "name_lng3": null }, "geometry": { "type": "Point", "coordinates": [ 38.259422852, 6.688905421000129 ] } },
{ "type": "Feature", "properties": { "adm_p_lvl": 3, "name": "Humbo", "name_1": null, "name_2": null, "name_3": null, "loc_pcode": null, "x_coord": 37.7750723, "y_coord": 6.7026548, "adm3_name": "Tebela town", "adm3_name1": null, "adm3_name2": null, "adm3_name3": null, "adm3_pcode": "ET080116", "adm2_name": "Wolayita", "adm2_name1": null, "adm2_name2": null, "adm2_name3": null, "adm2_pcode": "ET0801", "adm1_name": "South Ethiopia", "adm1_name1": null, "adm1_name2": null, "adm1_name3": null, "adm1_pcode": "ET08", "adm0_name": null, "adm0_name1": null, "adm0_name2": null, "adm0_name3": null, "adm0_pcode": null, "valid_on": "2025-01-01", "valid_to": null, "version": "v04", "name_lng": "en", "name_lng1": null, "name_lng2": null, "name_lng3": null }, "geometry": { "type": "Point", "coordinates": [ 37.77507230100008, 6.702654800000118 ] } },
{ "type": "Feature", "properties": { "adm_p_lvl": 3, "name": "Gesuba", "name_1": null, "name_2": null, "name_3": null, "loc_pcode": null, "x_coord": 37.55773391, "y_coord": 6.72544396, "adm3_name": "Gesuba town", "adm3_name1": null, "adm3_name2": null, "adm3_name3": null, "adm3_pcode": "ET080117", "adm2_name": "Wolayita", "adm2_name1": null, "adm2_name2": null, "adm2_name3": null, "adm2_pcode": "ET0801", "adm1_name": "South Ethiopia", "adm1_name1": null, "adm1_name2": null, "adm1_name3": null, "adm1_pcode": "ET08", "adm0_name": null, "adm0_name1": null, "adm0_name2": null, "adm0_name3": null, "adm0_pcode": null, "valid_on": "2025-01-01", "valid_to": null, "version": "v04", "name_lng": "en", "name_lng1": null, "name_lng2": null, "name_lng3": null }, "geometry": { "type": "Point", "coordinates": [ 37.557733905000191, 6.725443962999975 ] } },
{ "type": "Feature", "properties": { "adm_p_lvl": 3, "name": "Kokosa", "name_1": null, "name_2": null, "name_3": null, "loc_pcode": null, "x_coord": 38.7907992, "y_coord": 6.73902274, "adm3_name": "Kokosa", "adm3_name1": null, "adm3_name2": null, "adm3_name3": null, "adm3_pcode": "ET041708", "adm2_name": "West Arsi", "adm2_name1": null, "adm2_name2": null, "adm2_name3": null, "adm2_pcode": "ET0417", "adm1_name": "Oromia", "adm1_name1": null, "adm1_name2": null, "adm1_name3": null, "adm1_pcode": "ET04", "adm0_name": null, "adm0_name1": null, "adm0_name2": null, "adm0_name3": null, "adm0_pcode": null, "valid_on": "2025-01-01", "valid_to": null, "version": "v04", "name_lng": "en", "name_lng1": null, "name_lng2": null, "name_lng3": null }, "geometry": { "type": "Point", "coordinates": [ 38.790799200000038, 6.739022741000156 ] } },
{ "type": "Feature", "properties": { "adm_p_lvl": 3, "name": "Haro Dumal", "name_1": null, "name_2": null, "name_3": null, "loc_pcode": null, "x_coord": 40.17344972, "y_coord": 6.74773341, "adm3_name": "Berbere", "adm3_name1": null, "adm3_name2": null, "adm3_name3": null, "adm3_pcode": "ET041114", "adm2_name": "Bale", "adm2_name1": null, "adm2_name2": null, "adm2_name3": null, "adm2_pcode": "ET0411", "adm1_name": "Oromia", "adm1_name1": null, "adm1_name2": null, "adm1_name3": null, "adm1_pcode": "ET04", "adm0_name": null, "adm0_name1": null, "adm0_name2": null, "adm0_name3": null, "adm0_pcode": null, "valid_on": "2025-01-01", "valid_to": null, "version": "v04", "name_lng": "en", "name_lng1": null, "name_lng2": null, "name_lng3": null }, "geometry": { "type": "Point", "coordinates": [ 40.173449722000157, 6.74773340500019 ] } },
{ "type": "Feature", "properties": { "adm_p_lvl": 2, "name": "Yirgalem", "name_1": null, "name_2": null, "name_3": null, "loc_pcode": null, "x_coord": 38.41070212, "y_coord": 6.74836296, "adm3_name": "Yirgalem town", "adm3_name1": null, "adm3_name2": null, "adm3_name3": null, "adm3_pcode": "ET160020", "adm2_name": "Sidama", "adm2_name1": null, "adm2_name2": null, "adm2_name3": null, "adm2_pcode": "ET1600", "adm1_name": "Sidama", "adm1_name1": null, "adm1_name2": null, "adm1_name3": null, "adm1_pcode": "ET16", "adm0_name": null, "adm0_name1": null, "adm0_name2": null, "adm0_name3": null, "adm0_pcode": null, "valid_on": "2025-01-01", "valid_to": null, "version": "v04", "name_lng": "en", "name_lng1": null, "name_lng2": null, "name_lng3": null }, "geometry": { "type": "Point", "coordinates": [ 38.410702124000181, 6.748362956000165 ] } },
{ "type": "Feature", "properties": { "adm_p_lvl": 2, "name": "Kebridehar", "name_1": null, "name_2": null, "name_3": null, "loc_pcode": null, "x_coord": 44.27826482, "y_coord": 6.73962986, "adm3_name": "Kebridehar town", "adm3_name1": null, "adm3_name2": null, "adm3_name3": null, "adm3_pcode": "ET050592", "adm2_name": "Korahe", "adm2_name1": null, "adm2_name2": null, "adm2_name3": null, "adm2_pcode": "ET0505", "adm1_name": "Somali", "adm1_name1": null, "adm1_name2": null, "adm1_name3": null, "adm1_pcode": "ET05", "adm0_name": null, "adm0_name1": null, "adm0_name2": null, "adm0_name3": null, "adm0_pcode": null, "valid_on": "2025-01-01", "valid_to": null, "version": "v04", "name_lng": "en", "name_lng1": null, "name_lng2": null, "name_lng3": null }, "geometry": { "type": "Point", "coordinates": [ 44.278264818000139, 6.739629863000118 ] } },
{ "type": "Feature", "properties": { "adm_p_lvl": 3, "name": "Disa", "name_1": null, "name_2": null, "name_3": null, "loc_pcode": null, "x_coord": 37.145664, "y_coord": 6.8076184, "adm3_name": "Disa", "adm3_name1": null, "adm3_name2": null, "adm3_name3": null, "adm3_pcode": "ET110409", "adm2_name": "Dawuro", "adm2_name1": null, "adm2_name2": null, "adm2_name3": null, "adm2_pcode": "ET1104", "adm1_name": "South West Ethiopia", "adm1_name1": null, "adm1_name2": null, "adm1_name3": null, "adm1_pcode": "ET11", "adm0_name": null, "adm0_name1": null, "adm0_name2": null, "adm0_name3": null, "adm0_pcode": null, "valid_on": "2025-01-01", "valid_to": null, "version": "v04", "name_lng": "en", "name_lng1": null, "name_lng2": null, "name_lng3": null }, "geometry": { "type": "Point", "coordinates": [ 37.145664001000057, 6.807618400000024 ] } },
{ "type": "Feature", "properties": { "adm_p_lvl": 3, "name": "Kudunbur", "name_1": null, "name_2": null, "name_3": null, "loc_pcode": null, "x_coord": 44.571755, "y_coord": 6.781561, "adm3_name": "Goglo", "adm3_name1": null, "adm3_name2": null, "adm3_name3": null, "adm3_pcode": "ET050595", "adm2_name": "Korahe", "adm2_name1": null, "adm2_name2": null, "adm2_name3": null, "adm2_pcode": "ET0505", "adm1_name": "Somali", "adm1_name1": null, "adm1_name2": null, "adm1_name3": null, "adm1_pcode": "ET05", "adm0_name": null, "adm0_name1": null, "adm0_name2": null, "adm0_name3": null, "adm0_pcode": null, "valid_on": "2025-01-01", "valid_to": null, "version": "v04", "name_lng": "en", "name_lng1": null, "name_lng2": null, "name_lng3": null }, "geometry": { "type": "Point", "coordinates": [ 44.57175500000011, 6.781561000000181 ] } },
{ "type": "Feature", "properties": { "adm_p_lvl": 3, "name": "Raytu", "name_1": null, "name_2": null, "name_3": null, "loc_pcode": null, "x_coord": 40.39924798, "y_coord": 6.837897, "adm3_name": "Gura Damole", "adm3_name1": null, "adm3_name2": null, "adm3_name3": null, "adm3_pcode": "ET041115", "adm2_name": "Bale", "adm2_name1": null, "adm2_name2": null, "adm2_name3": null, "adm2_pcode": "ET0411", "adm1_name": "Oromia", "adm1_name1": null, "adm1_name2": null, "adm1_name3": null, "adm1_pcode": "ET04", "adm0_name": null, "adm0_name1": null, "adm0_name2": null, "adm0_name3": null, "adm0_pcode": null, "valid_on": "2025-01-01", "valid_to": null, "version": "v04", "name_lng": "en", "name_lng1": null, "name_lng2": null, "name_lng3": null }, "geometry": { "type": "Point", "coordinates": [ 40.399247982000134, 6.837897001000044 ] } },
{ "type": "Feature", "properties": { "adm_p_lvl": 3, "name": "Bachuma", "name_1": null, "name_2": null, "name_3": null, "loc_pcode": null, "x_coord": 35.893269, "y_coord": 6.833586, "adm3_name": "Bachuma town", "adm3_name1": null, "adm3_name2": null, "adm3_name3": null, "adm3_pcode": "ET110509", "adm2_name": "West Omo", "adm2_name1": null, "adm2_name2": null, "adm2_name3": null, "adm2_pcode": "ET1105", "adm1_name": "South West Ethiopia", "adm1_name1": null, "adm1_name2": null, "adm1_name3": null, "adm1_pcode": "ET11", "adm0_name": null, "adm0_name1": null, "adm0_name2": null, "adm0_name3": null, "adm0_pcode": null, "valid_on": "2025-01-01", "valid_to": null, "version": "v04", "name_lng": "en", "name_lng1": null, "name_lng2": null, "name_lng3": null }, "geometry": { "type": "Point", "coordinates": [ 35.893269000000146, 6.833586000000139 ] } },
{ "type": "Feature", "properties": { "adm_p_lvl": 3, "name": "Derara", "name_1": null, "name_2": null, "name_3": null, "loc_pcode": null, "x_coord": 38.29815269, "y_coord": 6.84612978, "adm3_name": "Darara", "adm3_name1": null, "adm3_name2": null, "adm3_name3": null, "adm3_pcode": "ET160033", "adm2_name": "Sidama", "adm2_name1": null, "adm2_name2": null, "adm2_name3": null, "adm2_pcode": "ET1600", "adm1_name": "Sidama", "adm1_name1": null, "adm1_name2": null, "adm1_name3": null, "adm1_pcode": "ET16", "adm0_name": null, "adm0_name1": null, "adm0_name2": null, "adm0_name3": null, "adm0_pcode": null, "valid_on": "2025-01-01", "valid_to": null, "version": "v04", "name_lng": "en", "name_lng1": null, "name_lng2": null, "name_lng3": null }, "geometry": { "type": "Point", "coordinates": [ 38.298152693000077, 6.846129777000158 ] } },
{ "type": "Feature", "properties": { "adm_p_lvl": 1, "name": "Sodo", "name_1": null, "name_2": null, "name_3": null, "loc_pcode": null, "x_coord": 37.76311889, "y_coord": 6.86390556, "adm3_name": "Sodo town", "adm3_name1": null, "adm3_name2": null, "adm3_name3": null, "adm3_pcode": "ET080113", "adm2_name": "Wolayita", "adm2_name1": null, "adm2_name2": null, "adm2_name3": null, "adm2_pcode": "ET0801", "adm1_name": "South Ethiopia", "adm1_name1": null, "adm1_name2": null, "adm1_name3": null, "adm1_pcode": "ET08", "adm0_name": null, "adm0_name1": null, "adm0_name2": null, "adm0_name3": null, "adm0_pcode": null, "valid_on": "2025-01-01", "valid_to": null, "version": "v04", "name_lng": "en", "name_lng1": null, "name_lng2": null, "name_lng3": null }, "geometry": { "type": "Point", "coordinates": [ 37.763118889000111, 6.863905555000088 ] } },
{ "type": "Feature", "properties": { "adm_p_lvl": 2, "name": "Leku", "name_1": null, "name_2": null, "name_3": null, "loc_pcode": null, "x_coord": 38.443661, "y_coord": 6.872534, "adm3_name": "Leku town", "adm3_name1": null, "adm3_name2": null, "adm3_name3": null, "adm3_pcode": "ET160022", "adm2_name": "Sidama", "adm2_name1": null, "adm2_name2": null, "adm2_name3": null, "adm2_pcode": "ET1600", "adm1_name": "Sidama", "adm1_name1": null, "adm1_name2": null, "adm1_name3": null, "adm1_pcode": "ET16", "adm0_name": null, "adm0_name1": null, "adm0_name2": null, "adm0_name3": null, "adm0_pcode": null, "valid_on": "2025-01-01", "valid_to": null, "version": "v04", "name_lng": "en", "name_lng1": null, "name_lng2": null, "name_lng3": null }, "geometry": { "type": "Point", "coordinates": [ 38.443661000000134, 6.872534 ] } },
{ "type": "Feature", "properties": { "adm_p_lvl": 3, "name": "Bedesa", "name_1": null, "name_2": null, "name_3": null, "loc_pcode": null, "x_coord": 37.93890634, "y_coord": 6.871393, "adm3_name": "Damot Woide", "adm3_name1": null, "adm3_name2": null, "adm3_name3": null, "adm3_pcode": "ET080103", "adm2_name": "Wolayita", "adm2_name1": null, "adm2_name2": null, "adm2_name3": null, "adm2_pcode": "ET0801", "adm1_name": "South Ethiopia", "adm1_name1": null, "adm1_name2": null, "adm1_name3": null, "adm1_pcode": "ET08", "adm0_name": null, "adm0_name1": null, "adm0_name2": null, "adm0_name3": null, "adm0_pcode": null, "valid_on": "2025-01-01", "valid_to": null, "version": "v04", "name_lng": "en", "name_lng1": null, "name_lng2": null, "name_lng3": null }, "geometry": { "type": "Point", "coordinates": [ 37.93890633500007, 6.87139300400014 ] } },
{ "type": "Feature", "properties": { "adm_p_lvl": 3, "name": "Dhedecha Bela", "name_1": null, "name_2": null, "name_3": null, "loc_pcode": null, "x_coord": 41.12986701, "y_coord": 6.88379635, "adm3_name": "Rayitu", "adm3_name1": null, "adm3_name2": null, "adm3_name3": null, "adm3_pcode": "ET042104", "adm2_name": "East Bale", "adm2_name1": null, "adm2_name2": null, "adm2_name3": null, "adm2_pcode": "ET0421", "adm1_name": "Oromia", "adm1_name1": null, "adm1_name2": null, "adm1_name3": null, "adm1_pcode": "ET04", "adm0_name": null, "adm0_name1": null, "adm0_name2": null, "adm0_name3": null, "adm0_pcode": null, "valid_on": "2025-01-01", "valid_to": null, "version": "v04", "name_lng": "en", "name_lng1": null, "name_lng2": null, "name_lng3": null }, "geometry": { "type": "Point", "coordinates": [ 41.129867010000055, 6.883796353999969 ] } },
{ "type": "Feature", "properties": { "adm_p_lvl": 3, "name": "Wushaye Bale", "name_1": null, "name_2": null, "name_3": null, "loc_pcode": null, "x_coord": 37.01463254, "y_coord": 6.89732372, "adm3_name": "Esara", "adm3_name1": null, "adm3_name2": null, "adm3_name3": null, "adm3_pcode": "ET110405", "adm2_name": "Dawuro", "adm2_name1": null, "adm2_name2": null, "adm2_name3": null, "adm2_pcode": "ET1104", "adm1_name": "South West Ethiopia", "adm1_name1": null, "adm1_name2": null, "adm1_name3": null, "adm1_pcode": "ET11", "adm0_name": null, "adm0_name1": null, "adm0_name2": null, "adm0_name3": null, "adm0_pcode": null, "valid_on": "2025-01-01", "valid_to": null, "version": "v04", "name_lng": "en", "name_lng1": null, "name_lng2": null, "name_lng3": null }, "geometry": { "type": "Point", "coordinates": [ 37.014632540000036, 6.897323722000124 ] } },
{ "type": "Feature", "properties": { "adm_p_lvl": 3, "name": "Bale Awassa", "name_1": null, "name_2": null, "name_3": null, "loc_pcode": null, "x_coord": 37.53007556, "y_coord": 6.91859629, "adm3_name": "Bale Awassa town", "adm3_name1": null, "adm3_name2": null, "adm3_name3": null, "adm3_pcode": "ET080123", "adm2_name": "Wolayita", "adm2_name1": null, "adm2_name2": null, "adm2_name3": null, "adm2_pcode": "ET0801", "adm1_name": "South Ethiopia", "adm1_name1": null, "adm1_name2": null, "adm1_name3": null, "adm1_pcode": "ET08", "adm0_name": null, "adm0_name1": null, "adm0_name2": null, "adm0_name3": null, "adm0_pcode": null, "valid_on": "2025-01-01", "valid_to": null, "version": "v04", "name_lng": "en", "name_lng1": null, "name_lng2": null, "name_lng3": null }, "geometry": { "type": "Point", "coordinates": [ 37.530075556000156, 6.918596287000128 ] } },
{ "type": "Feature", "properties": { "adm_p_lvl": 3, "name": "YIrba", "name_1": null, "name_2": null, "name_3": null, "loc_pcode": null, "x_coord": 38.36644332, "y_coord": 6.92282834, "adm3_name": "Boricha", "adm3_name1": null, "adm3_name2": null, "adm3_name3": null, "adm3_pcode": "ET160010", "adm2_name": "Sidama", "adm2_name1": null, "adm2_name2": null, "adm2_name3": null, "adm2_pcode": "ET1600", "adm1_name": "Sidama", "adm1_name1": null, "adm1_name2": null, "adm1_name3": null, "adm1_pcode": "ET16", "adm0_name": null, "adm0_name1": null, "adm0_name2": null, "adm0_name3": null, "adm0_pcode": null, "valid_on": "2025-01-01", "valid_to": null, "version": "v04", "name_lng": "en", "name_lng1": null, "name_lng2": null, "name_lng3": null }, "geometry": { "type": "Point", "coordinates": [ 38.366443324000159, 6.922828343 ] } },
{ "type": "Feature", "properties": { "adm_p_lvl": 3, "name": "Gununo", "name_1": null, "name_2": null, "name_3": null, "loc_pcode": null, "x_coord": 37.6541549, "y_coord": 6.92664753, "adm3_name": "Gununo Hamus town", "adm3_name1": null, "adm3_name2": null, "adm3_name3": null, "adm3_pcode": "ET080118", "adm2_name": "Wolayita", "adm2_name1": null, "adm2_name2": null, "adm2_name3": null, "adm2_pcode": "ET0801", "adm1_name": "South Ethiopia", "adm1_name1": null, "adm1_name2": null, "adm1_name3": null, "adm1_pcode": "ET08", "adm0_name": null, "adm0_name1": null, "adm0_name2": null, "adm0_name3": null, "adm0_pcode": null, "valid_on": "2025-01-01", "valid_to": null, "version": "v04", "name_lng": "en", "name_lng1": null, "name_lng2": null, "name_lng3": null }, "geometry": { "type": "Point", "coordinates": [ 37.654154904000052, 6.926647533000164 ] } },
{ "type": "Feature", "properties": { "adm_p_lvl": 3, "name": "Bolela 01", "name_1": null, "name_2": null, "name_3": null, "loc_pcode": null, "x_coord": 38.25159238, "y_coord": 6.93884921, "adm3_name": "Bilate Zuria", "adm3_name1": null, "adm3_name2": null, "adm3_name3": null, "adm3_pcode": "ET160032", "adm2_name": "Sidama", "adm2_name1": null, "adm2_name2": null, "adm2_name3": null, "adm2_pcode": "ET1600", "adm1_name": "Sidama", "adm1_name1": null, "adm1_name2": null, "adm1_name3": null, "adm1_pcode": "ET16", "adm0_name": null, "adm0_name1": null, "adm0_name2": null, "adm0_name3": null, "adm0_pcode": null, "valid_on": "2025-01-01", "valid_to": null, "version": "v04", "name_lng": "en", "name_lng1": null, "name_lng2": null, "name_lng3": null }, "geometry": { "type": "Point", "coordinates": [ 38.251592383000059, 6.938849205000054 ] } },
{ "type": "Feature", "properties": { "adm_p_lvl": 3, "name": "Tula", "name_1": null, "name_2": null, "name_3": null, "loc_pcode": null, "x_coord": 38.47659109, "y_coord": 6.95615779, "adm3_name": "Hawasa town", "adm3_name1": null, "adm3_name2": null, "adm3_name3": null, "adm3_pcode": "ET160018", "adm2_name": "Sidama", "adm2_name1": null, "adm2_name2": null, "adm2_name3": null, "adm2_pcode": "ET1600", "adm1_name": "Sidama", "adm1_name1": null, "adm1_name2": null, "adm1_name3": null, "adm1_pcode": "ET16", "adm0_name": null, "adm0_name1": null, "adm0_name2": null, "adm0_name3": null, "adm0_pcode": null, "valid_on": "2025-01-01", "valid_to": null, "version": "v04", "name_lng": "en", "name_lng1": null, "name_lng2": null, "name_lng3": null }, "geometry": { "type": "Point", "coordinates": [ 38.476591090000056, 6.956157785000073 ] } },
{ "type": "Feature", "properties": { "adm_p_lvl": 3, "name": "Boditi", "name_1": null, "name_2": null, "name_3": null, "loc_pcode": null, "x_coord": 37.85627647, "y_coord": 6.95517847, "adm3_name": "Boditi town", "adm3_name1": null, "adm3_name2": null, "adm3_name3": null, "adm3_pcode": "ET080115", "adm2_name": "Wolayita", "adm2_name1": null, "adm2_name2": null, "adm2_name3": null, "adm2_pcode": "ET0801", "adm1_name": "South Ethiopia", "adm1_name1": null, "adm1_name2": null, "adm1_name3": null, "adm1_pcode": "ET08", "adm0_name": null, "adm0_name1": null, "adm0_name2": null, "adm0_name3": null, "adm0_pcode": null, "valid_on": "2025-01-01", "valid_to": null, "version": "v04", "name_lng": "en", "name_lng1": null, "name_lng2": null, "name_lng3": null }, "geometry": { "type": "Point", "coordinates": [ 37.856276465000064, 6.955178468000156 ] } },
{ "type": "Feature", "properties": { "adm_p_lvl": 3, "name": "Bitena", "name_1": null, "name_2": null, "name_3": null, "loc_pcode": null, "x_coord": 38.03139172, "y_coord": 6.96475563, "adm3_name": "Duguna Fango", "adm3_name1": null, "adm3_name2": null, "adm3_name3": null, "adm3_pcode": "ET080112", "adm2_name": "Wolayita", "adm2_name1": null, "adm2_name2": null, "adm2_name3": null, "adm2_pcode": "ET0801", "adm1_name": "South Ethiopia", "adm1_name1": null, "adm1_name2": null, "adm1_name3": null, "adm1_pcode": "ET08", "adm0_name": null, "adm0_name1": null, "adm0_name2": null, "adm0_name3": null, "adm0_pcode": null, "valid_on": "2025-01-01", "valid_to": null, "version": "v04", "name_lng": "en", "name_lng1": null, "name_lng2": null, "name_lng3": null }, "geometry": { "type": "Point", "coordinates": [ 38.031391715000154, 6.964755625000066 ] } },
{ "type": "Feature", "properties": { "adm_p_lvl": 3, "name": "Dishi", "name_1": null, "name_2": null, "name_3": null, "loc_pcode": null, "x_coord": 36.1912651, "y_coord": 6.9591981, "adm3_name": "Goba (SP)", "adm3_name1": null, "adm3_name2": null, "adm3_name3": null, "adm3_pcode": "ET110212", "adm2_name": "Kefa", "adm2_name1": null, "adm2_name2": null, "adm2_name3": null, "adm2_pcode": "ET1102", "adm1_name": "South West Ethiopia", "adm1_name1": null, "adm1_name2": null, "adm1_name3": null, "adm1_pcode": "ET11", "adm0_name": null, "adm0_name1": null, "adm0_name2": null, "adm0_name3": null, "adm0_pcode": null, "valid_on": "2025-01-01", "valid_to": null, "version": "v04", "name_lng": "en", "name_lng1": null, "name_lng2": null, "name_lng3": null }, "geometry": { "type": "Point", "coordinates": [ 36.191265104000081, 6.959198100000037 ] } },
{ "type": "Feature", "properties": { "adm_p_lvl": 3, "name": "Dodola", "name_1": null, "name_2": null, "name_3": null, "loc_pcode": null, "x_coord": 39.1851462, "y_coord": 6.97486504, "adm3_name": "Dodola town", "adm3_name1": null, "adm3_name2": null, "adm3_name3": null, "adm3_pcode": "ET041700", "adm2_name": "West Arsi", "adm2_name1": null, "adm2_name2": null, "adm2_name3": null, "adm2_pcode": "ET0417", "adm1_name": "Oromia", "adm1_name1": null, "adm1_name2": null, "adm1_name3": null, "adm1_pcode": "ET04", "adm0_name": null, "adm0_name1": null, "adm0_name2": null, "adm0_name3": null, "adm0_pcode": null, "valid_on": "2025-01-01", "valid_to": null, "version": "v04", "name_lng": "en", "name_lng1": null, "name_lng2": null, "name_lng3": null }, "geometry": { "type": "Point", "coordinates": [ 39.185146201000066, 6.97486504200009 ] } },
{ "type": "Feature", "properties": { "adm_p_lvl": 3, "name": "Show Gimira", "name_1": null, "name_2": null, "name_3": null, "loc_pcode": null, "x_coord": 35.7673196, "y_coord": 6.9631118, "adm3_name": "Size town", "adm3_name1": null, "adm3_name2": null, "adm3_name3": null, "adm3_pcode": "ET110308", "adm2_name": "Bench Sheko", "adm2_name1": null, "adm2_name2": null, "adm2_name3": null, "adm2_pcode": "ET1103", "adm1_name": "South West Ethiopia", "adm1_name1": null, "adm1_name2": null, "adm1_name3": null, "adm1_pcode": "ET11", "adm0_name": null, "adm0_name1": null, "adm0_name2": null, "adm0_name3": null, "adm0_pcode": null, "valid_on": "2025-01-01", "valid_to": null, "version": "v04", "name_lng": "en", "name_lng1": null, "name_lng2": null, "name_lng3": null }, "geometry": { "type": "Point", "coordinates": [ 35.7673196, 6.963111800000036 ] } },
{ "type": "Feature", "properties": { "adm_p_lvl": 3, "name": "Goro", "name_1": null, "name_2": null, "name_3": null, "loc_pcode": null, "x_coord": 40.48861278, "y_coord": 6.99323553, "adm3_name": "Goro (Bale)", "adm3_name1": null, "adm3_name2": null, "adm3_name3": null, "adm3_pcode": "ET041116", "adm2_name": "Bale", "adm2_name1": null, "adm2_name2": null, "adm2_name3": null, "adm2_pcode": "ET0411", "adm1_name": "Oromia", "adm1_name1": null, "adm1_name2": null, "adm1_name3": null, "adm1_pcode": "ET04", "adm0_name": null, "adm0_name1": null, "adm0_name2": null, "adm0_name3": null, "adm0_pcode": null, "valid_on": "2025-01-01", "valid_to": null, "version": "v04", "name_lng": "en", "name_lng1": null, "name_lng2": null, "name_lng3": null }, "geometry": { "type": "Point", "coordinates": [ 40.488612784000111, 6.993235534000064 ] } },
{ "type": "Feature", "properties": { "adm_p_lvl": 3, "name": "Shama", "name_1": null, "name_2": null, "name_3": null, "loc_pcode": null, "x_coord": 36.302036, "y_coord": 6.979624, "adm3_name": "Cheta", "adm3_name1": null, "adm3_name2": null, "adm3_name3": null, "adm3_pcode": "ET110207", "adm2_name": "Kefa", "adm2_name1": null, "adm2_name2": null, "adm2_name3": null, "adm2_pcode": "ET1102", "adm1_name": "South West Ethiopia", "adm1_name1": null, "adm1_name2": null, "adm1_name3": null, "adm1_pcode": "ET11", "adm0_name": null, "adm0_name1": null, "adm0_name2": null, "adm0_name3": null, "adm0_pcode": null, "valid_on": "2025-01-01", "valid_to": null, "version": "v04", "name_lng": "en", "name_lng1": null, "name_lng2": null, "name_lng3": null }, "geometry": { "type": "Point", "coordinates": [ 36.302036, 6.979624 ] } },
{ "type": "Feature", "properties": { "adm_p_lvl": 3, "name": "Adaba", "name_1": null, "name_2": null, "name_3": null, "loc_pcode": null, "x_coord": 39.39215931, "y_coord": 7.00793955, "adm3_name": "Adaba", "adm3_name1": null, "adm3_name2": null, "adm3_name3": null, "adm3_pcode": "ET041710", "adm2_name": "West Arsi", "adm2_name1": null, "adm2_name2": null, "adm2_name3": null, "adm2_pcode": "ET0417", "adm1_name": "Oromia", "adm1_name1": null, "adm1_name2": null, "adm1_name3": null, "adm1_pcode": "ET04", "adm0_name": null, "adm0_name1": null, "adm0_name2": null, "adm0_name3": null, "adm0_pcode": null, "valid_on": "2025-01-01", "valid_to": null, "version": "v04", "name_lng": "en", "name_lng1": null, "name_lng2": null, "name_lng3": null }, "geometry": { "type": "Point", "coordinates": [ 39.392159305000064, 7.00793955000006 ] } },
{ "type": "Feature", "properties": { "adm_p_lvl": 3, "name": "Goba", "name_1": null, "name_2": null, "name_3": null, "loc_pcode": null, "x_coord": 39.97760124, "y_coord": 6.99480243, "adm3_name": "Goba town", "adm3_name1": null, "adm3_name2": null, "adm3_name3": null, "adm3_pcode": "ET041120", "adm2_name": "Bale", "adm2_name1": null, "adm2_name2": null, "adm2_name3": null, "adm2_pcode": "ET0411", "adm1_name": "Oromia", "adm1_name1": null, "adm1_name2": null, "adm1_name3": null, "adm1_pcode": "ET04", "adm0_name": null, "adm0_name1": null, "adm0_name2": null, "adm0_name3": null, "adm0_pcode": null, "valid_on": "2025-01-01", "valid_to": null, "version": "v04", "name_lng": "en", "name_lng1": null, "name_lng2": null, "name_lng3": null }, "geometry": { "type": "Point", "coordinates": [ 39.977601235000122, 6.994802427000138 ] } },
{ "type": "Feature", "properties": { "adm_p_lvl": 2, "name": "Mizan Aman", "name_1": null, "name_2": null, "name_3": null, "loc_pcode": null, "x_coord": 35.58719008, "y_coord": 6.99538317, "adm3_name": "Mizan Aman town", "adm3_name1": null, "adm3_name2": null, "adm3_name3": null, "adm3_pcode": "ET110307", "adm2_name": "Bench Sheko", "adm2_name1": null, "adm2_name2": null, "adm2_name3": null, "adm2_pcode": "ET1103", "adm1_name": "South West Ethiopia", "adm1_name1": null, "adm1_name2": null, "adm1_name3": null, "adm1_pcode": "ET11", "adm0_name": null, "adm0_name1": null, "adm0_name2": null, "adm0_name3": null, "adm0_pcode": null, "valid_on": "2025-01-01", "valid_to": null, "version": "v04", "name_lng": "en", "name_lng1": null, "name_lng2": null, "name_lng3": null }, "geometry": { "type": "Point", "coordinates": [ 35.587190084000042, 6.995383171000014 ] } },
{ "type": "Feature", "properties": { "adm_p_lvl": 2, "name": "Warder", "name_1": null, "name_2": null, "name_3": null, "loc_pcode": null, "x_coord": 45.3424314, "y_coord": 6.97260556, "adm3_name": "Warder", "adm3_name1": null, "adm3_name2": null, "adm3_name3": null, "adm3_pcode": "ET050704", "adm2_name": "Doolo", "adm2_name1": null, "adm2_name2": null, "adm2_name3": null, "adm2_pcode": "ET0507", "adm1_name": "Somali", "adm1_name1": null, "adm1_name2": null, "adm1_name3": null, "adm1_pcode": "ET05", "adm0_name": null, "adm0_name1": null, "adm0_name2": null, "adm0_name3": null, "adm0_pcode": null, "valid_on": "2025-01-01", "valid_to": null, "version": "v04", "name_lng": "en", "name_lng1": null, "name_lng2": null, "name_lng3": null }, "geometry": { "type": "Point", "coordinates": [ 45.342431397000041, 6.972605562000012 ] } },
{ "type": "Feature", "properties": { "adm_p_lvl": 3, "name": "Gesa", "name_1": null, "name_2": null, "name_3": null, "loc_pcode": null, "x_coord": 37.27368374, "y_coord": 7.009887, "adm3_name": "Gesa town", "adm3_name1": null, "adm3_name2": null, "adm3_name3": null, "adm3_pcode": "ET110412", "adm2_name": "Dawuro", "adm2_name1": null, "adm2_name2": null, "adm2_name3": null, "adm2_pcode": "ET1104", "adm1_name": "South West Ethiopia", "adm1_name1": null, "adm1_name2": null, "adm1_name3": null, "adm1_pcode": "ET11", "adm0_name": null, "adm0_name1": null, "adm0_name2": null, "adm0_name3": null, "adm0_pcode": null, "valid_on": "2025-01-01", "valid_to": null, "version": "v04", "name_lng": "en", "name_lng1": null, "name_lng2": null, "name_lng3": null }, "geometry": { "type": "Point", "coordinates": [ 37.273683739000035, 7.009887 ] } },
{ "type": "Feature", "properties": { "adm_p_lvl": 3, "name": "Shanito", "name_1": null, "name_2": null, "name_3": null, "loc_pcode": null, "x_coord": 37.85982489, "y_coord": 7.02345322, "adm3_name": "Damot Pullasa", "adm3_name1": null, "adm3_name2": null, "adm3_name3": null, "adm3_pcode": "ET080111", "adm2_name": "Wolayita", "adm2_name1": null, "adm2_name2": null, "adm2_name3": null, "adm2_pcode": "ET0801", "adm1_name": "South Ethiopia", "adm1_name1": null, "adm1_name2": null, "adm1_name3": null, "adm1_pcode": "ET08", "adm0_name": null, "adm0_name1": null, "adm0_name2": null, "adm0_name3": null, "adm0_pcode": null, "valid_on": "2025-01-01", "valid_to": null, "version": "v04", "name_lng": "en", "name_lng1": null, "name_lng2": null, "name_lng3": null }, "geometry": { "type": "Point", "coordinates": [ 37.859824893000052, 7.023453222000057 ] } },
{ "type": "Feature", "properties": { "adm_p_lvl": 3, "name": "Geladi", "name_1": null, "name_2": null, "name_3": null, "loc_pcode": null, "x_coord": 46.41354, "y_coord": 6.969993, "adm3_name": "Galadi", "adm3_name1": null, "adm3_name2": null, "adm3_name3": null, "adm3_pcode": "ET050703", "adm2_name": "Doolo", "adm2_name1": null, "adm2_name2": null, "adm2_name3": null, "adm2_pcode": "ET0507", "adm1_name": "Somali", "adm1_name1": null, "adm1_name2": null, "adm1_name3": null, "adm1_pcode": "ET05", "adm0_name": null, "adm0_name1": null, "adm0_name2": null, "adm0_name3": null, "adm0_pcode": null, "valid_on": "2025-01-01", "valid_to": null, "version": "v04", "name_lng": "en", "name_lng1": null, "name_lng2": null, "name_lng3": null }, "geometry": { "type": "Point", "coordinates": [ 46.413540000000182, 6.969993 ] } },
{ "type": "Feature", "properties": { "adm_p_lvl": 3, "name": "Salahad", "name_1": null, "name_2": null, "name_3": null, "loc_pcode": null, "x_coord": 41.62687874, "y_coord": 7.04250566, "adm3_name": "Seweyna", "adm3_name1": null, "adm3_name2": null, "adm3_name3": null, "adm3_pcode": "ET042105", "adm2_name": "East Bale", "adm2_name1": null, "adm2_name2": null, "adm2_name3": null, "adm2_pcode": "ET0421", "adm1_name": "Oromia", "adm1_name1": null, "adm1_name2": null, "adm1_name3": null, "adm1_pcode": "ET04", "adm0_name": null, "adm0_name1": null, "adm0_name2": null, "adm0_name3": null, "adm0_pcode": null, "valid_on": "2025-01-01", "valid_to": null, "version": "v04", "name_lng": "en", "name_lng1": null, "name_lng2": null, "name_lng3": null }, "geometry": { "type": "Point", "coordinates": [ 41.626878743000077, 7.042505656000117 ] } },
{ "type": "Feature", "properties": { "adm_p_lvl": 3, "name": "Mari", "name_1": null, "name_2": null, "name_3": null, "loc_pcode": null, "x_coord": 37.10274494, "y_coord": 7.03594259, "adm3_name": "Mari Mansa", "adm3_name1": null, "adm3_name2": null, "adm3_name3": null, "adm3_pcode": "ET110408", "adm2_name": "Dawuro", "adm2_name1": null, "adm2_name2": null, "adm2_name3": null, "adm2_pcode": "ET1104", "adm1_name": "South West Ethiopia", "adm1_name1": null, "adm1_name2": null, "adm1_name3": null, "adm1_pcode": "ET11", "adm0_name": null, "adm0_name1": null, "adm0_name2": null, "adm0_name3": null, "adm0_pcode": null, "valid_on": "2025-01-01", "valid_to": null, "version": "v04", "name_lng": "en", "name_lng1": null, "name_lng2": null, "name_lng3": null }, "geometry": { "type": "Point", "coordinates": [ 37.102744943000062, 7.035942587000022 ] } },
{ "type": "Feature", "properties": { "adm_p_lvl": 3, "name": "Chuko", "name_1": null, "name_2": null, "name_3": null, "loc_pcode": null, "x_coord": 38.60862816, "y_coord": 7.01982273, "adm3_name": "Wondo-Genet", "adm3_name1": null, "adm3_name2": null, "adm3_name3": null, "adm3_pcode": "ET160019", "adm2_name": "Sidama", "adm2_name1": null, "adm2_name2": null, "adm2_name3": null, "adm2_pcode": "ET1600", "adm1_name": "Sidama", "adm1_name1": null, "adm1_name2": null, "adm1_name3": null, "adm1_pcode": "ET16", "adm0_name": null, "adm0_name1": null, "adm0_name2": null, "adm0_name3": null, "adm0_pcode": null, "valid_on": "2025-01-01", "valid_to": null, "version": "v04", "name_lng": "en", "name_lng1": null, "name_lng2": null, "name_lng3": null }, "geometry": { "type": "Point", "coordinates": [ 38.608628158000045, 7.019822733000126 ] } },
{ "type": "Feature", "properties": { "adm_p_lvl": 3, "name": "Alem Gena/ Kachi", "name_1": null, "name_2": null, "name_3": null, "loc_pcode": null, "x_coord": 36.97597315, "y_coord": 7.04934835, "adm3_name": "Kachi", "adm3_name1": null, "adm3_name2": null, "adm3_name3": null, "adm3_pcode": "ET110406", "adm2_name": "Dawuro", "adm2_name1": null, "adm2_name2": null, "adm2_name3": null, "adm2_pcode": "ET1104", "adm1_name": "South West Ethiopia", "adm1_name1": null, "adm1_name2": null, "adm1_name3": null, "adm1_pcode": "ET11", "adm0_name": null, "adm0_name1": null, "adm0_name2": null, "adm0_name3": null, "adm0_pcode": null, "valid_on": "2025-01-01", "valid_to": null, "version": "v04", "name_lng": "en", "name_lng1": null, "name_lng2": null, "name_lng3": null }, "geometry": { "type": "Point", "coordinates": [ 36.975973149000083, 7.049348354000188 ] } },
{ "type": "Feature", "properties": { "adm_p_lvl": 1, "name": "Hawasa", "name_1": null, "name_2": null, "name_3": null, "loc_pcode": null, "x_coord": 38.4686074, "y_coord": 7.05272555, "adm3_name": "Hawasa town", "adm3_name1": null, "adm3_name2": null, "adm3_name3": null, "adm3_pcode": "ET160018", "adm2_name": "Sidama", "adm2_name1": null, "adm2_name2": null, "adm2_name3": null, "adm2_pcode": "ET1600", "adm1_name": "Sidama", "adm1_name1": null, "adm1_name2": null, "adm1_name3": null, "adm1_pcode": "ET16", "adm0_name": null, "adm0_name1": null, "adm0_name2": null, "adm0_name3": null, "adm0_pcode": null, "valid_on": "2025-01-01", "valid_to": null, "version": "v04", "name_lng": "en", "name_lng1": null, "name_lng2": null, "name_lng3": null }, "geometry": { "type": "Point", "coordinates": [ 38.468607396000095, 7.052725553000073 ] } },
{ "type": "Feature", "properties": { "adm_p_lvl": 3, "name": "Waka", "name_1": null, "name_2": null, "name_3": null, "loc_pcode": null, "x_coord": 37.17203515, "y_coord": 7.06052002, "adm3_name": "Mareka", "adm3_name1": null, "adm3_name2": null, "adm3_name3": null, "adm3_pcode": "ET110402", "adm2_name": "Dawuro", "adm2_name1": null, "adm2_name2": null, "adm2_name3": null, "adm2_pcode": "ET1104", "adm1_name": "South West Ethiopia", "adm1_name1": null, "adm1_name2": null, "adm1_name3": null, "adm1_pcode": "ET11", "adm0_name": null, "adm0_name1": null, "adm0_name2": null, "adm0_name3": null, "adm0_pcode": null, "valid_on": "2025-01-01", "valid_to": null, "version": "v04", "name_lng": "en", "name_lng1": null, "name_lng2": null, "name_lng3": null }, "geometry": { "type": "Point", "coordinates": [ 37.172035152000035, 7.060520022999981 ] } },
{ "type": "Feature", "properties": { "adm_p_lvl": 3, "name": "Areka", "name_1": null, "name_2": null, "name_3": null, "loc_pcode": null, "x_coord": 37.70718796, "y_coord": 7.0657117, "adm3_name": "Areka town", "adm3_name1": null, "adm3_name2": null, "adm3_name3": null, "adm3_pcode": "ET080114", "adm2_name": "Wolayita", "adm2_name1": null, "adm2_name2": null, "adm2_name3": null, "adm2_pcode": "ET0801", "adm1_name": "South Ethiopia", "adm1_name1": null, "adm1_name2": null, "adm1_name3": null, "adm1_pcode": "ET08", "adm0_name": null, "adm0_name1": null, "adm0_name2": null, "adm0_name3": null, "adm0_pcode": null, "valid_on": "2025-01-01", "valid_to": null, "version": "v04", "name_lng": "en", "name_lng1": null, "name_lng2": null, "name_lng3": null }, "geometry": { "type": "Point", "coordinates": [ 37.707187955000165, 7.065711704000137 ] } },
{ "type": "Feature", "properties": { "adm_p_lvl": 3, "name": "Sheko", "name_1": null, "name_2": null, "name_3": null, "loc_pcode": null, "x_coord": 35.49473151, "y_coord": 7.0513488, "adm3_name": "Sheko", "adm3_name1": null, "adm3_name2": null, "adm3_name3": null, "adm3_pcode": "ET110301", "adm2_name": "Bench Sheko", "adm2_name1": null, "adm2_name2": null, "adm2_name3": null, "adm2_pcode": "ET1103", "adm1_name": "South West Ethiopia", "adm1_name1": null, "adm1_name2": null, "adm1_name3": null, "adm1_pcode": "ET11", "adm0_name": null, "adm0_name1": null, "adm0_name2": null, "adm0_name3": null, "adm0_pcode": null, "valid_on": "2025-01-01", "valid_to": null, "version": "v04", "name_lng": "en", "name_lng1": null, "name_lng2": null, "name_lng3": null }, "geometry": { "type": "Point", "coordinates": [ 35.494731513000147, 7.051348796000127 ] } },
{ "type": "Feature", "properties": { "adm_p_lvl": 3, "name": "Kuza", "name_1": null, "name_2": null, "name_3": null, "loc_pcode": null, "x_coord": 35.49475669, "y_coord": 7.08880162, "adm3_name": "Sheko", "adm3_name1": null, "adm3_name2": null, "adm3_name3": null, "adm3_pcode": "ET110301", "adm2_name": "Bench Sheko", "adm2_name1": null, "adm2_name2": null, "adm2_name3": null, "adm2_pcode": "ET1103", "adm1_name": "South West Ethiopia", "adm1_name1": null, "adm1_name2": null, "adm1_name3": null, "adm1_pcode": "ET11", "adm0_name": null, "adm0_name1": null, "adm0_name2": null, "adm0_name3": null, "adm0_pcode": null, "valid_on": "2025-01-01", "valid_to": null, "version": "v04", "name_lng": "en", "name_lng1": null, "name_lng2": null, "name_lng3": null }, "geometry": { "type": "Point", "coordinates": [ 35.494756687000063, 7.088801617000058 ] } },
{ "type": "Feature", "properties": { "adm_p_lvl": 3, "name": "Kofele", "name_1": null, "name_2": null, "name_3": null, "loc_pcode": null, "x_coord": 38.780861, "y_coord": 7.075422, "adm3_name": "Kofele town", "adm3_name1": null, "adm3_name2": null, "adm3_name3": null, "adm3_pcode": "ET041713", "adm2_name": "West Arsi", "adm2_name1": null, "adm2_name2": null, "adm2_name3": null, "adm2_pcode": "ET0417", "adm1_name": "Oromia", "adm1_name1": null, "adm1_name2": null, "adm1_name3": null, "adm1_pcode": "ET04", "adm0_name": null, "adm0_name1": null, "adm0_name2": null, "adm0_name3": null, "adm0_pcode": null, "valid_on": "2025-01-01", "valid_to": null, "version": "v04", "name_lng": "en", "name_lng1": null, "name_lng2": null, "name_lng3": null }, "geometry": { "type": "Point", "coordinates": [ 38.780861, 7.075422000000117 ] } },
{ "type": "Feature", "properties": { "adm_p_lvl": 3, "name": "Tocha", "name_1": null, "name_2": null, "name_3": null, "loc_pcode": null, "x_coord": 37.03836865, "y_coord": 7.090432, "adm3_name": "Tocha", "adm3_name1": null, "adm3_name2": null, "adm3_name3": null, "adm3_pcode": "ET110401", "adm2_name": "Dawuro", "adm2_name1": null, "adm2_name2": null, "adm2_name3": null, "adm2_pcode": "ET1104", "adm1_name": "South West Ethiopia", "adm1_name1": null, "adm1_name2": null, "adm1_name3": null, "adm1_pcode": "ET11", "adm0_name": null, "adm0_name1": null, "adm0_name2": null, "adm0_name3": null, "adm0_pcode": null, "valid_on": "2025-01-01", "valid_to": null, "version": "v04", "name_lng": "en", "name_lng1": null, "name_lng2": null, "name_lng3": null }, "geometry": { "type": "Point", "coordinates": [ 37.03836864900012, 7.090432004000036 ] } },
{ "type": "Feature", "properties": { "adm_p_lvl": 3, "name": "Ayun", "name_1": null, "name_2": null, "name_3": null, "loc_pcode": null, "x_coord": 42.27928312, "y_coord": 7.08437428, "adm3_name": "Ayuun", "adm3_name1": null, "adm3_name2": null, "adm3_name3": null, "adm3_pcode": "ET051001", "adm2_name": "Nogob", "adm2_name1": null, "adm2_name2": null, "adm2_name3": null, "adm2_pcode": "ET0510", "adm1_name": "Somali", "adm1_name1": null, "adm1_name2": null, "adm1_name3": null, "adm1_pcode": "ET05", "adm0_name": null, "adm0_name1": null, "adm0_name2": null, "adm0_name3": null, "adm0_pcode": null, "valid_on": "2025-01-01", "valid_to": null, "version": "v04", "name_lng": "en", "name_lng1": null, "name_lng2": null, "name_lng3": null }, "geometry": { "type": "Point", "coordinates": [ 42.279283124000074, 7.084374279000031 ] } },
{ "type": "Feature", "properties": { "adm_p_lvl": 3, "name": "Dinsho", "name_1": null, "name_2": null, "name_3": null, "loc_pcode": null, "x_coord": 39.77956239, "y_coord": 7.10495557, "adm3_name": "Dinsho", "adm3_name1": null, "adm3_name2": null, "adm3_name3": null, "adm3_pcode": "ET041122", "adm2_name": "Bale", "adm2_name1": null, "adm2_name2": null, "adm2_name3": null, "adm2_pcode": "ET0411", "adm1_name": "Oromia", "adm1_name1": null, "adm1_name2": null, "adm1_name3": null, "adm1_pcode": "ET04", "adm0_name": null, "adm0_name1": null, "adm0_name2": null, "adm0_name3": null, "adm0_pcode": null, "valid_on": "2025-01-01", "valid_to": null, "version": "v04", "name_lng": "en", "name_lng1": null, "name_lng2": null, "name_lng3": null }, "geometry": { "type": "Point", "coordinates": [ 39.779562394000038, 7.10495557400003 ] } },
{ "type": "Feature", "properties": { "adm_p_lvl": 3, "name": "Asasa", "name_1": null, "name_2": null, "name_3": null, "loc_pcode": null, "x_coord": 39.19323637, "y_coord": 7.1026421, "adm3_name": "Gedeb Asasa", "adm3_name1": null, "adm3_name2": null, "adm3_name3": null, "adm3_pcode": "ET041706", "adm2_name": "West Arsi", "adm2_name1": null, "adm2_name2": null, "adm2_name3": null, "adm2_pcode": "ET0417", "adm1_name": "Oromia", "adm1_name1": null, "adm1_name2": null, "adm1_name3": null, "adm1_pcode": "ET04", "adm0_name": null, "adm0_name1": null, "adm0_name2": null, "adm0_name3": null, "adm0_pcode": null, "valid_on": "2025-01-01", "valid_to": null, "version": "v04", "name_lng": "en", "name_lng1": null, "name_lng2": null, "name_lng3": null }, "geometry": { "type": "Point", "coordinates": [ 39.193236369000147, 7.102642096000068 ] } },
{ "type": "Feature", "properties": { "adm_p_lvl": 2, "name": "Amaya", "name_1": null, "name_2": null, "name_3": null, "loc_pcode": null, "x_coord": 36.6752634, "y_coord": 7.106408, "adm3_name": "Amaya town", "adm3_name1": null, "adm3_name2": null, "adm3_name3": null, "adm3_pcode": "ET110603", "adm2_name": "Konta", "adm2_name1": null, "adm2_name2": null, "adm2_name3": null, "adm2_pcode": "ET1106", "adm1_name": "South West Ethiopia", "adm1_name1": null, "adm1_name2": null, "adm1_name3": null, "adm1_pcode": "ET11", "adm0_name": null, "adm0_name1": null, "adm0_name2": null, "adm0_name3": null, "adm0_pcode": null, "valid_on": "2025-01-01", "valid_to": null, "version": "v04", "name_lng": "en", "name_lng1": null, "name_lng2": null, "name_lng3": null }, "geometry": { "type": "Point", "coordinates": [ 36.675263400000063, 7.106407999 ] } },
{ "type": "Feature", "properties": { "adm_p_lvl": 2, "name": "Robe", "name_1": null, "name_2": null, "name_3": null, "loc_pcode": null, "x_coord": 40.00378444, "y_coord": 7.11804556, "adm3_name": "Robe town", "adm3_name1": null, "adm3_name2": null, "adm3_name3": null, "adm3_pcode": "ET041119", "adm2_name": "Bale", "adm2_name1": null, "adm2_name2": null, "adm2_name3": null, "adm2_pcode": "ET0411", "adm1_name": "Oromia", "adm1_name1": null, "adm1_name2": null, "adm1_name3": null, "adm1_pcode": "ET04", "adm0_name": null, "adm0_name1": null, "adm0_name2": null, "adm0_name3": null, "adm0_pcode": null, "valid_on": "2025-01-01", "valid_to": null, "version": "v04", "name_lng": "en", "name_lng1": null, "name_lng2": null, "name_lng3": null }, "geometry": { "type": "Point", "coordinates": [ 40.003784444000132, 7.118045556000027 ] } },
{ "type": "Feature", "properties": { "adm_p_lvl": 3, "name": "Oda", "name_1": null, "name_2": null, "name_3": null, "loc_pcode": null, "x_coord": 36.469871, "y_coord": 7.118486, "adm3_name": "Tullo", "adm3_name1": null, "adm3_name2": null, "adm3_name3": null, "adm3_pcode": "ET110206", "adm2_name": "Kefa", "adm2_name1": null, "adm2_name2": null, "adm2_name3": null, "adm2_pcode": "ET1102", "adm1_name": "South West Ethiopia", "adm1_name1": null, "adm1_name2": null, "adm1_name3": null, "adm1_pcode": "ET11", "adm0_name": null, "adm0_name1": null, "adm0_name2": null, "adm0_name3": null, "adm0_pcode": null, "valid_on": "2025-01-01", "valid_to": null, "version": "v04", "name_lng": "en", "name_lng1": null, "name_lng2": null, "name_lng3": null }, "geometry": { "type": "Point", "coordinates": [ 36.469871, 7.118486 ] } },
{ "type": "Feature", "properties": { "adm_p_lvl": 3, "name": "Ch'iri  /Awrada", "name_1": null, "name_2": null, "name_3": null, "loc_pcode": null, "x_coord": 36.183333, "y_coord": 7.116667, "adm3_name": "Decha", "adm3_name1": null, "adm3_name2": null, "adm3_name3": null, "adm3_pcode": "ET110208", "adm2_name": "Kefa", "adm2_name1": null, "adm2_name2": null, "adm2_name3": null, "adm2_pcode": "ET1102", "adm1_name": "South West Ethiopia", "adm1_name1": null, "adm1_name2": null, "adm1_name3": null, "adm1_pcode": "ET11", "adm0_name": null, "adm0_name1": null, "adm0_name2": null, "adm0_name3": null, "adm0_pcode": null, "valid_on": "2025-01-01", "valid_to": null, "version": "v04", "name_lng": "en", "name_lng1": null, "name_lng2": null, "name_lng3": null }, "geometry": { "type": "Point", "coordinates": [ 36.183333000000118, 7.116667000000177 ] } },
{ "type": "Feature", "properties": { "adm_p_lvl": 2, "name": "Ginir", "name_1": null, "name_2": null, "name_3": null, "loc_pcode": null, "x_coord": 40.71748753, "y_coord": 7.12592853, "adm3_name": "Ginir town", "adm3_name1": null, "adm3_name2": null, "adm3_name3": null, "adm3_pcode": "ET042107", "adm2_name": "East Bale", "adm2_name1": null, "adm2_name2": null, "adm2_name3": null, "adm2_pcode": "ET0421", "adm1_name": "Oromia", "adm1_name1": null, "adm1_name2": null, "adm1_name3": null, "adm1_pcode": "ET04", "adm0_name": null, "adm0_name1": null, "adm0_name2": null, "adm0_name3": null, "adm0_pcode": null, "valid_on": "2025-01-01", "valid_to": null, "version": "v04", "name_lng": "en", "name_lng1": null, "name_lng2": null, "name_lng3": null }, "geometry": { "type": "Point", "coordinates": [ 40.717487534000099, 7.125928525000063 ] } },
{ "type": "Feature", "properties": { "adm_p_lvl": 3, "name": "Kerewa", "name_1": null, "name_2": null, "name_3": null, "loc_pcode": null, "x_coord": 37.29085831, "y_coord": 7.13188734, "adm3_name": "Zabagazo", "adm3_name1": null, "adm3_name2": null, "adm3_name3": null, "adm3_pcode": "ET110410", "adm2_name": "Dawuro", "adm2_name1": null, "adm2_name2": null, "adm2_name3": null, "adm2_pcode": "ET1104", "adm1_name": "South West Ethiopia", "adm1_name1": null, "adm1_name2": null, "adm1_name3": null, "adm1_pcode": "ET11", "adm0_name": null, "adm0_name1": null, "adm0_name2": null, "adm0_name3": null, "adm0_pcode": null, "valid_on": "2025-01-01", "valid_to": null, "version": "v04", "name_lng": "en", "name_lng1": null, "name_lng2": null, "name_lng3": null }, "geometry": { "type": "Point", "coordinates": [ 37.290858313000172, 7.131887337000023 ] } },
{ "type": "Feature", "properties": { "adm_p_lvl": 3, "name": "Bombe", "name_1": null, "name_2": null, "name_3": null, "loc_pcode": null, "x_coord": 37.58154892, "y_coord": 7.1357067, "adm3_name": "Boloso Bombe", "adm3_name1": null, "adm3_name2": null, "adm3_name3": null, "adm3_pcode": "ET080108", "adm2_name": "Wolayita", "adm2_name1": null, "adm2_name2": null, "adm2_name3": null, "adm2_pcode": "ET0801", "adm1_name": "South Ethiopia", "adm1_name1": null, "adm1_name2": null, "adm1_name3": null, "adm1_pcode": "ET08", "adm0_name": null, "adm0_name1": null, "adm0_name2": null, "adm0_name3": null, "adm0_pcode": null, "valid_on": "2025-01-01", "valid_to": null, "version": "v04", "name_lng": "en", "name_lng1": null, "name_lng2": null, "name_lng3": null }, "geometry": { "type": "Point", "coordinates": [ 37.581548915000155, 7.135706702999983 ] } },
{ "type": "Feature", "properties": { "adm_p_lvl": 3, "name": "Shone", "name_1": null, "name_2": null, "name_3": null, "loc_pcode": null, "x_coord": 37.95375833, "y_coord": 7.13710222, "adm3_name": "Shone town", "adm3_name1": null, "adm3_name2": null, "adm3_name3": null, "adm3_pcode": "ET070212", "adm2_name": "Hadiya", "adm2_name1": null, "adm2_name2": null, "adm2_name3": null, "adm2_pcode": "ET0702", "adm1_name": "Central Ethiopia", "adm1_name1": null, "adm1_name2": null, "adm1_name3": null, "adm1_pcode": "ET07", "adm0_name": null, "adm0_name1": null, "adm0_name2": null, "adm0_name3": null, "adm0_pcode": null, "valid_on": "2025-01-01", "valid_to": null, "version": "v04", "name_lng": "en", "name_lng1": null, "name_lng2": null, "name_lng3": null }, "geometry": { "type": "Point", "coordinates": [ 37.953758334000099, 7.13710222300017 ] } },
{ "type": "Feature", "properties": { "adm_p_lvl": 3, "name": "Robi", "name_1": null, "name_2": null, "name_3": null, "loc_pcode": null, "x_coord": 38.11246798, "y_coord": 7.13998039, "adm3_name": "Siraro", "adm3_name1": null, "adm3_name2": null, "adm3_name3": null, "adm3_pcode": "ET041701", "adm2_name": "West Arsi", "adm2_name1": null, "adm2_name2": null, "adm2_name3": null, "adm2_pcode": "ET0417", "adm1_name": "Oromia", "adm1_name1": null, "adm1_name2": null, "adm1_name3": null, "adm1_pcode": "ET04", "adm0_name": null, "adm0_name1": null, "adm0_name2": null, "adm0_name3": null, "adm0_pcode": null, "valid_on": "2025-01-01", "valid_to": null, "version": "v04", "name_lng": "en", "name_lng1": null, "name_lng2": null, "name_lng3": null }, "geometry": { "type": "Point", "coordinates": [ 38.112467978999973, 7.139980391000108 ] } },
{ "type": "Feature", "properties": { "adm_p_lvl": 3, "name": "Dawa Town", "name_1": null, "name_2": null, "name_3": null, "loc_pcode": null, "x_coord": 37.79889785, "y_coord": 7.14466911, "adm3_name": "Mirab Badowach", "adm3_name1": null, "adm3_name2": null, "adm3_name3": null, "adm3_pcode": "ET070209", "adm2_name": "Hadiya", "adm2_name1": null, "adm2_name2": null, "adm2_name3": null, "adm2_pcode": "ET0702", "adm1_name": "Central Ethiopia", "adm1_name1": null, "adm1_name2": null, "adm1_name3": null, "adm1_pcode": "ET07", "adm0_name": null, "adm0_name1": null, "adm0_name2": null, "adm0_name3": null, "adm0_pcode": null, "valid_on": "2025-01-01", "valid_to": null, "version": "v04", "name_lng": "en", "name_lng1": null, "name_lng2": null, "name_lng3": null }, "geometry": { "type": "Point", "coordinates": [ 37.798897846000102, 7.144669107000084 ] } },
{ "type": "Feature", "properties": { "adm_p_lvl": 2, "name": "Tercha", "name_1": null, "name_2": null, "name_3": null, "loc_pcode": null, "x_coord": 37.16382495, "y_coord": 7.14395761, "adm3_name": "Tercha town", "adm3_name1": null, "adm3_name2": null, "adm3_name3": null, "adm3_pcode": "ET110411", "adm2_name": "Dawuro", "adm2_name1": null, "adm2_name2": null, "adm2_name3": null, "adm2_pcode": "ET1104", "adm1_name": "South West Ethiopia", "adm1_name1": null, "adm1_name2": null, "adm1_name3": null, "adm1_pcode": "ET11", "adm0_name": null, "adm0_name1": null, "adm0_name2": null, "adm0_name3": null, "adm0_pcode": null, "valid_on": "2025-01-01", "valid_to": null, "version": "v04", "name_lng": "en", "name_lng1": null, "name_lng2": null, "name_lng3": null }, "geometry": { "type": "Point", "coordinates": [ 37.163824945000101, 7.143957608000107 ] } },
{ "type": "Feature", "properties": { "adm_p_lvl": 3, "name": "Fital", "name_1": null, "name_2": null, "name_3": null, "loc_pcode": null, "x_coord": 38.64604759, "y_coord": 9.62364879, "adm3_name": "Yaya Gulele", "adm3_name1": null, "adm3_name2": null, "adm3_name3": null, "adm3_pcode": "ET040614", "adm2_name": "North Shewa (OR)", "adm2_name1": null, "adm2_name2": null, "adm2_name3": null, "adm2_pcode": "ET0406", "adm1_name": "Oromia", "adm1_name1": null, "adm1_name2": null, "adm1_name3": null, "adm1_pcode": "ET04", "adm0_name": null, "adm0_name1": null, "adm0_name2": null, "adm0_name3": null, "adm0_pcode": null, "valid_on": "2025-01-01", "valid_to": null, "version": "v04", "name_lng": "en", "name_lng1": null, "name_lng2": null, "name_lng3": null }, "geometry": { "type": "Point", "coordinates": [ 38.646047586000179, 9.62364879200004 ] } },
{ "type": "Feature", "properties": { "adm_p_lvl": 3, "name": "Wacha", "name_1": null, "name_2": null, "name_3": null, "loc_pcode": null, "x_coord": 35.81280463, "y_coord": 7.14868376, "adm3_name": "Wacha town", "adm3_name1": null, "adm3_name2": null, "adm3_name3": null, "adm3_pcode": "ET110214", "adm2_name": "Kefa", "adm2_name1": null, "adm2_name2": null, "adm2_name3": null, "adm2_pcode": "ET1102", "adm1_name": "South West Ethiopia", "adm1_name1": null, "adm1_name2": null, "adm1_name3": null, "adm1_pcode": "ET11", "adm0_name": null, "adm0_name1": null, "adm0_name2": null, "adm0_name3": null, "adm0_pcode": null, "valid_on": "2025-01-01", "valid_to": null, "version": "v04", "name_lng": "en", "name_lng1": null, "name_lng2": null, "name_lng3": null }, "geometry": { "type": "Point", "coordinates": [ 35.812804630000073, 7.148683763000122 ] } },
{ "type": "Feature", "properties": { "adm_p_lvl": 3, "name": "Chida", "name_1": null, "name_2": null, "name_3": null, "loc_pcode": null, "x_coord": 36.79175889, "y_coord": 7.16542389, "adm3_name": "Chida town", "adm3_name1": null, "adm3_name2": null, "adm3_name3": null, "adm3_pcode": "ET110602", "adm2_name": "Konta", "adm2_name1": null, "adm2_name2": null, "adm2_name3": null, "adm2_pcode": "ET1106", "adm1_name": "South West Ethiopia", "adm1_name1": null, "adm1_name2": null, "adm1_name3": null, "adm1_pcode": "ET11", "adm0_name": null, "adm0_name1": null, "adm0_name2": null, "adm0_name3": null, "adm0_pcode": null, "valid_on": "2025-01-01", "valid_to": null, "version": "v04", "name_lng": "en", "name_lng1": null, "name_lng2": null, "name_lng3": null }, "geometry": { "type": "Point", "coordinates": [ 36.791758889000164, 7.165423888000078 ] } },
{ "type": "Feature", "properties": { "adm_p_lvl": 2, "name": "Shashemene", "name_1": null, "name_2": null, "name_3": null, "loc_pcode": null, "x_coord": 38.59712147, "y_coord": 7.19662552, "adm3_name": "Shashemene town", "adm3_name1": null, "adm3_name2": null, "adm3_name3": null, "adm3_pcode": "ET041711", "adm2_name": "West Arsi", "adm2_name1": null, "adm2_name2": null, "adm2_name3": null, "adm2_pcode": "ET0417", "adm1_name": "Oromia", "adm1_name1": null, "adm1_name2": null, "adm1_name3": null, "adm1_pcode": "ET04", "adm0_name": null, "adm0_name1": null, "adm0_name2": null, "adm0_name3": null, "adm0_pcode": null, "valid_on": "2025-01-01", "valid_to": null, "version": "v04", "name_lng": "en", "name_lng1": null, "name_lng2": null, "name_lng3": null }, "geometry": { "type": "Point", "coordinates": [ 38.597121470000104, 7.19662551700003 ] } },
{ "type": "Feature", "properties": { "adm_p_lvl": 3, "name": "Shinshincho", "name_1": null, "name_2": null, "name_3": null, "loc_pcode": null, "x_coord": 37.7782307, "y_coord": 7.206615, "adm3_name": "Shinshincho town", "adm3_name1": null, "adm3_name2": null, "adm3_name3": null, "adm3_pcode": "ET070310", "adm2_name": "Kembata", "adm2_name1": null, "adm2_name2": null, "adm2_name3": null, "adm2_pcode": "ET0703", "adm1_name": "Central Ethiopia", "adm1_name1": null, "adm1_name2": null, "adm1_name3": null, "adm1_pcode": "ET07", "adm0_name": null, "adm0_name1": null, "adm0_name2": null, "adm0_name3": null, "adm0_pcode": null, "valid_on": "2025-01-01", "valid_to": null, "version": "v04", "name_lng": "en", "name_lng1": null, "name_lng2": null, "name_lng3": null }, "geometry": { "type": "Point", "coordinates": [ 37.77823070200003, 7.206615001000046 ] } },
{ "type": "Feature", "properties": { "adm_p_lvl": 3, "name": "Tepi", "name_1": null, "name_2": null, "name_3": null, "loc_pcode": null, "x_coord": 35.42069421, "y_coord": 7.19527366, "adm3_name": "Tepi", "adm3_name1": null, "adm3_name2": null, "adm3_name3": null, "adm3_pcode": "ET110104", "adm2_name": "Sheka", "adm2_name1": null, "adm2_name2": null, "adm2_name3": null, "adm2_pcode": "ET1101", "adm1_name": "South West Ethiopia", "adm1_name1": null, "adm1_name2": null, "adm1_name3": null, "adm1_pcode": "ET11", "adm0_name": null, "adm0_name1": null, "adm0_name2": null, "adm0_name3": null, "adm0_pcode": null, "valid_on": "2025-01-01", "valid_to": null, "version": "v04", "name_lng": "en", "name_lng1": null, "name_lng2": null, "name_lng3": null }, "geometry": { "type": "Point", "coordinates": [ 35.420694206000121, 7.195273659000065 ] } },
{ "type": "Feature", "properties": { "adm_p_lvl": 3, "name": "Kore", "name_1": null, "name_2": null, "name_3": null, "loc_pcode": null, "x_coord": 38.9302082, "y_coord": 7.21977372, "adm3_name": "Kore", "adm3_name1": null, "adm3_name2": null, "adm3_name3": null, "adm3_pcode": "ET041705", "adm2_name": "West Arsi", "adm2_name1": null, "adm2_name2": null, "adm2_name3": null, "adm2_pcode": "ET0417", "adm1_name": "Oromia", "adm1_name1": null, "adm1_name2": null, "adm1_name3": null, "adm1_pcode": "ET04", "adm0_name": null, "adm0_name1": null, "adm0_name2": null, "adm0_name3": null, "adm0_pcode": null, "valid_on": "2025-01-01", "valid_to": null, "version": "v04", "name_lng": "en", "name_lng1": null, "name_lng2": null, "name_lng3": null }, "geometry": { "type": "Point", "coordinates": [ 38.930208202000188, 7.21977372300006 ] } },
{ "type": "Feature", "properties": { "adm_p_lvl": 3, "name": "Dihun", "name_1": null, "name_2": null, "name_3": null, "loc_pcode": null, "x_coord": 42.69782389, "y_coord": 7.22775278, "adm3_name": "Dihun", "adm3_name1": null, "adm3_name2": null, "adm3_name3": null, "adm3_pcode": "ET051006", "adm2_name": "Nogob", "adm2_name1": null, "adm2_name2": null, "adm2_name3": null, "adm2_pcode": "ET0510", "adm1_name": "Somali", "adm1_name1": null, "adm1_name2": null, "adm1_name3": null, "adm1_pcode": "ET05", "adm0_name": null, "adm0_name1": null, "adm0_name2": null, "adm0_name3": null, "adm0_pcode": null, "valid_on": "2025-01-01", "valid_to": null, "version": "v04", "name_lng": "en", "name_lng1": null, "name_lng2": null, "name_lng3": null }, "geometry": { "type": "Point", "coordinates": [ 42.697823889000119, 7.227752778000081 ] } },
{ "type": "Feature", "properties": { "adm_p_lvl": 3, "name": "Weldane", "name_1": null, "name_2": null, "name_3": null, "loc_pcode": null, "x_coord": 37.26783791, "y_coord": 7.24220229, "adm3_name": "Gena", "adm3_name1": null, "adm3_name2": null, "adm3_name3": null, "adm3_pcode": "ET110404", "adm2_name": "Dawuro", "adm2_name1": null, "adm2_name2": null, "adm2_name3": null, "adm2_pcode": "ET1104", "adm1_name": "South West Ethiopia", "adm1_name1": null, "adm1_name2": null, "adm1_name3": null, "adm1_pcode": "ET11", "adm0_name": null, "adm0_name1": null, "adm0_name2": null, "adm0_name3": null, "adm0_pcode": null, "valid_on": "2025-01-01", "valid_to": null, "version": "v04", "name_lng": "en", "name_lng1": null, "name_lng2": null, "name_lng3": null }, "geometry": { "type": "Point", "coordinates": [ 37.267837906000182, 7.242202285000019 ] } },
{ "type": "Feature", "properties": { "adm_p_lvl": 2, "name": "Durame", "name_1": null, "name_2": null, "name_3": null, "loc_pcode": null, "x_coord": 37.89275389, "y_coord": 7.23859889, "adm3_name": "Durame town", "adm3_name1": null, "adm3_name2": null, "adm3_name3": null, "adm3_pcode": "ET070308", "adm2_name": "Kembata", "adm2_name1": null, "adm2_name2": null, "adm2_name3": null, "adm2_pcode": "ET0703", "adm1_name": "Central Ethiopia", "adm1_name1": null, "adm1_name2": null, "adm1_name3": null, "adm1_pcode": "ET07", "adm0_name": null, "adm0_name1": null, "adm0_name2": null, "adm0_name3": null, "adm0_pcode": null, "valid_on": "2025-01-01", "valid_to": null, "version": "v04", "name_lng": "en", "name_lng1": null, "name_lng2": null, "name_lng3": null }, "geometry": { "type": "Point", "coordinates": [ 37.892753889000176, 7.238598890000048 ] } },
{ "type": "Feature", "properties": { "adm_p_lvl": 2, "name": "Tilk'u Met'i", "name_1": null, "name_2": null, "name_3": null, "loc_pcode": null, "x_coord": 35.3182755, "y_coord": 7.2353625, "adm3_name": "Godere", "adm3_name1": null, "adm3_name2": null, "adm3_name3": null, "adm3_pcode": "ET120301", "adm2_name": "Majang", "adm2_name1": null, "adm2_name2": null, "adm2_name3": null, "adm2_pcode": "ET1203", "adm1_name": "Gambela", "adm1_name1": null, "adm1_name2": null, "adm1_name3": null, "adm1_pcode": "ET12", "adm0_name": null, "adm0_name1": null, "adm0_name2": null, "adm0_name3": null, "adm0_pcode": null, "valid_on": "2025-01-01", "valid_to": null, "version": "v04", "name_lng": "en", "name_lng1": null, "name_lng2": null, "name_lng3": null }, "geometry": { "type": "Point", "coordinates": [ 35.318275500000027, 7.235362500000178 ] } },
{ "type": "Feature", "properties": { "adm_p_lvl": 3, "name": "Maji Tum", "name_1": null, "name_2": null, "name_3": null, "loc_pcode": null, "x_coord": 35.88350177, "y_coord": 7.25004936, "adm3_name": "Shishinda town", "adm3_name1": null, "adm3_name2": null, "adm3_name3": null, "adm3_pcode": "ET110217", "adm2_name": "Kefa", "adm2_name1": null, "adm2_name2": null, "adm2_name3": null, "adm2_pcode": "ET1102", "adm1_name": "South West Ethiopia", "adm1_name1": null, "adm1_name2": null, "adm1_name3": null, "adm1_pcode": "ET11", "adm0_name": null, "adm0_name1": null, "adm0_name2": null, "adm0_name3": null, "adm0_pcode": null, "valid_on": "2025-01-01", "valid_to": null, "version": "v04", "name_lng": "en", "name_lng1": null, "name_lng2": null, "name_lng3": null }, "geometry": { "type": "Point", "coordinates": [ 35.883501774000024, 7.250049355000044 ] } },
{ "type": "Feature", "properties": { "adm_p_lvl": 1, "name": "Bonga", "name_1": null, "name_2": null, "name_3": null, "loc_pcode": null, "x_coord": 36.24621302, "y_coord": 7.26411551, "adm3_name": "Bonga town", "adm3_name1": null, "adm3_name2": null, "adm3_name3": null, "adm3_pcode": "ET110211", "adm2_name": "Kefa", "adm2_name1": null, "adm2_name2": null, "adm2_name3": null, "adm2_pcode": "ET1102", "adm1_name": "South West Ethiopia", "adm1_name1": null, "adm1_name2": null, "adm1_name3": null, "adm1_pcode": "ET11", "adm0_name": null, "adm0_name1": null, "adm0_name2": null, "adm0_name3": null, "adm0_pcode": null, "valid_on": "2025-01-01", "valid_to": null, "version": "v04", "name_lng": "en", "name_lng1": null, "name_lng2": null, "name_lng3": null }, "geometry": { "type": "Point", "coordinates": [ 36.246213015000137, 7.26411550600011 ] } },
{ "type": "Feature", "properties": { "adm_p_lvl": 3, "name": "Agafra", "name_1": null, "name_2": null, "name_3": null, "loc_pcode": null, "x_coord": 39.8234568, "y_coord": 7.27772403, "adm3_name": "Agarfa", "adm3_name1": null, "adm3_name2": null, "adm3_name3": null, "adm3_pcode": "ET041104", "adm2_name": "Bale", "adm2_name1": null, "adm2_name2": null, "adm2_name3": null, "adm2_pcode": "ET0411", "adm1_name": "Oromia", "adm1_name1": null, "adm1_name2": null, "adm1_name3": null, "adm1_pcode": "ET04", "adm0_name": null, "adm0_name1": null, "adm0_name2": null, "adm0_name3": null, "adm0_pcode": null, "valid_on": "2025-01-01", "valid_to": null, "version": "v04", "name_lng": "en", "name_lng1": null, "name_lng2": null, "name_lng3": null }, "geometry": { "type": "Point", "coordinates": [ 39.823456803, 7.277724032000037 ] } },
{ "type": "Feature", "properties": { "adm_p_lvl": 3, "name": "Adiyakaka", "name_1": null, "name_2": null, "name_3": null, "loc_pcode": null, "x_coord": 36.566667, "y_coord": 7.283333, "adm3_name": "Adiyio", "adm3_name1": null, "adm3_name2": null, "adm3_name3": null, "adm3_pcode": "ET110205", "adm2_name": "Kefa", "adm2_name1": null, "adm2_name2": null, "adm2_name3": null, "adm2_pcode": "ET1102", "adm1_name": "South West Ethiopia", "adm1_name1": null, "adm1_name2": null, "adm1_name3": null, "adm1_pcode": "ET11", "adm0_name": null, "adm0_name1": null, "adm0_name2": null, "adm0_name3": null, "adm0_pcode": null, "valid_on": "2025-01-01", "valid_to": null, "version": "v04", "name_lng": "en", "name_lng1": null, "name_lng2": null, "name_lng3": null }, "geometry": { "type": "Point", "coordinates": [ 36.566667000000109, 7.283333 ] } },
{ "type": "Feature", "properties": { "adm_p_lvl": 3, "name": "Bitagenet", "name_1": null, "name_2": null, "name_3": null, "loc_pcode": null, "x_coord": 35.7728305, "y_coord": 7.27368588, "adm3_name": "Bita", "adm3_name1": null, "adm3_name2": null, "adm3_name3": null, "adm3_pcode": "ET110210", "adm2_name": "Kefa", "adm2_name1": null, "adm2_name2": null, "adm2_name3": null, "adm2_pcode": "ET1102", "adm1_name": "South West Ethiopia", "adm1_name1": null, "adm1_name2": null, "adm1_name3": null, "adm1_pcode": "ET11", "adm0_name": null, "adm0_name1": null, "adm0_name2": null, "adm0_name3": null, "adm0_pcode": null, "valid_on": "2025-01-01", "valid_to": null, "version": "v04", "name_lng": "en", "name_lng1": null, "name_lng2": null, "name_lng3": null }, "geometry": { "type": "Point", "coordinates": [ 35.772830495999983, 7.273685881000176 ] } },
{ "type": "Feature", "properties": { "adm_p_lvl": 3, "name": "Aje", "name_1": null, "name_2": null, "name_3": null, "loc_pcode": null, "x_coord": 38.352638, "y_coord": 7.2983127, "adm3_name": "Shala", "adm3_name1": null, "adm3_name2": null, "adm3_name3": null, "adm3_pcode": "ET041702", "adm2_name": "West Arsi", "adm2_name1": null, "adm2_name2": null, "adm2_name3": null, "adm2_pcode": "ET0417", "adm1_name": "Oromia", "adm1_name1": null, "adm1_name2": null, "adm1_name3": null, "adm1_pcode": "ET04", "adm0_name": null, "adm0_name1": null, "adm0_name2": null, "adm0_name3": null, "adm0_pcode": null, "valid_on": "2025-01-01", "valid_to": null, "version": "v04", "name_lng": "en", "name_lng1": null, "name_lng2": null, "name_lng3": null }, "geometry": { "type": "Point", "coordinates": [ 38.352638, 7.298312695000106 ] } },
{ "type": "Feature", "properties": { "adm_p_lvl": 3, "name": "Alaba", "name_1": null, "name_2": null, "name_3": null, "loc_pcode": null, "x_coord": 38.083333, "y_coord": 7.316667, "adm3_name": "Kulito town", "adm3_name1": null, "adm3_name2": null, "adm3_name3": null, "adm3_pcode": "ET071401", "adm2_name": "Halaba", "adm2_name1": null, "adm2_name2": null, "adm2_name3": null, "adm2_pcode": "ET0714", "adm1_name": "Central Ethiopia", "adm1_name1": null, "adm1_name2": null, "adm1_name3": null, "adm1_pcode": "ET07", "adm0_name": null, "adm0_name1": null, "adm0_name2": null, "adm0_name3": null, "adm0_pcode": null, "valid_on": "2025-01-01", "valid_to": null, "version": "v04", "name_lng": "en", "name_lng1": null, "name_lng2": null, "name_lng3": null }, "geometry": { "type": "Point", "coordinates": [ 38.083333000000152, 7.316667 ] } },
{ "type": "Feature", "properties": { "adm_p_lvl": 3, "name": "Garbo", "name_1": null, "name_2": null, "name_3": null, "loc_pcode": null, "x_coord": 43.291667, "y_coord": 7.308, "adm3_name": "Garbo", "adm3_name1": null, "adm3_name2": null, "adm3_name3": null, "adm3_pcode": "ET051003", "adm2_name": "Nogob", "adm2_name1": null, "adm2_name2": null, "adm2_name3": null, "adm2_pcode": "ET0510", "adm1_name": "Somali", "adm1_name1": null, "adm1_name2": null, "adm1_name3": null, "adm1_pcode": "ET05", "adm0_name": null, "adm0_name1": null, "adm0_name2": null, "adm0_name3": null, "adm0_pcode": null, "valid_on": "2025-01-01", "valid_to": null, "version": "v04", "name_lng": "en", "name_lng1": null, "name_lng2": null, "name_lng3": null }, "geometry": { "type": "Point", "coordinates": [ 43.291667, 7.308000000000106 ] } },
{ "type": "Feature", "properties": { "adm_p_lvl": 3, "name": "Ansho", "name_1": null, "name_2": null, "name_3": null, "loc_pcode": null, "x_coord": 37.65150923, "y_coord": 7.33328414, "adm3_name": "Duna", "adm3_name1": null, "adm3_name2": null, "adm3_name3": null, "adm3_pcode": "ET070207", "adm2_name": "Hadiya", "adm2_name1": null, "adm2_name2": null, "adm2_name3": null, "adm2_pcode": "ET0702", "adm1_name": "Central Ethiopia", "adm1_name1": null, "adm1_name2": null, "adm1_name3": null, "adm1_pcode": "ET07", "adm0_name": null, "adm0_name1": null, "adm0_name2": null, "adm0_name3": null, "adm0_pcode": null, "valid_on": "2025-01-01", "valid_to": null, "version": "v04", "name_lng": "en", "name_lng1": null, "name_lng2": null, "name_lng3": null }, "geometry": { "type": "Point", "coordinates": [ 37.651509232000194, 7.333284142000082 ] } },
{ "type": "Feature", "properties": { "adm_p_lvl": 3, "name": "Angacha", "name_1": null, "name_2": null, "name_3": null, "loc_pcode": null, "x_coord": 37.858788, "y_coord": 7.33957376, "adm3_name": "Angacha", "adm3_name1": null, "adm3_name2": null, "adm3_name3": null, "adm3_pcode": "ET070302", "adm2_name": "Kembata", "adm2_name1": null, "adm2_name2": null, "adm2_name3": null, "adm2_pcode": "ET0703", "adm1_name": "Central Ethiopia", "adm1_name1": null, "adm1_name2": null, "adm1_name3": null, "adm1_pcode": "ET07", "adm0_name": null, "adm0_name1": null, "adm0_name2": null, "adm0_name3": null, "adm0_pcode": null, "valid_on": "2025-01-01", "valid_to": null, "version": "v04", "name_lng": "en", "name_lng1": null, "name_lng2": null, "name_lng3": null }, "geometry": { "type": "Point", "coordinates": [ 37.858787995000057, 7.33957376 ] } },
{ "type": "Feature", "properties": { "adm_p_lvl": 3, "name": "Demboya", "name_1": null, "name_2": null, "name_3": null, "loc_pcode": null, "x_coord": 37.94919243, "y_coord": 7.34304187, "adm3_name": "Damboya", "adm3_name1": null, "adm3_name2": null, "adm3_name3": null, "adm3_pcode": "ET070307", "adm2_name": "Kembata", "adm2_name1": null, "adm2_name2": null, "adm2_name3": null, "adm2_pcode": "ET0703", "adm1_name": "Central Ethiopia", "adm1_name1": null, "adm1_name2": null, "adm1_name3": null, "adm1_pcode": "ET07", "adm0_name": null, "adm0_name1": null, "adm0_name2": null, "adm0_name3": null, "adm0_pcode": null, "valid_on": "2025-01-01", "valid_to": null, "version": "v04", "name_lng": "en", "name_lng1": null, "name_lng2": null, "name_lng3": null }, "geometry": { "type": "Point", "coordinates": [ 37.949192426000138, 7.343041867000181 ] } },
{ "type": "Feature", "properties": { "adm_p_lvl": 3, "name": "Daratole", "name_1": null, "name_2": null, "name_3": null, "loc_pcode": null, "x_coord": 45.436648, "y_coord": 7.30226764, "adm3_name": "Daratole", "adm3_name1": null, "adm3_name2": null, "adm3_name3": null, "adm3_pcode": "ET050788", "adm2_name": "Doolo", "adm2_name1": null, "adm2_name2": null, "adm2_name3": null, "adm2_pcode": "ET0507", "adm1_name": "Somali", "adm1_name1": null, "adm1_name2": null, "adm1_name3": null, "adm1_pcode": "ET05", "adm0_name": null, "adm0_name1": null, "adm0_name2": null, "adm0_name3": null, "adm0_pcode": null, "valid_on": "2025-01-01", "valid_to": null, "version": "v04", "name_lng": "en", "name_lng1": null, "name_lng2": null, "name_lng3": null }, "geometry": { "type": "Point", "coordinates": [ 45.436647998000069, 7.302267644000096 ] } },
{ "type": "Feature", "properties": { "adm_p_lvl": 3, "name": "Doyo Gena", "name_1": null, "name_2": null, "name_3": null, "loc_pcode": null, "x_coord": 37.78203103, "y_coord": 7.35103639, "adm3_name": "Doyogena", "adm3_name1": null, "adm3_name2": null, "adm3_name3": null, "adm3_pcode": "ET070306", "adm2_name": "Kembata", "adm2_name1": null, "adm2_name2": null, "adm2_name3": null, "adm2_pcode": "ET0703", "adm1_name": "Central Ethiopia", "adm1_name1": null, "adm1_name2": null, "adm1_name3": null, "adm1_pcode": "ET07", "adm0_name": null, "adm0_name1": null, "adm0_name2": null, "adm0_name3": null, "adm0_pcode": null, "valid_on": "2025-01-01", "valid_to": null, "version": "v04", "name_lng": "en", "name_lng1": null, "name_lng2": null, "name_lng3": null }, "geometry": { "type": "Point", "coordinates": [ 37.782031031000145, 7.351036389000114 ] } },
{ "type": "Feature", "properties": { "adm_p_lvl": 3, "name": "Arsi Negele", "name_1": null, "name_2": null, "name_3": null, "loc_pcode": null, "x_coord": 38.67073907, "y_coord": 7.35543264, "adm3_name": "Arsi Negele town", "adm3_name1": null, "adm3_name2": null, "adm3_name3": null, "adm3_pcode": "ET041799", "adm2_name": "West Arsi", "adm2_name1": null, "adm2_name2": null, "adm2_name3": null, "adm2_pcode": "ET0417", "adm1_name": "Oromia", "adm1_name1": null, "adm1_name2": null, "adm1_name3": null, "adm1_pcode": "ET04", "adm0_name": null, "adm0_name1": null, "adm0_name2": null, "adm0_name3": null, "adm0_pcode": null, "valid_on": "2025-01-01", "valid_to": null, "version": "v04", "name_lng": "en", "name_lng1": null, "name_lng2": null, "name_lng3": null }, "geometry": { "type": "Point", "coordinates": [ 38.670739071000071, 7.355432637000092 ] } },
{ "type": "Feature", "properties": { "adm_p_lvl": 3, "name": "Jara", "name_1": null, "name_2": null, "name_3": null, "loc_pcode": null, "x_coord": 40.49811903, "y_coord": 7.36900187, "adm3_name": "Gololcha Bale", "adm3_name1": null, "adm3_name2": null, "adm3_name3": null, "adm3_pcode": "ET042101", "adm2_name": "East Bale", "adm2_name1": null, "adm2_name2": null, "adm2_name3": null, "adm2_pcode": "ET0421", "adm1_name": "Oromia", "adm1_name1": null, "adm1_name2": null, "adm1_name3": null, "adm1_pcode": "ET04", "adm0_name": null, "adm0_name1": null, "adm0_name2": null, "adm0_name3": null, "adm0_pcode": null, "valid_on": "2025-01-01", "valid_to": null, "version": "v04", "name_lng": "en", "name_lng1": null, "name_lng2": null, "name_lng3": null }, "geometry": { "type": "Point", "coordinates": [ 40.498119026000097, 7.369001868000055 ] } },
{ "type": "Feature", "properties": { "adm_p_lvl": 3, "name": "Gasera", "name_1": null, "name_2": null, "name_3": null, "loc_pcode": null, "x_coord": 40.183333, "y_coord": 7.366667, "adm3_name": "Gasera", "adm3_name1": null, "adm3_name2": null, "adm3_name3": null, "adm3_pcode": "ET041106", "adm2_name": "Bale", "adm2_name1": null, "adm2_name2": null, "adm2_name3": null, "adm2_pcode": "ET0411", "adm1_name": "Oromia", "adm1_name1": null, "adm1_name2": null, "adm1_name3": null, "adm1_pcode": "ET04", "adm0_name": null, "adm0_name1": null, "adm0_name2": null, "adm0_name3": null, "adm0_pcode": null, "valid_on": "2025-01-01", "valid_to": null, "version": "v04", "name_lng": "en", "name_lng1": null, "name_lng2": null, "name_lng3": null }, "geometry": { "type": "Point", "coordinates": [ 40.183333, 7.36666700000012 ] } },
{ "type": "Feature", "properties": { "adm_p_lvl": 3, "name": "Legehida", "name_1": null, "name_2": null, "name_3": null, "loc_pcode": null, "x_coord": 41.7666666, "y_coord": 7.366666, "adm3_name": "Seweyna", "adm3_name1": null, "adm3_name2": null, "adm3_name3": null, "adm3_pcode": "ET042105", "adm2_name": "East Bale", "adm2_name1": null, "adm2_name2": null, "adm2_name3": null, "adm2_pcode": "ET0421", "adm1_name": "Oromia", "adm1_name1": null, "adm1_name2": null, "adm1_name3": null, "adm1_pcode": "ET04", "adm0_name": null, "adm0_name1": null, "adm0_name2": null, "adm0_name3": null, "adm0_pcode": null, "valid_on": "2025-01-01", "valid_to": null, "version": "v04", "name_lng": "en", "name_lng1": null, "name_lng2": null, "name_lng3": null }, "geometry": { "type": "Point", "coordinates": [ 41.766666600000065, 7.366665999000134 ] } },
{ "type": "Feature", "properties": { "adm_p_lvl": 3, "name": "Silt'ana", "name_1": null, "name_2": null, "name_3": null, "loc_pcode": null, "x_coord": 39.39193662, "y_coord": 7.4009639, "adm3_name": "Inkolo Wabe", "adm3_name1": null, "adm3_name2": null, "adm3_name3": null, "adm3_pcode": "ET040824", "adm2_name": "Arsi", "adm2_name1": null, "adm2_name2": null, "adm2_name3": null, "adm2_pcode": "ET0408", "adm1_name": "Oromia", "adm1_name1": null, "adm1_name2": null, "adm1_name3": null, "adm1_pcode": "ET04", "adm0_name": null, "adm0_name1": null, "adm0_name2": null, "adm0_name3": null, "adm0_pcode": null, "valid_on": "2025-01-01", "valid_to": null, "version": "v04", "name_lng": "en", "name_lng1": null, "name_lng2": null, "name_lng3": null }, "geometry": { "type": "Point", "coordinates": [ 39.391936618000045, 7.400963896000121 ] } },
{ "type": "Feature", "properties": { "adm_p_lvl": 3, "name": "Uffa", "name_1": null, "name_2": null, "name_3": null, "loc_pcode": null, "x_coord": 36.22501252, "y_coord": 7.39472267, "adm3_name": "Gimbo", "adm3_name1": null, "adm3_name2": null, "adm3_name3": null, "adm3_pcode": "ET110204", "adm2_name": "Kefa", "adm2_name1": null, "adm2_name2": null, "adm2_name3": null, "adm2_pcode": "ET1102", "adm1_name": "South West Ethiopia", "adm1_name1": null, "adm1_name2": null, "adm1_name3": null, "adm1_pcode": "ET11", "adm0_name": null, "adm0_name1": null, "adm0_name2": null, "adm0_name3": null, "adm0_pcode": null, "valid_on": "2025-01-01", "valid_to": null, "version": "v04", "name_lng": "en", "name_lng1": null, "name_lng2": null, "name_lng3": null }, "geometry": { "type": "Point", "coordinates": [ 36.225012516000106, 7.394722671000068 ] } },
{ "type": "Feature", "properties": { "adm_p_lvl": 3, "name": "Golije", "name_1": null, "name_2": null, "name_3": null, "loc_pcode": null, "x_coord": 38.8172968, "y_coord": 7.42545472, "adm3_name": "Heban Arsi", "adm3_name1": null, "adm3_name2": null, "adm3_name3": null, "adm3_pcode": "ET041783", "adm2_name": "West Arsi", "adm2_name1": null, "adm2_name2": null, "adm2_name3": null, "adm2_pcode": "ET0417", "adm1_name": "Oromia", "adm1_name1": null, "adm1_name2": null, "adm1_name3": null, "adm1_pcode": "ET04", "adm0_name": null, "adm0_name1": null, "adm0_name2": null, "adm0_name3": null, "adm0_pcode": null, "valid_on": "2025-01-01", "valid_to": null, "version": "v04", "name_lng": "en", "name_lng1": null, "name_lng2": null, "name_lng3": null }, "geometry": { "type": "Point", "coordinates": [ 38.817296796000107, 7.42545471700015 ] } },
{ "type": "Feature", "properties": { "adm_p_lvl": 3, "name": "Shaygosh", "name_1": null, "name_2": null, "name_3": null, "loc_pcode": null, "x_coord": 43.92580298, "y_coord": 7.40381665, "adm3_name": "Shaygosh", "adm3_name1": null, "adm3_name2": null, "adm3_name3": null, "adm3_pcode": "ET050501", "adm2_name": "Korahe", "adm2_name1": null, "adm2_name2": null, "adm2_name3": null, "adm2_pcode": "ET0505", "adm1_name": "Somali", "adm1_name1": null, "adm1_name2": null, "adm1_name3": null, "adm1_pcode": "ET05", "adm0_name": null, "adm0_name1": null, "adm0_name2": null, "adm0_name3": null, "adm0_pcode": null, "valid_on": "2025-01-01", "valid_to": null, "version": "v04", "name_lng": "en", "name_lng1": null, "name_lng2": null, "name_lng3": null }, "geometry": { "type": "Point", "coordinates": [ 43.925802982000107, 7.403816648000088 ] } },
{ "type": "Feature", "properties": { "adm_p_lvl": 3, "name": "Micha Biliso", "name_1": null, "name_2": null, "name_3": null, "loc_pcode": null, "x_coord": 40.97817938, "y_coord": 7.45639108, "adm3_name": "Seweyna", "adm3_name1": null, "adm3_name2": null, "adm3_name3": null, "adm3_pcode": "ET042105", "adm2_name": "East Bale", "adm2_name1": null, "adm2_name2": null, "adm2_name3": null, "adm2_pcode": "ET0421", "adm1_name": "Oromia", "adm1_name1": null, "adm1_name2": null, "adm1_name3": null, "adm1_pcode": "ET04", "adm0_name": null, "adm0_name1": null, "adm0_name2": null, "adm0_name3": null, "adm0_pcode": null, "valid_on": "2025-01-01", "valid_to": null, "version": "v04", "name_lng": "en", "name_lng1": null, "name_lng2": null, "name_lng3": null }, "geometry": { "type": "Point", "coordinates": [ 40.978179376000071, 7.456391081000106 ] } },
{ "type": "Feature", "properties": { "adm_p_lvl": 3, "name": "Gimbichu", "name_1": null, "name_2": null, "name_3": null, "loc_pcode": null, "x_coord": 37.62646286, "y_coord": 7.44807947, "adm3_name": "Gimbichu town", "adm3_name1": null, "adm3_name2": null, "adm3_name3": null, "adm3_pcode": "ET070213", "adm2_name": "Hadiya", "adm2_name1": null, "adm2_name2": null, "adm2_name3": null, "adm2_pcode": "ET0702", "adm1_name": "Central Ethiopia", "adm1_name1": null, "adm1_name2": null, "adm1_name3": null, "adm1_pcode": "ET07", "adm0_name": null, "adm0_name1": null, "adm0_name2": null, "adm0_name3": null, "adm0_pcode": null, "valid_on": "2025-01-01", "valid_to": null, "version": "v04", "name_lng": "en", "name_lng1": null, "name_lng2": null, "name_lng3": null }, "geometry": { "type": "Point", "coordinates": [ 37.626462856000103, 7.448079469000049 ] } },
{ "type": "Feature", "properties": { "adm_p_lvl": 3, "name": "Jajura", "name_1": null, "name_2": null, "name_3": null, "loc_pcode": null, "x_coord": 37.69048078, "y_coord": 7.46109525, "adm3_name": "Jajura town", "adm3_name1": null, "adm3_name2": null, "adm3_name3": null, "adm3_pcode": "ET070214", "adm2_name": "Hadiya", "adm2_name1": null, "adm2_name2": null, "adm2_name3": null, "adm2_pcode": "ET0702", "adm1_name": "Central Ethiopia", "adm1_name1": null, "adm1_name2": null, "adm1_name3": null, "adm1_pcode": "ET07", "adm0_name": null, "adm0_name1": null, "adm0_name2": null, "adm0_name3": null, "adm0_pcode": null, "valid_on": "2025-01-01", "valid_to": null, "version": "v04", "name_lng": "en", "name_lng1": null, "name_lng2": null, "name_lng3": null }, "geometry": { "type": "Point", "coordinates": [ 37.690480777000175, 7.461095248000049 ] } },
{ "type": "Feature", "properties": { "adm_p_lvl": 3, "name": "Mengeshi (Goderie Mission)", "name_1": null, "name_2": null, "name_3": null, "loc_pcode": null, "x_coord": 35.04764672, "y_coord": 7.45282202, "adm3_name": "Mengesh", "adm3_name1": null, "adm3_name2": null, "adm3_name3": null, "adm3_pcode": "ET120308", "adm2_name": "Majang", "adm2_name1": null, "adm2_name2": null, "adm2_name3": null, "adm2_pcode": "ET1203", "adm1_name": "Gambela", "adm1_name1": null, "adm1_name2": null, "adm1_name3": null, "adm1_pcode": "ET12", "adm0_name": null, "adm0_name1": null, "adm0_name2": null, "adm0_name3": null, "adm0_pcode": null, "valid_on": "2025-01-01", "valid_to": null, "version": "v04", "name_lng": "en", "name_lng1": null, "name_lng2": null, "name_lng3": null }, "geometry": { "type": "Point", "coordinates": [ 35.047646715999974, 7.452822021000031 ] } },
{ "type": "Feature", "properties": { "adm_p_lvl": 3, "name": "Shebe", "name_1": null, "name_2": null, "name_3": null, "loc_pcode": null, "x_coord": 36.51307586, "y_coord": 7.50479761, "adm3_name": "Shebe Sambo", "adm3_name1": null, "adm3_name2": null, "adm3_name3": null, "adm3_pcode": "ET040414", "adm2_name": "Jimma", "adm2_name1": null, "adm2_name2": null, "adm2_name3": null, "adm2_pcode": "ET0404", "adm1_name": "Oromia", "adm1_name1": null, "adm1_name2": null, "adm1_name3": null, "adm1_pcode": "ET04", "adm0_name": null, "adm0_name1": null, "adm0_name2": null, "adm0_name3": null, "adm0_pcode": null, "valid_on": "2025-01-01", "valid_to": null, "version": "v04", "name_lng": "en", "name_lng1": null, "name_lng2": null, "name_lng3": null }, "geometry": { "type": "Point", "coordinates": [ 36.513075860000129, 7.504797610000026 ] } },
{ "type": "Feature", "properties": { "adm_p_lvl": 3, "name": "Dedo", "name_1": null, "name_2": null, "name_3": null, "loc_pcode": null, "x_coord": 36.87306545, "y_coord": 7.50891236, "adm3_name": "Dedo", "adm3_name1": null, "adm3_name2": null, "adm3_name3": null, "adm3_pcode": "ET040410", "adm2_name": "Jimma", "adm2_name1": null, "adm2_name2": null, "adm2_name3": null, "adm2_pcode": "ET0404", "adm1_name": "Oromia", "adm1_name1": null, "adm1_name2": null, "adm1_name3": null, "adm1_pcode": "ET04", "adm0_name": null, "adm0_name1": null, "adm0_name2": null, "adm0_name3": null, "adm0_pcode": null, "valid_on": "2025-01-01", "valid_to": null, "version": "v04", "name_lng": "en", "name_lng1": null, "name_lng2": null, "name_lng3": null }, "geometry": { "type": "Point", "coordinates": [ 36.873065445000123, 7.508912364000139 ] } },
{ "type": "Feature", "properties": { "adm_p_lvl": 3, "name": "Kersa", "name_1": null, "name_2": null, "name_3": null, "loc_pcode": null, "x_coord": 38.98280147, "y_coord": 7.53061744, "adm3_name": "Munessa", "adm3_name1": null, "adm3_name2": null, "adm3_name3": null, "adm3_pcode": "ET040817", "adm2_name": "Arsi", "adm2_name1": null, "adm2_name2": null, "adm2_name3": null, "adm2_pcode": "ET0408", "adm1_name": "Oromia", "adm1_name1": null, "adm1_name2": null, "adm1_name3": null, "adm1_pcode": "ET04", "adm0_name": null, "adm0_name1": null, "adm0_name2": null, "adm0_name3": null, "adm0_pcode": null, "valid_on": "2025-01-01", "valid_to": null, "version": "v04", "name_lng": "en", "name_lng1": null, "name_lng2": null, "name_lng3": null }, "geometry": { "type": "Point", "coordinates": [ 38.982801472000062, 7.530617440000128 ] } },
{ "type": "Feature", "properties": { "adm_p_lvl": 3, "name": "Bokoji", "name_1": null, "name_2": null, "name_3": null, "loc_pcode": null, "x_coord": 39.25, "y_coord": 7.533333, "adm3_name": "Bokoji town", "adm3_name1": null, "adm3_name2": null, "adm3_name3": null, "adm3_pcode": "ET040894", "adm2_name": "Arsi", "adm2_name1": null, "adm2_name2": null, "adm2_name3": null, "adm2_pcode": "ET0408", "adm1_name": "Oromia", "adm1_name1": null, "adm1_name2": null, "adm1_name3": null, "adm1_pcode": "ET04", "adm0_name": null, "adm0_name1": null, "adm0_name2": null, "adm0_name3": null, "adm0_pcode": null, "valid_on": "2025-01-01", "valid_to": null, "version": "v04", "name_lng": "en", "name_lng1": null, "name_lng2": null, "name_lng3": null }, "geometry": { "type": "Point", "coordinates": [ 39.250000000000171, 7.533333 ] } },
{ "type": "Feature", "properties": { "adm_p_lvl": 1, "name": "Hosaena", "name_1": null, "name_2": null, "name_3": null, "loc_pcode": null, "x_coord": 37.85442941, "y_coord": 7.54463372, "adm3_name": "Hosaena town", "adm3_name1": null, "adm3_name2": null, "adm3_name3": null, "adm3_pcode": "ET070211", "adm2_name": "Hadiya", "adm2_name1": null, "adm2_name2": null, "adm2_name3": null, "adm2_pcode": "ET0702", "adm1_name": "Central Ethiopia", "adm1_name1": null, "adm1_name2": null, "adm1_name3": null, "adm1_pcode": "ET07", "adm0_name": null, "adm0_name1": null, "adm0_name2": null, "adm0_name3": null, "adm0_pcode": null, "valid_on": "2025-01-01", "valid_to": null, "version": "v04", "name_lng": "en", "name_lng1": null, "name_lng2": null, "name_lng3": null }, "geometry": { "type": "Point", "coordinates": [ 37.854429414000094, 7.54463372400005 ] } },
{ "type": "Feature", "properties": { "adm_p_lvl": 3, "name": "Alem Gebeya", "name_1": null, "name_2": null, "name_3": null, "loc_pcode": null, "x_coord": 38.1781731, "y_coord": 7.56860719, "adm3_name": "Sankura", "adm3_name1": null, "adm3_name2": null, "adm3_name3": null, "adm3_pcode": "ET072006", "adm2_name": "Siltie", "adm2_name1": null, "adm2_name2": null, "adm2_name3": null, "adm2_pcode": "ET0720", "adm1_name": "Central Ethiopia", "adm1_name1": null, "adm1_name2": null, "adm1_name3": null, "adm1_pcode": "ET07", "adm0_name": null, "adm0_name1": null, "adm0_name2": null, "adm0_name3": null, "adm0_pcode": null, "valid_on": "2025-01-01", "valid_to": null, "version": "v04", "name_lng": "en", "name_lng1": null, "name_lng2": null, "name_lng3": null }, "geometry": { "type": "Point", "coordinates": [ 38.17817310300012, 7.568607192000172 ] } },
{ "type": "Feature", "properties": { "adm_p_lvl": 3, "name": "Gech'a", "name_1": null, "name_2": null, "name_3": null, "loc_pcode": null, "x_coord": 35.40213156, "y_coord": 7.56187583, "adm3_name": "Masha", "adm3_name1": null, "adm3_name2": null, "adm3_name3": null, "adm3_pcode": "ET110102", "adm2_name": "Sheka", "adm2_name1": null, "adm2_name2": null, "adm2_name3": null, "adm2_pcode": "ET1101", "adm1_name": "South West Ethiopia", "adm1_name1": null, "adm1_name2": null, "adm1_name3": null, "adm1_pcode": "ET11", "adm0_name": null, "adm0_name1": null, "adm0_name2": null, "adm0_name3": null, "adm0_pcode": null, "valid_on": "2025-01-01", "valid_to": null, "version": "v04", "name_lng": "en", "name_lng1": null, "name_lng2": null, "name_lng3": null }, "geometry": { "type": "Point", "coordinates": [ 35.402131559000168, 7.561875827000165 ] } },
{ "type": "Feature", "properties": { "adm_p_lvl": 3, "name": "Danod", "name_1": null, "name_2": null, "name_3": null, "loc_pcode": null, "x_coord": 45.28836136, "y_coord": 7.55722554, "adm3_name": "Danod", "adm3_name1": null, "adm3_name2": null, "adm3_name3": null, "adm3_pcode": "ET050701", "adm2_name": "Doolo", "adm2_name1": null, "adm2_name2": null, "adm2_name3": null, "adm2_pcode": "ET0507", "adm1_name": "Somali", "adm1_name1": null, "adm1_name2": null, "adm1_name3": null, "adm1_pcode": "ET05", "adm0_name": null, "adm0_name1": null, "adm0_name2": null, "adm0_name3": null, "adm0_pcode": null, "valid_on": "2025-01-01", "valid_to": null, "version": "v04", "name_lng": "en", "name_lng1": null, "name_lng2": null, "name_lng3": null }, "geometry": { "type": "Point", "coordinates": [ 45.28836136100017, 7.557225538000068 ] } },
{ "type": "Feature", "properties": { "adm_p_lvl": 3, "name": "Bokh", "name_1": null, "name_2": null, "name_3": null, "loc_pcode": null, "x_coord": 46.647807, "y_coord": 7.437899, "adm3_name": "Bokh", "adm3_name1": null, "adm3_name2": null, "adm3_name3": null, "adm3_pcode": "ET050702", "adm2_name": "Doolo", "adm2_name1": null, "adm2_name2": null, "adm2_name3": null, "adm2_pcode": "ET0507", "adm1_name": "Somali", "adm1_name1": null, "adm1_name2": null, "adm1_name3": null, "adm1_pcode": "ET05", "adm0_name": null, "adm0_name1": null, "adm0_name2": null, "adm0_name3": null, "adm0_pcode": null, "valid_on": "2025-01-01", "valid_to": null, "version": "v04", "name_lng": "en", "name_lng1": null, "name_lng2": null, "name_lng3": null }, "geometry": { "type": "Point", "coordinates": [ 46.647807, 7.437899000000129 ] } },
{ "type": "Feature", "properties": { "adm_p_lvl": 3, "name": "Nada", "name_1": null, "name_2": null, "name_3": null, "loc_pcode": null, "x_coord": 37.25146448, "y_coord": 7.63077537, "adm3_name": "Omo Nada", "adm3_name1": null, "adm3_name2": null, "adm3_name3": null, "adm3_pcode": "ET040411", "adm2_name": "Jimma", "adm2_name1": null, "adm2_name2": null, "adm2_name3": null, "adm2_pcode": "ET0404", "adm1_name": "Oromia", "adm1_name1": null, "adm1_name2": null, "adm1_name3": null, "adm1_pcode": "ET04", "adm0_name": null, "adm0_name1": null, "adm0_name2": null, "adm0_name3": null, "adm0_pcode": null, "valid_on": "2025-01-01", "valid_to": null, "version": "v04", "name_lng": "en", "name_lng1": null, "name_lng2": null, "name_lng3": null }, "geometry": { "type": "Point", "coordinates": [ 37.251464478000059, 7.63077536500009 ] } },
{ "type": "Feature", "properties": { "adm_p_lvl": 3, "name": "Deka", "name_1": null, "name_2": null, "name_3": null, "loc_pcode": null, "x_coord": 35.7590048, "y_coord": 7.5937381, "adm3_name": "Deka town", "adm3_name1": null, "adm3_name2": null, "adm3_name3": null, "adm3_pcode": "ET110215", "adm2_name": "Kefa", "adm2_name1": null, "adm2_name2": null, "adm2_name3": null, "adm2_pcode": "ET1102", "adm1_name": "South West Ethiopia", "adm1_name1": null, "adm1_name2": null, "adm1_name3": null, "adm1_pcode": "ET11", "adm0_name": null, "adm0_name1": null, "adm0_name2": null, "adm0_name3": null, "adm0_pcode": null, "valid_on": "2025-01-01", "valid_to": null, "version": "v04", "name_lng": "en", "name_lng1": null, "name_lng2": null, "name_lng3": null }, "geometry": { "type": "Point", "coordinates": [ 35.759004800000014, 7.59373810000011 ] } },
{ "type": "Feature", "properties": { "adm_p_lvl": 3, "name": "Konda", "name_1": null, "name_2": null, "name_3": null, "loc_pcode": null, "x_coord": 36.00375192, "y_coord": 7.60044875, "adm3_name": "Gewata", "adm3_name1": null, "adm3_name2": null, "adm3_name3": null, "adm3_pcode": "ET110203", "adm2_name": "Kefa", "adm2_name1": null, "adm2_name2": null, "adm2_name3": null, "adm2_pcode": "ET1102", "adm1_name": "South West Ethiopia", "adm1_name1": null, "adm1_name2": null, "adm1_name3": null, "adm1_pcode": "ET11", "adm0_name": null, "adm0_name1": null, "adm0_name2": null, "adm0_name3": null, "adm0_pcode": null, "valid_on": "2025-01-01", "valid_to": null, "version": "v04", "name_lng": "en", "name_lng1": null, "name_lng2": null, "name_lng3": null }, "geometry": { "type": "Point", "coordinates": [ 36.003751917000102, 7.600448749000122 ] } },
{ "type": "Feature", "properties": { "adm_p_lvl": 3, "name": "Gobesa", "name_1": null, "name_2": null, "name_3": null, "loc_pcode": null, "x_coord": 39.49333784, "y_coord": 7.61862092, "adm3_name": "Shirka", "adm3_name1": null, "adm3_name2": null, "adm3_name3": null, "adm3_pcode": "ET040814", "adm2_name": "Arsi", "adm2_name1": null, "adm2_name2": null, "adm2_name3": null, "adm2_pcode": "ET0408", "adm1_name": "Oromia", "adm1_name1": null, "adm1_name2": null, "adm1_name3": null, "adm1_pcode": "ET04", "adm0_name": null, "adm0_name1": null, "adm0_name2": null, "adm0_name3": null, "adm0_pcode": null, "valid_on": "2025-01-01", "valid_to": null, "version": "v04", "name_lng": "en", "name_lng1": null, "name_lng2": null, "name_lng3": null }, "geometry": { "type": "Point", "coordinates": [ 39.493337840000095, 7.618620916000111 ] } },
{ "type": "Feature", "properties": { "adm_p_lvl": 3, "name": "Marsin", "name_1": null, "name_2": null, "name_3": null, "loc_pcode": null, "x_coord": 44.94017282, "y_coord": 7.60863943, "adm3_name": "Marsin", "adm3_name1": null, "adm3_name2": null, "adm3_name3": null, "adm3_pcode": "ET050586", "adm2_name": "Korahe", "adm2_name1": null, "adm2_name2": null, "adm2_name3": null, "adm2_pcode": "ET0505", "adm1_name": "Somali", "adm1_name1": null, "adm1_name2": null, "adm1_name3": null, "adm1_pcode": "ET05", "adm0_name": null, "adm0_name1": null, "adm0_name2": null, "adm0_name3": null, "adm0_pcode": null, "valid_on": "2025-01-01", "valid_to": null, "version": "v04", "name_lng": "en", "name_lng1": null, "name_lng2": null, "name_lng3": null }, "geometry": { "type": "Point", "coordinates": [ 44.940172822000136, 7.608639429000164 ] } },
{ "type": "Feature", "properties": { "adm_p_lvl": 3, "name": "Burqod", "name_1": null, "name_2": null, "name_3": null, "loc_pcode": null, "x_coord": 43.77632321, "y_coord": 7.59832715, "adm3_name": "Burqod", "adm3_name1": null, "adm3_name2": null, "adm3_name3": null, "adm3_pcode": "ET050394", "adm2_name": "Jarar", "adm2_name1": null, "adm2_name2": null, "adm2_name3": null, "adm2_pcode": "ET0503", "adm1_name": "Somali", "adm1_name1": null, "adm1_name2": null, "adm1_name3": null, "adm1_pcode": "ET05", "adm0_name": null, "adm0_name1": null, "adm0_name2": null, "adm0_name3": null, "adm0_pcode": null, "valid_on": "2025-01-01", "valid_to": null, "version": "v04", "name_lng": "en", "name_lng1": null, "name_lng2": null, "name_lng3": null }, "geometry": { "type": "Point", "coordinates": [ 43.776323205999972, 7.598327152000024 ] } },
{ "type": "Feature", "properties": { "adm_p_lvl": 3, "name": "Fonko", "name_1": null, "name_2": null, "name_3": null, "loc_pcode": null, "x_coord": 37.96627, "y_coord": 7.64752278, "adm3_name": "Analemmo", "adm3_name1": null, "adm3_name2": null, "adm3_name3": null, "adm3_pcode": "ET070208", "adm2_name": "Hadiya", "adm2_name1": null, "adm2_name2": null, "adm2_name3": null, "adm2_pcode": "ET0702", "adm1_name": "Central Ethiopia", "adm1_name1": null, "adm1_name2": null, "adm1_name3": null, "adm1_pcode": "ET07", "adm0_name": null, "adm0_name1": null, "adm0_name2": null, "adm0_name3": null, "adm0_pcode": null, "valid_on": "2025-01-01", "valid_to": null, "version": "v04", "name_lng": "en", "name_lng1": null, "name_lng2": null, "name_lng3": null }, "geometry": { "type": "Point", "coordinates": [ 37.96627, 7.647522778000109 ] } },
{ "type": "Feature", "properties": { "adm_p_lvl": 3, "name": "Pugnido", "name_1": null, "name_2": null, "name_3": null, "loc_pcode": null, "x_coord": 34.25146891, "y_coord": 7.63886877, "adm3_name": "Gog", "adm3_name1": null, "adm3_name2": null, "adm3_name3": null, "adm3_pcode": "ET120203", "adm2_name": "Agnewak", "adm2_name1": null, "adm2_name2": null, "adm2_name3": null, "adm2_pcode": "ET1202", "adm1_name": "Gambela", "adm1_name1": null, "adm1_name2": null, "adm1_name3": null, "adm1_pcode": "ET12", "adm0_name": null, "adm0_name1": null, "adm0_name2": null, "adm0_name3": null, "adm0_pcode": null, "valid_on": "2025-01-01", "valid_to": null, "version": "v04", "name_lng": "en", "name_lng1": null, "name_lng2": null, "name_lng3": null }, "geometry": { "type": "Point", "coordinates": [ 34.251468911000075, 7.638868770000158 ] } },
{ "type": "Feature", "properties": { "adm_p_lvl": 3, "name": "Seru", "name_1": null, "name_2": null, "name_3": null, "loc_pcode": null, "x_coord": 40.19782894, "y_coord": 7.67155361, "adm3_name": "Seru", "adm3_name1": null, "adm3_name2": null, "adm3_name3": null, "adm3_pcode": "ET040811", "adm2_name": "Arsi", "adm2_name1": null, "adm2_name2": null, "adm2_name3": null, "adm2_pcode": "ET0408", "adm1_name": "Oromia", "adm1_name1": null, "adm1_name2": null, "adm1_name3": null, "adm1_pcode": "ET04", "adm0_name": null, "adm0_name1": null, "adm0_name2": null, "adm0_name3": null, "adm0_pcode": null, "valid_on": "2025-01-01", "valid_to": null, "version": "v04", "name_lng": "en", "name_lng1": null, "name_lng2": null, "name_lng3": null }, "geometry": { "type": "Point", "coordinates": [ 40.197828944000037, 7.671553614000175 ] } },
{ "type": "Feature", "properties": { "adm_p_lvl": 2, "name": "Jimma", "name_1": null, "name_2": null, "name_3": null, "loc_pcode": null, "x_coord": 36.83770682, "y_coord": 7.67452391, "adm3_name": "Jimma town", "adm3_name1": null, "adm3_name2": null, "adm3_name3": null, "adm3_pcode": "ET040418", "adm2_name": "Jimma", "adm2_name1": null, "adm2_name2": null, "adm2_name3": null, "adm2_pcode": "ET0404", "adm1_name": "Oromia", "adm1_name1": null, "adm1_name2": null, "adm1_name3": null, "adm1_pcode": "ET04", "adm0_name": null, "adm0_name1": null, "adm0_name2": null, "adm0_name3": null, "adm0_pcode": null, "valid_on": "2025-01-01", "valid_to": null, "version": "v04", "name_lng": "en", "name_lng1": null, "name_lng2": null, "name_lng3": null }, "geometry": { "type": "Point", "coordinates": [ 36.837706822000087, 7.674523908000083 ] } },
{ "type": "Feature", "properties": { "adm_p_lvl": 3, "name": "Mito", "name_1": null, "name_2": null, "name_3": null, "loc_pcode": null, "x_coord": 38.35727543, "y_coord": 7.67878586, "adm3_name": "Mito", "adm3_name1": null, "adm3_name2": null, "adm3_name3": null, "adm3_pcode": "ET072012", "adm2_name": "Siltie", "adm2_name1": null, "adm2_name2": null, "adm2_name3": null, "adm2_pcode": "ET0720", "adm1_name": "Central Ethiopia", "adm1_name1": null, "adm1_name2": null, "adm1_name3": null, "adm1_pcode": "ET07", "adm0_name": null, "adm0_name1": null, "adm0_name2": null, "adm0_name3": null, "adm0_pcode": null, "valid_on": "2025-01-01", "valid_to": null, "version": "v04", "name_lng": "en", "name_lng1": null, "name_lng2": null, "name_lng3": null }, "geometry": { "type": "Point", "coordinates": [ 38.357275426000115, 7.678785859000016 ] } },
{ "type": "Feature", "properties": { "adm_p_lvl": 3, "name": "Homecho", "name_1": null, "name_2": null, "name_3": null, "loc_pcode": null, "x_coord": 37.71792697, "y_coord": 7.68859264, "adm3_name": "Gibe", "adm3_name1": null, "adm3_name2": null, "adm3_name3": null, "adm3_pcode": "ET070210", "adm2_name": "Hadiya", "adm2_name1": null, "adm2_name2": null, "adm2_name3": null, "adm2_pcode": "ET0702", "adm1_name": "Central Ethiopia", "adm1_name1": null, "adm1_name2": null, "adm1_name3": null, "adm1_pcode": "ET07", "adm0_name": null, "adm0_name1": null, "adm0_name2": null, "adm0_name3": null, "adm0_pcode": null, "valid_on": "2025-01-01", "valid_to": null, "version": "v04", "name_lng": "en", "name_lng1": null, "name_lng2": null, "name_lng3": null }, "geometry": { "type": "Point", "coordinates": [ 37.717926965000174, 7.688592638000102 ] } },
{ "type": "Feature", "properties": { "adm_p_lvl": 3, "name": "Sagag", "name_1": null, "name_2": null, "name_3": null, "loc_pcode": null, "x_coord": 42.83418494, "y_coord": 7.67892282, "adm3_name": "Sagag", "adm3_name1": null, "adm3_name2": null, "adm3_name3": null, "adm3_pcode": "ET051005", "adm2_name": "Nogob", "adm2_name1": null, "adm2_name2": null, "adm2_name3": null, "adm2_pcode": "ET0510", "adm1_name": "Somali", "adm1_name1": null, "adm1_name2": null, "adm1_name3": null, "adm1_pcode": "ET05", "adm0_name": null, "adm0_name1": null, "adm0_name2": null, "adm0_name3": null, "adm0_pcode": null, "valid_on": "2025-01-01", "valid_to": null, "version": "v04", "name_lng": "en", "name_lng1": null, "name_lng2": null, "name_lng3": null }, "geometry": { "type": "Point", "coordinates": [ 42.834184940000057, 7.678922820000082 ] } },
{ "type": "Feature", "properties": { "adm_p_lvl": 3, "name": "Hamero", "name_1": null, "name_2": null, "name_3": null, "loc_pcode": null, "x_coord": 42.18620052, "y_coord": 7.69080265, "adm3_name": "Hamero", "adm3_name1": null, "adm3_name2": null, "adm3_name3": null, "adm3_pcode": "ET050404", "adm2_name": "Erer", "adm2_name1": null, "adm2_name2": null, "adm2_name3": null, "adm2_pcode": "ET0504", "adm1_name": "Somali", "adm1_name1": null, "adm1_name2": null, "adm1_name3": null, "adm1_pcode": "ET05", "adm0_name": null, "adm0_name1": null, "adm0_name2": null, "adm0_name3": null, "adm0_pcode": null, "valid_on": "2025-01-01", "valid_to": null, "version": "v04", "name_lng": "en", "name_lng1": null, "name_lng2": null, "name_lng3": null }, "geometry": { "type": "Point", "coordinates": [ 42.186200523000025, 7.690802649000091 ] } },
{ "type": "Feature", "properties": { "adm_p_lvl": 3, "name": "Bale", "name_1": null, "name_2": null, "name_3": null, "loc_pcode": null, "x_coord": 39.99752788, "y_coord": 7.73227173, "adm3_name": "Bele Gesgar", "adm3_name1": null, "adm3_name2": null, "adm3_name3": null, "adm3_pcode": "ET040823", "adm2_name": "Arsi", "adm2_name1": null, "adm2_name2": null, "adm2_name3": null, "adm2_pcode": "ET0408", "adm1_name": "Oromia", "adm1_name1": null, "adm1_name2": null, "adm1_name3": null, "adm1_pcode": "ET04", "adm0_name": null, "adm0_name1": null, "adm0_name2": null, "adm0_name3": null, "adm0_pcode": null, "valid_on": "2025-01-01", "valid_to": null, "version": "v04", "name_lng": "en", "name_lng1": null, "name_lng2": null, "name_lng3": null }, "geometry": { "type": "Point", "coordinates": [ 39.997527884000135, 7.732271726000135 ] } },
{ "type": "Feature", "properties": { "adm_p_lvl": 3, "name": "Wilberg", "name_1": null, "name_2": null, "name_3": null, "loc_pcode": null, "x_coord": 38.12155816, "y_coord": 7.73900723, "adm3_name": "Wulbareg", "adm3_name1": null, "adm3_name2": null, "adm3_name3": null, "adm3_pcode": "ET072008", "adm2_name": "Siltie", "adm2_name1": null, "adm2_name2": null, "adm2_name3": null, "adm2_pcode": "ET0720", "adm1_name": "Central Ethiopia", "adm1_name1": null, "adm1_name2": null, "adm1_name3": null, "adm1_pcode": "ET07", "adm0_name": null, "adm0_name1": null, "adm0_name2": null, "adm0_name3": null, "adm0_pcode": null, "valid_on": "2025-01-01", "valid_to": null, "version": "v04", "name_lng": "en", "name_lng1": null, "name_lng2": null, "name_lng3": null }, "geometry": { "type": "Point", "coordinates": [ 38.121558163000032, 7.73900722500008 ] } },
{ "type": "Feature", "properties": { "adm_p_lvl": 3, "name": "Lera", "name_1": null, "name_2": null, "name_3": null, "loc_pcode": null, "x_coord": 37.89435611, "y_coord": 7.74830935, "adm3_name": "Mierab Azenet Berbere", "adm3_name1": null, "adm3_name2": null, "adm3_name3": null, "adm3_pcode": "ET072004", "adm2_name": "Siltie", "adm2_name1": null, "adm2_name2": null, "adm2_name3": null, "adm2_pcode": "ET0720", "adm1_name": "Central Ethiopia", "adm1_name1": null, "adm1_name2": null, "adm1_name3": null, "adm1_pcode": "ET07", "adm0_name": null, "adm0_name1": null, "adm0_name2": null, "adm0_name3": null, "adm0_pcode": null, "valid_on": "2025-01-01", "valid_to": null, "version": "v04", "name_lng": "en", "name_lng1": null, "name_lng2": null, "name_lng3": null }, "geometry": { "type": "Point", "coordinates": [ 37.894356107000078, 7.748309348000134 ] } },
{ "type": "Feature", "properties": { "adm_p_lvl": 3, "name": "Sagure", "name_1": null, "name_2": null, "name_3": null, "loc_pcode": null, "x_coord": 39.15513524, "y_coord": 7.75502953, "adm3_name": "Degeluna Tijo", "adm3_name1": null, "adm3_name2": null, "adm3_name3": null, "adm3_pcode": "ET040815", "adm2_name": "Arsi", "adm2_name1": null, "adm2_name2": null, "adm2_name3": null, "adm2_pcode": "ET0408", "adm1_name": "Oromia", "adm1_name1": null, "adm1_name2": null, "adm1_name3": null, "adm1_pcode": "ET04", "adm0_name": null, "adm0_name1": null, "adm0_name2": null, "adm0_name3": null, "adm0_pcode": null, "valid_on": "2025-01-01", "valid_to": null, "version": "v04", "name_lng": "en", "name_lng1": null, "name_lng2": null, "name_lng3": null }, "geometry": { "type": "Point", "coordinates": [ 39.155135235000103, 7.755029527999966 ] } },
{ "type": "Feature", "properties": { "adm_p_lvl": 2, "name": "Masha", "name_1": null, "name_2": null, "name_3": null, "loc_pcode": null, "x_coord": 35.47540986, "y_coord": 7.74669173, "adm3_name": "Anderacha", "adm3_name1": null, "adm3_name2": null, "adm3_name3": null, "adm3_pcode": "ET110101", "adm2_name": "Sheka", "adm2_name1": null, "adm2_name2": null, "adm2_name3": null, "adm2_pcode": "ET1101", "adm1_name": "South West Ethiopia", "adm1_name1": null, "adm1_name2": null, "adm1_name3": null, "adm1_pcode": "ET11", "adm0_name": null, "adm0_name1": null, "adm0_name2": null, "adm0_name3": null, "adm0_pcode": null, "valid_on": "2025-01-01", "valid_to": null, "version": "v04", "name_lng": "en", "name_lng1": null, "name_lng2": null, "name_lng3": null }, "geometry": { "type": "Point", "coordinates": [ 35.475409862000049, 7.746691726000051 ] } },
{ "type": "Feature", "properties": { "adm_p_lvl": 3, "name": "Chira", "name_1": null, "name_2": null, "name_3": null, "loc_pcode": null, "x_coord": 36.25, "y_coord": 7.75, "adm3_name": "Gera", "adm3_name1": null, "adm3_name2": null, "adm3_name3": null, "adm3_pcode": "ET040408", "adm2_name": "Jimma", "adm2_name1": null, "adm2_name2": null, "adm2_name3": null, "adm2_pcode": "ET0404", "adm1_name": "Oromia", "adm1_name1": null, "adm1_name2": null, "adm1_name3": null, "adm1_pcode": "ET04", "adm0_name": null, "adm0_name1": null, "adm0_name2": null, "adm0_name3": null, "adm0_pcode": null, "valid_on": "2025-01-01", "valid_to": null, "version": "v04", "name_lng": "en", "name_lng1": null, "name_lng2": null, "name_lng3": null }, "geometry": { "type": "Point", "coordinates": [ 36.25, 7.75 ] } },
{ "type": "Feature", "properties": { "adm_p_lvl": 3, "name": "Yedi", "name_1": null, "name_2": null, "name_3": null, "loc_pcode": null, "x_coord": 37.21949508, "y_coord": 7.75504666, "adm3_name": "Omo Nada", "adm3_name1": null, "adm3_name2": null, "adm3_name3": null, "adm3_pcode": "ET040411", "adm2_name": "Jimma", "adm2_name1": null, "adm2_name2": null, "adm2_name3": null, "adm2_pcode": "ET0404", "adm1_name": "Oromia", "adm1_name1": null, "adm1_name2": null, "adm1_name3": null, "adm1_pcode": "ET04", "adm0_name": null, "adm0_name1": null, "adm0_name2": null, "adm0_name3": null, "adm0_pcode": null, "valid_on": "2025-01-01", "valid_to": null, "version": "v04", "name_lng": "en", "name_lng1": null, "name_lng2": null, "name_lng3": null }, "geometry": { "type": "Point", "coordinates": [ 37.219495081000161, 7.755046656000161 ] } },
{ "type": "Feature", "properties": { "adm_p_lvl": 3, "name": "Dalocha", "name_1": null, "name_2": null, "name_3": null, "loc_pcode": null, "x_coord": 38.24388897, "y_coord": 7.79013787, "adm3_name": "Dalocha", "adm3_name1": null, "adm3_name2": null, "adm3_name3": null, "adm3_pcode": "ET072005", "adm2_name": "Siltie", "adm2_name1": null, "adm2_name2": null, "adm2_name3": null, "adm2_pcode": "ET0720", "adm1_name": "Central Ethiopia", "adm1_name1": null, "adm1_name2": null, "adm1_name3": null, "adm1_pcode": "ET07", "adm0_name": null, "adm0_name1": null, "adm0_name2": null, "adm0_name3": null, "adm0_pcode": null, "valid_on": "2025-01-01", "valid_to": null, "version": "v04", "name_lng": "en", "name_lng1": null, "name_lng2": null, "name_lng3": null }, "geometry": { "type": "Point", "coordinates": [ 38.243888967000032, 7.790137872000173 ] } },
{ "type": "Feature", "properties": { "adm_p_lvl": 3, "name": "Ticho", "name_1": null, "name_2": null, "name_3": null, "loc_pcode": null, "x_coord": 39.51344776, "y_coord": 7.80857437, "adm3_name": "Tena", "adm3_name1": null, "adm3_name2": null, "adm3_name3": null, "adm3_pcode": "ET040813", "adm2_name": "Arsi", "adm2_name1": null, "adm2_name2": null, "adm2_name3": null, "adm2_pcode": "ET0408", "adm1_name": "Oromia", "adm1_name1": null, "adm1_name2": null, "adm1_name3": null, "adm1_pcode": "ET04", "adm0_name": null, "adm0_name1": null, "adm0_name2": null, "adm0_name3": null, "adm0_pcode": null, "valid_on": "2025-01-01", "valid_to": null, "version": "v04", "name_lng": "en", "name_lng1": null, "name_lng2": null, "name_lng3": null }, "geometry": { "type": "Point", "coordinates": [ 39.513447758000098, 7.808574371000191 ] } },
{ "type": "Feature", "properties": { "adm_p_lvl": 3, "name": "Gunagado", "name_1": null, "name_2": null, "name_3": null, "loc_pcode": null, "x_coord": 43.94033333, "y_coord": 7.80383333, "adm3_name": "Gunagado", "adm3_name1": null, "adm3_name2": null, "adm3_name3": null, "adm3_pcode": "ET050305", "adm2_name": "Jarar", "adm2_name1": null, "adm2_name2": null, "adm2_name3": null, "adm2_pcode": "ET0503", "adm1_name": "Somali", "adm1_name1": null, "adm1_name2": null, "adm1_name3": null, "adm1_pcode": "ET05", "adm0_name": null, "adm0_name1": null, "adm0_name2": null, "adm0_name3": null, "adm0_pcode": null, "valid_on": "2025-01-01", "valid_to": null, "version": "v04", "name_lng": "en", "name_lng1": null, "name_lng2": null, "name_lng3": null }, "geometry": { "type": "Point", "coordinates": [ 43.940333334000115, 7.803833333000114 ] } },
{ "type": "Feature", "properties": { "adm_p_lvl": 3, "name": "Yadeta", "name_1": null, "name_2": null, "name_3": null, "loc_pcode": null, "x_coord": 35.8242747, "y_coord": 7.82959949, "adm3_name": "Saylem", "adm3_name1": null, "adm3_name2": null, "adm3_name3": null, "adm3_pcode": "ET110201", "adm2_name": "Kefa", "adm2_name1": null, "adm2_name2": null, "adm2_name3": null, "adm2_pcode": "ET1102", "adm1_name": "South West Ethiopia", "adm1_name1": null, "adm1_name2": null, "adm1_name3": null, "adm1_pcode": "ET11", "adm0_name": null, "adm0_name1": null, "adm0_name2": null, "adm0_name3": null, "adm0_pcode": null, "valid_on": "2025-01-01", "valid_to": null, "version": "v04", "name_lng": "en", "name_lng1": null, "name_lng2": null, "name_lng3": null }, "geometry": { "type": "Point", "coordinates": [ 35.824274703000128, 7.829599490000135 ] } },
{ "type": "Feature", "properties": { "adm_p_lvl": 3, "name": "Dimtu", "name_1": null, "name_2": null, "name_3": null, "loc_pcode": null, "x_coord": 37.23624984, "y_coord": 7.84994179, "adm3_name": "Tiro Afeta", "adm3_name1": null, "adm3_name2": null, "adm3_name3": null, "adm3_pcode": "ET040404", "adm2_name": "Jimma", "adm2_name1": null, "adm2_name2": null, "adm2_name3": null, "adm2_pcode": "ET0404", "adm1_name": "Oromia", "adm1_name1": null, "adm1_name2": null, "adm1_name3": null, "adm1_pcode": "ET04", "adm0_name": null, "adm0_name1": null, "adm0_name2": null, "adm0_name3": null, "adm0_pcode": null, "valid_on": "2025-01-01", "valid_to": null, "version": "v04", "name_lng": "en", "name_lng1": null, "name_lng2": null, "name_lng3": null }, "geometry": { "type": "Point", "coordinates": [ 37.236249841000188, 7.849941787000034 ] } },
{ "type": "Feature", "properties": { "adm_p_lvl": 3, "name": "Dinkula", "name_1": null, "name_2": null, "name_3": null, "loc_pcode": null, "x_coord": 37.83369111, "y_coord": 7.84628122, "adm3_name": "Endiguagn", "adm3_name1": null, "adm3_name2": null, "adm3_name3": null, "adm3_pcode": "ET070108", "adm2_name": "Guraghe", "adm2_name1": null, "adm2_name2": null, "adm2_name3": null, "adm2_pcode": "ET0701", "adm1_name": "Central Ethiopia", "adm1_name1": null, "adm1_name2": null, "adm1_name3": null, "adm1_pcode": "ET07", "adm0_name": null, "adm0_name1": null, "adm0_name2": null, "adm0_name3": null, "adm0_pcode": null, "valid_on": "2025-01-01", "valid_to": null, "version": "v04", "name_lng": "en", "name_lng1": null, "name_lng2": null, "name_lng3": null }, "geometry": { "type": "Point", "coordinates": [ 37.833691106000174, 7.846281220000151 ] } },
{ "type": "Feature", "properties": { "adm_p_lvl": 2, "name": "Worabe", "name_1": null, "name_2": null, "name_3": null, "loc_pcode": null, "x_coord": 38.18714584, "y_coord": 7.8534891, "adm3_name": "Worabe town", "adm3_name1": null, "adm3_name2": null, "adm3_name3": null, "adm3_pcode": "ET072010", "adm2_name": "Siltie", "adm2_name1": null, "adm2_name2": null, "adm2_name3": null, "adm2_pcode": "ET0720", "adm1_name": "Central Ethiopia", "adm1_name1": null, "adm1_name2": null, "adm1_name3": null, "adm1_pcode": "ET07", "adm0_name": null, "adm0_name1": null, "adm0_name2": null, "adm0_name3": null, "adm0_pcode": null, "valid_on": "2025-01-01", "valid_to": null, "version": "v04", "name_lng": "en", "name_lng1": null, "name_lng2": null, "name_lng3": null }, "geometry": { "type": "Point", "coordinates": [ 38.187145844000099, 7.853489102000026 ] } },
{ "type": "Feature", "properties": { "adm_p_lvl": 3, "name": "Tierguol", "name_1": null, "name_2": null, "name_3": null, "loc_pcode": null, "x_coord": 33.05063195, "y_coord": 7.81230271, "adm3_name": "Akobo", "adm3_name1": null, "adm3_name2": null, "adm3_name3": null, "adm3_pcode": "ET120101", "adm2_name": "Nuwer", "adm2_name1": null, "adm2_name2": null, "adm2_name3": null, "adm2_pcode": "ET1201", "adm1_name": "Gambela", "adm1_name1": null, "adm1_name2": null, "adm1_name3": null, "adm1_pcode": "ET12", "adm0_name": null, "adm0_name1": null, "adm0_name2": null, "adm0_name3": null, "adm0_pcode": null, "valid_on": "2025-01-01", "valid_to": null, "version": "v04", "name_lng": "en", "name_lng1": null, "name_lng2": null, "name_lng3": null }, "geometry": { "type": "Point", "coordinates": [ 33.050631947000056, 7.812302711000086 ] } },
{ "type": "Feature", "properties": { "adm_p_lvl": 3, "name": "Robe", "name_1": null, "name_2": null, "name_3": null, "loc_pcode": null, "x_coord": 39.62906021, "y_coord": 7.86288649, "adm3_name": "Robe", "adm3_name1": null, "adm3_name2": null, "adm3_name3": null, "adm3_pcode": "ET040812", "adm2_name": "Arsi", "adm2_name1": null, "adm2_name2": null, "adm2_name3": null, "adm2_pcode": "ET0408", "adm1_name": "Oromia", "adm1_name1": null, "adm1_name2": null, "adm1_name3": null, "adm1_pcode": "ET04", "adm0_name": null, "adm0_name1": null, "adm0_name2": null, "adm0_name3": null, "adm0_pcode": null, "valid_on": "2025-01-01", "valid_to": null, "version": "v04", "name_lng": "en", "name_lng1": null, "name_lng2": null, "name_lng3": null }, "geometry": { "type": "Point", "coordinates": [ 39.629060208000055, 7.862886489000118 ] } },
{ "type": "Feature", "properties": { "adm_p_lvl": 3, "name": "Tora", "name_1": null, "name_2": null, "name_3": null, "loc_pcode": null, "x_coord": 38.41747965, "y_coord": 7.86178063, "adm3_name": "Tora town", "adm3_name1": null, "adm3_name2": null, "adm3_name3": null, "adm3_pcode": "ET072009", "adm2_name": "Siltie", "adm2_name1": null, "adm2_name2": null, "adm2_name3": null, "adm2_pcode": "ET0720", "adm1_name": "Central Ethiopia", "adm1_name1": null, "adm1_name2": null, "adm1_name3": null, "adm1_pcode": "ET07", "adm0_name": null, "adm0_name1": null, "adm0_name2": null, "adm0_name3": null, "adm0_pcode": null, "valid_on": "2025-01-01", "valid_to": null, "version": "v04", "name_lng": "en", "name_lng1": null, "name_lng2": null, "name_lng3": null }, "geometry": { "type": "Point", "coordinates": [ 38.41747964700005, 7.861780634000013 ] } },
{ "type": "Feature", "properties": { "adm_p_lvl": 3, "name": "Agaro", "name_1": null, "name_2": null, "name_3": null, "loc_pcode": null, "x_coord": 36.5844689, "y_coord": 7.85502872, "adm3_name": "Agaro town", "adm3_name1": null, "adm3_name2": null, "adm3_name3": null, "adm3_pcode": "ET040417", "adm2_name": "Jimma", "adm2_name1": null, "adm2_name2": null, "adm2_name3": null, "adm2_pcode": "ET0404", "adm1_name": "Oromia", "adm1_name1": null, "adm1_name2": null, "adm1_name3": null, "adm1_pcode": "ET04", "adm0_name": null, "adm0_name1": null, "adm0_name2": null, "adm0_name3": null, "adm0_pcode": null, "valid_on": "2025-01-01", "valid_to": null, "version": "v04", "name_lng": "en", "name_lng1": null, "name_lng2": null, "name_lng3": null }, "geometry": { "type": "Point", "coordinates": [ 36.584468903000186, 7.855028716000049 ] } },
{ "type": "Feature", "properties": { "adm_p_lvl": 3, "name": "Belitu", "name_1": null, "name_2": null, "name_3": null, "loc_pcode": null, "x_coord": 40.99197505, "y_coord": 7.87703947, "adm3_name": "Lege Hida", "adm3_name1": null, "adm3_name2": null, "adm3_name3": null, "adm3_pcode": "ET042102", "adm2_name": "East Bale", "adm2_name1": null, "adm2_name2": null, "adm2_name3": null, "adm2_pcode": "ET0421", "adm1_name": "Oromia", "adm1_name1": null, "adm1_name2": null, "adm1_name3": null, "adm1_pcode": "ET04", "adm0_name": null, "adm0_name1": null, "adm0_name2": null, "adm0_name3": null, "adm0_pcode": null, "valid_on": "2025-01-01", "valid_to": null, "version": "v04", "name_lng": "en", "name_lng1": null, "name_lng2": null, "name_lng3": null }, "geometry": { "type": "Point", "coordinates": [ 40.991975052000043, 7.877039469000181 ] } },
{ "type": "Feature", "properties": { "adm_p_lvl": 3, "name": "K'osa", "name_1": null, "name_2": null, "name_3": null, "loc_pcode": null, "x_coord": 37.73290822, "y_coord": 7.86837985, "adm3_name": "Enor Ener", "adm3_name1": null, "adm3_name2": null, "adm3_name3": null, "adm3_pcode": "ET070120", "adm2_name": "Guraghe", "adm2_name1": null, "adm2_name2": null, "adm2_name3": null, "adm2_pcode": "ET0701", "adm1_name": "Central Ethiopia", "adm1_name1": null, "adm1_name2": null, "adm1_name3": null, "adm1_pcode": "ET07", "adm0_name": null, "adm0_name1": null, "adm0_name2": null, "adm0_name3": null, "adm0_pcode": null, "valid_on": "2025-01-01", "valid_to": null, "version": "v04", "name_lng": "en", "name_lng1": null, "name_lng2": null, "name_lng3": null }, "geometry": { "type": "Point", "coordinates": [ 37.732908216999988, 7.868379845000106 ] } },
{ "type": "Feature", "properties": { "adm_p_lvl": 3, "name": "Yahob", "name_1": null, "name_2": null, "name_3": null, "loc_pcode": null, "x_coord": 42.58478297, "y_coord": 7.89404324, "adm3_name": "Yahob", "adm3_name1": null, "adm3_name2": null, "adm3_name3": null, "adm3_pcode": "ET050498", "adm2_name": "Erer", "adm2_name1": null, "adm2_name2": null, "adm2_name3": null, "adm2_pcode": "ET0504", "adm1_name": "Somali", "adm1_name1": null, "adm1_name2": null, "adm1_name3": null, "adm1_pcode": "ET05", "adm0_name": null, "adm0_name1": null, "adm0_name2": null, "adm0_name3": null, "adm0_pcode": null, "valid_on": "2025-01-01", "valid_to": null, "version": "v04", "name_lng": "en", "name_lng1": null, "name_lng2": null, "name_lng3": null }, "geometry": { "type": "Point", "coordinates": [ 42.584782973000131, 7.894043239000041 ] } },
{ "type": "Feature", "properties": { "adm_p_lvl": 3, "name": "Alkeso", "name_1": null, "name_2": null, "name_3": null, "loc_pcode": null, "x_coord": 38.23599176, "y_coord": 7.91694874, "adm3_name": "Siltie", "adm3_name1": null, "adm3_name2": null, "adm3_name3": null, "adm3_pcode": "ET072002", "adm2_name": "Siltie", "adm2_name1": null, "adm2_name2": null, "adm2_name3": null, "adm2_pcode": "ET0720", "adm1_name": "Central Ethiopia", "adm1_name1": null, "adm1_name2": null, "adm1_name3": null, "adm1_pcode": "ET07", "adm0_name": null, "adm0_name1": null, "adm0_name2": null, "adm0_name3": null, "adm0_pcode": null, "valid_on": "2025-01-01", "valid_to": null, "version": "v04", "name_lng": "en", "name_lng1": null, "name_lng2": null, "name_lng3": null }, "geometry": { "type": "Point", "coordinates": [ 38.235991757000136, 7.916948735000062 ] } },
{ "type": "Feature", "properties": { "adm_p_lvl": 2, "name": "Abobo", "name_1": null, "name_2": null, "name_3": null, "loc_pcode": null, "x_coord": 34.54257328, "y_coord": 7.8958028, "adm3_name": "Abobo", "adm3_name1": null, "adm3_name2": null, "adm3_name3": null, "adm3_pcode": "ET120201", "adm2_name": "Agnewak", "adm2_name1": null, "adm2_name2": null, "adm2_name3": null, "adm2_pcode": "ET1202", "adm1_name": "Gambela", "adm1_name1": null, "adm1_name2": null, "adm1_name3": null, "adm1_pcode": "ET12", "adm0_name": null, "adm0_name1": null, "adm0_name2": null, "adm0_name3": null, "adm0_pcode": null, "valid_on": "2025-01-01", "valid_to": null, "version": "v04", "name_lng": "en", "name_lng1": null, "name_lng2": null, "name_lng3": null }, "geometry": { "type": "Point", "coordinates": [ 34.542573282000092, 7.89580280000007 ] } },
{ "type": "Feature", "properties": { "adm_p_lvl": 3, "name": "Sigmo", "name_1": null, "name_2": null, "name_3": null, "loc_pcode": null, "x_coord": 36.10225264, "y_coord": 7.91048429, "adm3_name": "Sigmo", "adm3_name1": null, "adm3_name2": null, "adm3_name3": null, "adm3_pcode": "ET040412", "adm2_name": "Jimma", "adm2_name1": null, "adm2_name2": null, "adm2_name3": null, "adm2_pcode": "ET0404", "adm1_name": "Oromia", "adm1_name1": null, "adm1_name2": null, "adm1_name3": null, "adm1_pcode": "ET04", "adm0_name": null, "adm0_name1": null, "adm0_name2": null, "adm0_name3": null, "adm0_pcode": null, "valid_on": "2025-01-01", "valid_to": null, "version": "v04", "name_lng": "en", "name_lng1": null, "name_lng2": null, "name_lng3": null }, "geometry": { "type": "Point", "coordinates": [ 36.102252635000184, 7.910484289000067 ] } },
{ "type": "Feature", "properties": { "adm_p_lvl": 3, "name": "Deneba", "name_1": null, "name_2": null, "name_3": null, "loc_pcode": null, "x_coord": 37.415501, "y_coord": 7.925934, "adm3_name": "Sekoru", "adm3_name1": null, "adm3_name2": null, "adm3_name3": null, "adm3_pcode": "ET040403", "adm2_name": "Jimma", "adm2_name1": null, "adm2_name2": null, "adm2_name3": null, "adm2_pcode": "ET0404", "adm1_name": "Oromia", "adm1_name1": null, "adm1_name2": null, "adm1_name3": null, "adm1_pcode": "ET04", "adm0_name": null, "adm0_name1": null, "adm0_name2": null, "adm0_name3": null, "adm0_pcode": null, "valid_on": "2025-01-01", "valid_to": null, "version": "v04", "name_lng": "en", "name_lng1": null, "name_lng2": null, "name_lng3": null }, "geometry": { "type": "Point", "coordinates": [ 37.415501, 7.925934 ] } },
{ "type": "Feature", "properties": { "adm_p_lvl": 3, "name": "Batu", "name_1": null, "name_2": null, "name_3": null, "loc_pcode": null, "x_coord": 38.71492389, "y_coord": 7.93451833, "adm3_name": "Batu town", "adm3_name1": null, "adm3_name2": null, "adm3_name3": null, "adm3_pcode": "ET040798", "adm2_name": "East Shewa", "adm2_name1": null, "adm2_name2": null, "adm2_name3": null, "adm2_pcode": "ET0407", "adm1_name": "Oromia", "adm1_name1": null, "adm1_name2": null, "adm1_name3": null, "adm1_pcode": "ET04", "adm0_name": null, "adm0_name1": null, "adm0_name2": null, "adm0_name3": null, "adm0_pcode": null, "valid_on": "2025-01-01", "valid_to": null, "version": "v04", "name_lng": "en", "name_lng1": null, "name_lng2": null, "name_lng3": null }, "geometry": { "type": "Point", "coordinates": [ 38.714923889000033, 7.934518334000074 ] } },
{ "type": "Feature", "properties": { "adm_p_lvl": 3, "name": "Areket", "name_1": null, "name_2": null, "name_3": null, "loc_pcode": null, "x_coord": 38.06966498, "y_coord": 7.93523045, "adm3_name": "Gumer", "adm3_name1": null, "adm3_name2": null, "adm3_name3": null, "adm3_pcode": "ET070109", "adm2_name": "Guraghe", "adm2_name1": null, "adm2_name2": null, "adm2_name3": null, "adm2_pcode": "ET0701", "adm1_name": "Central Ethiopia", "adm1_name1": null, "adm1_name2": null, "adm1_name3": null, "adm1_pcode": "ET07", "adm0_name": null, "adm0_name1": null, "adm0_name2": null, "adm0_name3": null, "adm0_pcode": null, "valid_on": "2025-01-01", "valid_to": null, "version": "v04", "name_lng": "en", "name_lng1": null, "name_lng2": null, "name_lng3": null }, "geometry": { "type": "Point", "coordinates": [ 38.069664980000084, 7.935230453000145 ] } },
{ "type": "Feature", "properties": { "adm_p_lvl": 2, "name": "Asela", "name_1": null, "name_2": null, "name_3": null, "loc_pcode": null, "x_coord": 39.13301111, "y_coord": 7.94682389, "adm3_name": "Asela town", "adm3_name1": null, "adm3_name2": null, "adm3_name3": null, "adm3_pcode": "ET040825", "adm2_name": "Arsi", "adm2_name1": null, "adm2_name2": null, "adm2_name3": null, "adm2_pcode": "ET0408", "adm1_name": "Oromia", "adm1_name1": null, "adm1_name2": null, "adm1_name3": null, "adm1_pcode": "ET04", "adm0_name": null, "adm0_name1": null, "adm0_name2": null, "adm0_name3": null, "adm0_pcode": null, "valid_on": "2025-01-01", "valid_to": null, "version": "v04", "name_lng": "en", "name_lng1": null, "name_lng2": null, "name_lng3": null }, "geometry": { "type": "Point", "coordinates": [ 39.133011111000087, 7.946823889000143 ] } },
{ "type": "Feature", "properties": { "adm_p_lvl": 3, "name": "Kula", "name_1": null, "name_2": null, "name_3": null, "loc_pcode": null, "x_coord": 39.6890191, "y_coord": 7.97394301, "adm3_name": "Sude", "adm3_name1": null, "adm3_name2": null, "adm3_name3": null, "adm3_pcode": "ET040808", "adm2_name": "Arsi", "adm2_name1": null, "adm2_name2": null, "adm2_name3": null, "adm2_pcode": "ET0408", "adm1_name": "Oromia", "adm1_name1": null, "adm1_name2": null, "adm1_name3": null, "adm1_pcode": "ET04", "adm0_name": null, "adm0_name1": null, "adm0_name2": null, "adm0_name3": null, "adm0_pcode": null, "valid_on": "2025-01-01", "valid_to": null, "version": "v04", "name_lng": "en", "name_lng1": null, "name_lng2": null, "name_lng3": null }, "geometry": { "type": "Point", "coordinates": [ 39.689019095000162, 7.973943005000081 ] } },
{ "type": "Feature", "properties": { "adm_p_lvl": 2, "name": "Saja", "name_1": null, "name_2": null, "name_3": null, "loc_pcode": null, "x_coord": 37.439209, "y_coord": 7.974374, "adm3_name": "Yem", "adm3_name1": null, "adm3_name2": null, "adm3_name3": null, "adm3_pcode": "ET072401", "adm2_name": "Yem", "adm2_name1": null, "adm2_name2": null, "adm2_name3": null, "adm2_pcode": "ET0724", "adm1_name": "Central Ethiopia", "adm1_name1": null, "adm1_name2": null, "adm1_name3": null, "adm1_pcode": "ET07", "adm0_name": null, "adm0_name1": null, "adm0_name2": null, "adm0_name3": null, "adm0_pcode": null, "valid_on": "2025-01-01", "valid_to": null, "version": "v04", "name_lng": "en", "name_lng1": null, "name_lng2": null, "name_lng3": null }, "geometry": { "type": "Point", "coordinates": [ 37.439209, 7.974374000000125 ] } },
{ "type": "Feature", "properties": { "adm_p_lvl": 3, "name": "Gatira", "name_1": null, "name_2": null, "name_3": null, "loc_pcode": null, "x_coord": 36.20461481, "y_coord": 7.97878003, "adm3_name": "Setema", "adm3_name1": null, "adm3_name2": null, "adm3_name3": null, "adm3_pcode": "ET040413", "adm2_name": "Jimma", "adm2_name1": null, "adm2_name2": null, "adm2_name3": null, "adm2_pcode": "ET0404", "adm1_name": "Oromia", "adm1_name1": null, "adm1_name2": null, "adm1_name3": null, "adm1_pcode": "ET04", "adm0_name": null, "adm0_name1": null, "adm0_name2": null, "adm0_name3": null, "adm0_pcode": null, "valid_on": "2025-01-01", "valid_to": null, "version": "v04", "name_lng": "en", "name_lng1": null, "name_lng2": null, "name_lng3": null }, "geometry": { "type": "Point", "coordinates": [ 36.204614805000176, 7.978780033000078 ] } },
{ "type": "Feature", "properties": { "adm_p_lvl": 3, "name": "Degah Medo", "name_1": null, "name_2": null, "name_3": null, "loc_pcode": null, "x_coord": 43.0216823, "y_coord": 7.9847402, "adm3_name": "Degehamedo", "adm3_name1": null, "adm3_name2": null, "adm3_name3": null, "adm3_pcode": "ET050301", "adm2_name": "Jarar", "adm2_name1": null, "adm2_name2": null, "adm2_name3": null, "adm2_pcode": "ET0503", "adm1_name": "Somali", "adm1_name1": null, "adm1_name2": null, "adm1_name3": null, "adm1_pcode": "ET05", "adm0_name": null, "adm0_name1": null, "adm0_name2": null, "adm0_name3": null, "adm0_pcode": null, "valid_on": "2025-01-01", "valid_to": null, "version": "v04", "name_lng": "en", "name_lng1": null, "name_lng2": null, "name_lng3": null }, "geometry": { "type": "Point", "coordinates": [ 43.02168230000018, 7.984740200000033 ] } },
{ "type": "Feature", "properties": { "adm_p_lvl": 3, "name": "Koshe", "name_1": null, "name_2": null, "name_3": null, "loc_pcode": null, "x_coord": 38.52930858, "y_coord": 8.0061166, "adm3_name": "Mareko SP woreda", "adm3_name1": null, "adm3_name2": null, "adm3_name3": null, "adm3_pcode": "ET072501", "adm2_name": "Mareko SP woreda", "adm2_name1": null, "adm2_name2": null, "adm2_name3": null, "adm2_pcode": "ET0725", "adm1_name": "Central Ethiopia", "adm1_name1": null, "adm1_name2": null, "adm1_name3": null, "adm1_pcode": "ET07", "adm0_name": null, "adm0_name1": null, "adm0_name2": null, "adm0_name3": null, "adm0_pcode": null, "valid_on": "2025-01-01", "valid_to": null, "version": "v04", "name_lng": "en", "name_lng1": null, "name_lng2": null, "name_lng3": null }, "geometry": { "type": "Point", "coordinates": [ 38.529308583000159, 8.006116601000087 ] } },
{ "type": "Feature", "properties": { "adm_p_lvl": 3, "name": "Kibet", "name_1": null, "name_2": null, "name_3": null, "loc_pcode": null, "x_coord": 38.32651403, "y_coord": 8.02022652, "adm3_name": "Kibet town", "adm3_name1": null, "adm3_name2": null, "adm3_name3": null, "adm3_pcode": "ET072011", "adm2_name": "Siltie", "adm2_name1": null, "adm2_name2": null, "adm2_name3": null, "adm2_pcode": "ET0720", "adm1_name": "Central Ethiopia", "adm1_name1": null, "adm1_name2": null, "adm1_name3": null, "adm1_pcode": "ET07", "adm0_name": null, "adm0_name1": null, "adm0_name2": null, "adm0_name3": null, "adm0_pcode": null, "valid_on": "2025-01-01", "valid_to": null, "version": "v04", "name_lng": "en", "name_lng1": null, "name_lng2": null, "name_lng3": null }, "geometry": { "type": "Point", "coordinates": [ 38.326514029000123, 8.02022651700014 ] } },
{ "type": "Feature", "properties": { "adm_p_lvl": 3, "name": "Gunchire", "name_1": null, "name_2": null, "name_3": null, "loc_pcode": null, "x_coord": 37.84054396, "y_coord": 8.02939718, "adm3_name": "Enemor Ener", "adm3_name1": null, "adm3_name2": null, "adm3_name3": null, "adm3_pcode": "ET070111", "adm2_name": "Guraghe", "adm2_name1": null, "adm2_name2": null, "adm2_name3": null, "adm2_pcode": "ET0701", "adm1_name": "Central Ethiopia", "adm1_name1": null, "adm1_name2": null, "adm1_name3": null, "adm1_pcode": "ET07", "adm0_name": null, "adm0_name1": null, "adm0_name2": null, "adm0_name3": null, "adm0_pcode": null, "valid_on": "2025-01-01", "valid_to": null, "version": "v04", "name_lng": "en", "name_lng1": null, "name_lng2": null, "name_lng3": null }, "geometry": { "type": "Point", "coordinates": [ 37.840543963000073, 8.029397182000139 ] } },
{ "type": "Feature", "properties": { "adm_p_lvl": 3, "name": "Hamda Diksis", "name_1": null, "name_2": null, "name_3": null, "loc_pcode": null, "x_coord": 39.55652441, "y_coord": 8.05816827, "adm3_name": "Diksis", "adm3_name1": null, "adm3_name2": null, "adm3_name3": null, "adm3_pcode": "ET040822", "adm2_name": "Arsi", "adm2_name1": null, "adm2_name2": null, "adm2_name3": null, "adm2_pcode": "ET0408", "adm1_name": "Oromia", "adm1_name1": null, "adm1_name2": null, "adm1_name3": null, "adm1_pcode": "ET04", "adm0_name": null, "adm0_name1": null, "adm0_name2": null, "adm0_name3": null, "adm0_pcode": null, "valid_on": "2025-01-01", "valid_to": null, "version": "v04", "name_lng": "en", "name_lng1": null, "name_lng2": null, "name_lng3": null }, "geometry": { "type": "Point", "coordinates": [ 39.556524411000112, 8.058168265000063 ] } },
{ "type": "Feature", "properties": { "adm_p_lvl": 3, "name": "Inseno", "name_1": null, "name_2": null, "name_3": null, "loc_pcode": null, "x_coord": 38.47145091, "y_coord": 8.06378355, "adm3_name": "Misrak Meskan", "adm3_name1": null, "adm3_name2": null, "adm3_name3": null, "adm3_pcode": "ET070405", "adm2_name": "East Guraghe", "adm2_name1": null, "adm2_name2": null, "adm2_name3": null, "adm2_pcode": "ET0704", "adm1_name": "Central Ethiopia", "adm1_name1": null, "adm1_name2": null, "adm1_name3": null, "adm1_pcode": "ET07", "adm0_name": null, "adm0_name1": null, "adm0_name2": null, "adm0_name3": null, "adm0_pcode": null, "valid_on": "2025-01-01", "valid_to": null, "version": "v04", "name_lng": "en", "name_lng1": null, "name_lng2": null, "name_lng3": null }, "geometry": { "type": "Point", "coordinates": [ 38.471450914000172, 8.063783544999978 ] } },
{ "type": "Feature", "properties": { "adm_p_lvl": 3, "name": "Dembi", "name_1": null, "name_2": null, "name_3": null, "loc_pcode": null, "x_coord": 36.45991595, "y_coord": 8.0798994, "adm3_name": "Dedesa", "adm3_name1": null, "adm3_name2": null, "adm3_name3": null, "adm3_pcode": "ET041608", "adm2_name": "Buno Bedele", "adm2_name1": null, "adm2_name2": null, "adm2_name3": null, "adm2_pcode": "ET0416", "adm1_name": "Oromia", "adm1_name1": null, "adm1_name2": null, "adm1_name3": null, "adm1_pcode": "ET04", "adm0_name": null, "adm0_name1": null, "adm0_name2": null, "adm0_name3": null, "adm0_pcode": null, "valid_on": "2025-01-01", "valid_to": null, "version": "v04", "name_lng": "en", "name_lng1": null, "name_lng2": null, "name_lng3": null }, "geometry": { "type": "Point", "coordinates": [ 36.459915945000148, 8.079899404 ] } },
{ "type": "Feature", "properties": { "adm_p_lvl": 3, "name": "Limu Genet", "name_1": null, "name_2": null, "name_3": null, "loc_pcode": null, "x_coord": 36.946991, "y_coord": 8.088363, "adm3_name": "Limu Kosa", "adm3_name1": null, "adm3_name2": null, "adm3_name3": null, "adm3_pcode": "ET040402", "adm2_name": "Jimma", "adm2_name1": null, "adm2_name2": null, "adm2_name3": null, "adm2_pcode": "ET0404", "adm1_name": "Oromia", "adm1_name1": null, "adm1_name2": null, "adm1_name3": null, "adm1_pcode": "ET04", "adm0_name": null, "adm0_name1": null, "adm0_name2": null, "adm0_name3": null, "adm0_pcode": null, "valid_on": "2025-01-01", "valid_to": null, "version": "v04", "name_lng": "en", "name_lng1": null, "name_lng2": null, "name_lng3": null }, "geometry": { "type": "Point", "coordinates": [ 36.946991, 8.088363 ] } },
{ "type": "Feature", "properties": { "adm_p_lvl": 3, "name": "Indibir", "name_1": null, "name_2": null, "name_3": null, "loc_pcode": null, "x_coord": 37.9249255, "y_coord": 8.12056867, "adm3_name": "Emdebir town", "adm3_name1": null, "adm3_name2": null, "adm3_name3": null, "adm3_pcode": "ET070116", "adm2_name": "Guraghe", "adm2_name1": null, "adm2_name2": null, "adm2_name3": null, "adm2_pcode": "ET0701", "adm1_name": "Central Ethiopia", "adm1_name1": null, "adm1_name2": null, "adm1_name3": null, "adm1_pcode": "ET07", "adm0_name": null, "adm0_name1": null, "adm0_name2": null, "adm0_name3": null, "adm0_pcode": null, "valid_on": "2025-01-01", "valid_to": null, "version": "v04", "name_lng": "en", "name_lng1": null, "name_lng2": null, "name_lng3": null }, "geometry": { "type": "Point", "coordinates": [ 37.924925500000143, 8.120568674000026 ] } },
{ "type": "Feature", "properties": { "adm_p_lvl": 2, "name": "Butajira", "name_1": null, "name_2": null, "name_3": null, "loc_pcode": null, "x_coord": 38.37779185, "y_coord": 8.11904331, "adm3_name": "Butajira town", "adm3_name1": null, "adm3_name2": null, "adm3_name3": null, "adm3_pcode": "ET070401", "adm2_name": "East Guraghe", "adm2_name1": null, "adm2_name2": null, "adm2_name3": null, "adm2_pcode": "ET0704", "adm1_name": "Central Ethiopia", "adm1_name1": null, "adm1_name2": null, "adm1_name3": null, "adm1_pcode": "ET07", "adm0_name": null, "adm0_name1": null, "adm0_name2": null, "adm0_name3": null, "adm0_pcode": null, "valid_on": "2025-01-01", "valid_to": null, "version": "v04", "name_lng": "en", "name_lng1": null, "name_lng2": null, "name_lng3": null }, "geometry": { "type": "Point", "coordinates": [ 38.377791849000062, 8.119043313000077 ] } },
{ "type": "Feature", "properties": { "adm_p_lvl": 3, "name": "Gashamo", "name_1": null, "name_2": null, "name_3": null, "loc_pcode": null, "x_coord": 45.34721416, "y_coord": 8.11739921, "adm3_name": "Gashamo", "adm3_name1": null, "adm3_name2": null, "adm3_name3": null, "adm3_pcode": "ET050304", "adm2_name": "Jarar", "adm2_name1": null, "adm2_name2": null, "adm2_name3": null, "adm2_pcode": "ET0503", "adm1_name": "Somali", "adm1_name1": null, "adm1_name2": null, "adm1_name3": null, "adm1_pcode": "ET05", "adm0_name": null, "adm0_name1": null, "adm0_name2": null, "adm0_name3": null, "adm0_pcode": null, "valid_on": "2025-01-01", "valid_to": null, "version": "v04", "name_lng": "en", "name_lng1": null, "name_lng2": null, "name_lng3": null }, "geometry": { "type": "Point", "coordinates": [ 45.347214162000057, 8.11739921200018 ] } },
{ "type": "Feature", "properties": { "adm_p_lvl": 3, "name": "Etaya", "name_1": null, "name_2": null, "name_3": null, "loc_pcode": null, "x_coord": 39.23259972, "y_coord": 8.12840733, "adm3_name": "Hitosa", "adm3_name1": null, "adm3_name2": null, "adm3_name3": null, "adm3_pcode": "ET040807", "adm2_name": "Arsi", "adm2_name1": null, "adm2_name2": null, "adm2_name3": null, "adm2_pcode": "ET0408", "adm1_name": "Oromia", "adm1_name1": null, "adm1_name2": null, "adm1_name3": null, "adm1_pcode": "ET04", "adm0_name": null, "adm0_name1": null, "adm0_name2": null, "adm0_name3": null, "adm0_pcode": null, "valid_on": "2025-01-01", "valid_to": null, "version": "v04", "name_lng": "en", "name_lng1": null, "name_lng2": null, "name_lng3": null }, "geometry": { "type": "Point", "coordinates": [ 39.232599718000188, 8.128407328000094 ] } },
{ "type": "Feature", "properties": { "adm_p_lvl": 3, "name": "Arb Gebeya", "name_1": null, "name_2": null, "name_3": null, "loc_pcode": null, "x_coord": 39.43280883, "y_coord": 8.13245626, "adm3_name": "Lude Hitosa", "adm3_name1": null, "adm3_name2": null, "adm3_name3": null, "adm3_pcode": "ET040821", "adm2_name": "Arsi", "adm2_name1": null, "adm2_name2": null, "adm2_name3": null, "adm2_pcode": "ET0408", "adm1_name": "Oromia", "adm1_name1": null, "adm1_name2": null, "adm1_name3": null, "adm1_pcode": "ET04", "adm0_name": null, "adm0_name1": null, "adm0_name2": null, "adm0_name3": null, "adm0_pcode": null, "valid_on": "2025-01-01", "valid_to": null, "version": "v04", "name_lng": "en", "name_lng1": null, "name_lng2": null, "name_lng3": null }, "geometry": { "type": "Point", "coordinates": [ 39.432808829000066, 8.132456262000062 ] } },
{ "type": "Feature", "properties": { "adm_p_lvl": 3, "name": "Ch'ole", "name_1": null, "name_2": null, "name_3": null, "loc_pcode": null, "x_coord": 39.90192743, "y_coord": 8.13959358, "adm3_name": "Chole", "adm3_name1": null, "adm3_name2": null, "adm3_name3": null, "adm3_pcode": "ET040809", "adm2_name": "Arsi", "adm2_name1": null, "adm2_name2": null, "adm2_name3": null, "adm2_pcode": "ET0408", "adm1_name": "Oromia", "adm1_name1": null, "adm1_name2": null, "adm1_name3": null, "adm1_pcode": "ET04", "adm0_name": null, "adm0_name1": null, "adm0_name2": null, "adm0_name3": null, "adm0_pcode": null, "valid_on": "2025-01-01", "valid_to": null, "version": "v04", "name_lng": "en", "name_lng1": null, "name_lng2": null, "name_lng3": null }, "geometry": { "type": "Point", "coordinates": [ 39.901927429000125, 8.139593579000064 ] } },
{ "type": "Feature", "properties": { "adm_p_lvl": 3, "name": "Agena", "name_1": null, "name_2": null, "name_3": null, "loc_pcode": null, "x_coord": 38.011496, "y_coord": 8.13704635, "adm3_name": "Ezha", "adm3_name1": null, "adm3_name2": null, "adm3_name3": null, "adm3_pcode": "ET070103", "adm2_name": "Guraghe", "adm2_name1": null, "adm2_name2": null, "adm2_name3": null, "adm2_pcode": "ET0701", "adm1_name": "Central Ethiopia", "adm1_name1": null, "adm1_name2": null, "adm1_name3": null, "adm1_pcode": "ET07", "adm0_name": null, "adm0_name1": null, "adm0_name2": null, "adm0_name3": null, "adm0_pcode": null, "valid_on": "2025-01-01", "valid_to": null, "version": "v04", "name_lng": "en", "name_lng1": null, "name_lng2": null, "name_lng3": null }, "geometry": { "type": "Point", "coordinates": [ 38.01149599900009, 8.137046351000151 ] } },
{ "type": "Feature", "properties": { "adm_p_lvl": 2, "name": "Fik", "name_1": null, "name_2": null, "name_3": null, "loc_pcode": null, "x_coord": 42.29468091, "y_coord": 8.13993137, "adm3_name": "Fik", "adm3_name1": null, "adm3_name2": null, "adm3_name3": null, "adm3_pcode": "ET050402", "adm2_name": "Erer", "adm2_name1": null, "adm2_name2": null, "adm2_name3": null, "adm2_pcode": "ET0504", "adm1_name": "Somali", "adm1_name1": null, "adm1_name2": null, "adm1_name3": null, "adm1_pcode": "ET05", "adm0_name": null, "adm0_name1": null, "adm0_name2": null, "adm0_name3": null, "adm0_pcode": null, "valid_on": "2025-01-01", "valid_to": null, "version": "v04", "name_lng": "en", "name_lng1": null, "name_lng2": null, "name_lng3": null }, "geometry": { "type": "Point", "coordinates": [ 42.294680905000178, 8.139931373000138 ] } },
{ "type": "Feature", "properties": { "adm_p_lvl": 3, "name": "Maki", "name_1": null, "name_2": null, "name_3": null, "loc_pcode": null, "x_coord": 38.81851925, "y_coord": 8.14575959, "adm3_name": "Dugda", "adm3_name1": null, "adm3_name2": null, "adm3_name3": null, "adm3_pcode": "ET040707", "adm2_name": "East Shewa", "adm2_name1": null, "adm2_name2": null, "adm2_name3": null, "adm2_pcode": "ET0407", "adm1_name": "Oromia", "adm1_name1": null, "adm1_name2": null, "adm1_name3": null, "adm1_pcode": "ET04", "adm0_name": null, "adm0_name1": null, "adm0_name2": null, "adm0_name3": null, "adm0_pcode": null, "valid_on": "2025-01-01", "valid_to": null, "version": "v04", "name_lng": "en", "name_lng1": null, "name_lng2": null, "name_lng3": null }, "geometry": { "type": "Point", "coordinates": [ 38.818519248000143, 8.145759593000093 ] } },
{ "type": "Feature", "properties": { "adm_p_lvl": 3, "name": "Gore", "name_1": null, "name_2": null, "name_3": null, "loc_pcode": null, "x_coord": 35.53610517, "y_coord": 8.15149468, "adm3_name": "Ale", "adm3_name1": null, "adm3_name2": null, "adm3_name3": null, "adm3_pcode": "ET040311", "adm2_name": "Ilu Aba Bora", "adm2_name1": null, "adm2_name2": null, "adm2_name3": null, "adm2_pcode": "ET0403", "adm1_name": "Oromia", "adm1_name1": null, "adm1_name2": null, "adm1_name3": null, "adm1_pcode": "ET04", "adm0_name": null, "adm0_name1": null, "adm0_name2": null, "adm0_name3": null, "adm0_pcode": null, "valid_on": "2025-01-01", "valid_to": null, "version": "v04", "name_lng": "en", "name_lng1": null, "name_lng2": null, "name_lng3": null }, "geometry": { "type": "Point", "coordinates": [ 35.536105172000077, 8.15149468200002 ] } },
{ "type": "Feature", "properties": { "adm_p_lvl": 3, "name": "Kumbi", "name_1": null, "name_2": null, "name_3": null, "loc_pcode": null, "x_coord": 41.66800931, "y_coord": 8.12766872, "adm3_name": "Kumbi", "adm3_name1": null, "adm3_name2": null, "adm3_name3": null, "adm3_pcode": "ET041098", "adm2_name": "East Hararge", "adm2_name1": null, "adm2_name2": null, "adm2_name3": null, "adm2_pcode": "ET0410", "adm1_name": "Oromia", "adm1_name1": null, "adm1_name2": null, "adm1_name3": null, "adm1_pcode": "ET04", "adm0_name": null, "adm0_name1": null, "adm0_name2": null, "adm0_name3": null, "adm0_pcode": null, "valid_on": "2025-01-01", "valid_to": null, "version": "v04", "name_lng": "en", "name_lng1": null, "name_lng2": null, "name_lng3": null }, "geometry": { "type": "Point", "coordinates": [ 41.668009308000194, 8.127668717000176 ] } },
{ "type": "Feature", "properties": { "adm_p_lvl": 3, "name": "Abiyu", "name_1": null, "name_2": null, "name_3": null, "loc_pcode": null, "x_coord": 35.35326729, "y_coord": 8.1786162, "adm3_name": "Halu /Huka", "adm3_name1": null, "adm3_name2": null, "adm3_name3": null, "adm3_pcode": "ET040319", "adm2_name": "Ilu Aba Bora", "adm2_name1": null, "adm2_name2": null, "adm2_name3": null, "adm2_pcode": "ET0403", "adm1_name": "Oromia", "adm1_name1": null, "adm1_name2": null, "adm1_name3": null, "adm1_pcode": "ET04", "adm0_name": null, "adm0_name1": null, "adm0_name2": null, "adm0_name3": null, "adm0_pcode": null, "valid_on": "2025-01-01", "valid_to": null, "version": "v04", "name_lng": "en", "name_lng1": null, "name_lng2": null, "name_lng3": null }, "geometry": { "type": "Point", "coordinates": [ 35.353267286000175, 8.178616200000022 ] } },
{ "type": "Feature", "properties": { "adm_p_lvl": 3, "name": "Baccio", "name_1": null, "name_2": null, "name_3": null, "loc_pcode": null, "x_coord": 35.68316654, "y_coord": 8.20627042, "adm3_name": "Becho (Ilu Aba Bora)", "adm3_name1": null, "adm3_name2": null, "adm3_name3": null, "adm3_pcode": "ET040314", "adm2_name": "Ilu Aba Bora", "adm2_name1": null, "adm2_name2": null, "adm2_name3": null, "adm2_pcode": "ET0403", "adm1_name": "Oromia", "adm1_name1": null, "adm1_name2": null, "adm1_name3": null, "adm1_pcode": "ET04", "adm0_name": null, "adm0_name1": null, "adm0_name2": null, "adm0_name3": null, "adm0_pcode": null, "valid_on": "2025-01-01", "valid_to": null, "version": "v04", "name_lng": "en", "name_lng1": null, "name_lng2": null, "name_lng3": null }, "geometry": { "type": "Point", "coordinates": [ 35.683166535000055, 8.206270421999989 ] } },
{ "type": "Feature", "properties": { "adm_p_lvl": 3, "name": "Itang", "name_1": null, "name_2": null, "name_3": null, "loc_pcode": null, "x_coord": 34.26674126, "y_coord": 8.19231158, "adm3_name": "Itang", "adm3_name1": null, "adm3_name2": null, "adm3_name3": null, "adm3_pcode": "ET120407", "adm2_name": "Itang Special woreda", "adm2_name1": null, "adm2_name2": null, "adm2_name3": null, "adm2_pcode": "ET1204", "adm1_name": "Gambela", "adm1_name1": null, "adm1_name2": null, "adm1_name3": null, "adm1_pcode": "ET12", "adm0_name": null, "adm0_name1": null, "adm0_name2": null, "adm0_name3": null, "adm0_pcode": null, "valid_on": "2025-01-01", "valid_to": null, "version": "v04", "name_lng": "en", "name_lng1": null, "name_lng2": null, "name_lng3": null }, "geometry": { "type": "Point", "coordinates": [ 34.266741257000149, 8.192311578000044 ] } },
{ "type": "Feature", "properties": { "adm_p_lvl": 2, "name": "Degahabur", "name_1": null, "name_2": null, "name_3": null, "loc_pcode": null, "x_coord": 43.558781, "y_coord": 8.217162, "adm3_name": "Degahabur town", "adm3_name1": null, "adm3_name2": null, "adm3_name3": null, "adm3_pcode": "ET050307", "adm2_name": "Jarar", "adm2_name1": null, "adm2_name2": null, "adm2_name3": null, "adm2_pcode": "ET0503", "adm1_name": "Somali", "adm1_name1": null, "adm1_name2": null, "adm1_name3": null, "adm1_pcode": "ET05", "adm0_name": null, "adm0_name1": null, "adm0_name2": null, "adm0_name3": null, "adm0_pcode": null, "valid_on": "2025-01-01", "valid_to": null, "version": "v04", "name_lng": "en", "name_lng1": null, "name_lng2": null, "name_lng3": null }, "geometry": { "type": "Point", "coordinates": [ 43.558781000000124, 8.217162 ] } },
{ "type": "Feature", "properties": { "adm_p_lvl": 3, "name": "Abole", "name_1": null, "name_2": null, "name_3": null, "loc_pcode": null, "x_coord": 34.43564714, "y_coord": 8.225585, "adm3_name": "Gambela Zuria", "adm3_name1": null, "adm3_name2": null, "adm3_name3": null, "adm3_pcode": "ET120202", "adm2_name": "Agnewak", "adm2_name1": null, "adm2_name2": null, "adm2_name3": null, "adm2_pcode": "ET1202", "adm1_name": "Gambela", "adm1_name1": null, "adm1_name2": null, "adm1_name3": null, "adm1_pcode": "ET12", "adm0_name": null, "adm0_name1": null, "adm0_name2": null, "adm0_name3": null, "adm0_pcode": null, "valid_on": "2025-01-01", "valid_to": null, "version": "v04", "name_lng": "en", "name_lng1": null, "name_lng2": null, "name_lng3": null }, "geometry": { "type": "Point", "coordinates": [ 34.435647139000025, 8.225585002000116 ] } },
{ "type": "Feature", "properties": { "adm_p_lvl": 3, "name": "Yanfa", "name_1": null, "name_2": null, "name_3": null, "loc_pcode": null, "x_coord": 36.60318464, "y_coord": 8.24423836, "adm3_name": "Borecha", "adm3_name1": null, "adm3_name2": null, "adm3_name3": null, "adm3_pcode": "ET041607", "adm2_name": "Buno Bedele", "adm2_name1": null, "adm2_name2": null, "adm2_name3": null, "adm2_pcode": "ET0416", "adm1_name": "Oromia", "adm1_name1": null, "adm1_name2": null, "adm1_name3": null, "adm1_pcode": "ET04", "adm0_name": null, "adm0_name1": null, "adm0_name2": null, "adm0_name3": null, "adm0_pcode": null, "valid_on": "2025-01-01", "valid_to": null, "version": "v04", "name_lng": "en", "name_lng1": null, "name_lng2": null, "name_lng3": null }, "geometry": { "type": "Point", "coordinates": [ 36.603184642000031, 8.244238359000065 ] } },
{ "type": "Feature", "properties": { "adm_p_lvl": 3, "name": "Chancho/ Debre Selam", "name_1": null, "name_2": null, "name_3": null, "loc_pcode": null, "x_coord": 40.133333, "y_coord": 8.25, "adm3_name": "Golocha", "adm3_name1": null, "adm3_name2": null, "adm3_name3": null, "adm3_pcode": "ET040803", "adm2_name": "Arsi", "adm2_name1": null, "adm2_name2": null, "adm2_name3": null, "adm2_pcode": "ET0408", "adm1_name": "Oromia", "adm1_name1": null, "adm1_name2": null, "adm1_name3": null, "adm1_pcode": "ET04", "adm0_name": null, "adm0_name1": null, "adm0_name2": null, "adm0_name3": null, "adm0_pcode": null, "valid_on": "2025-01-01", "valid_to": null, "version": "v04", "name_lng": "en", "name_lng1": null, "name_lng2": null, "name_lng3": null }, "geometry": { "type": "Point", "coordinates": [ 40.133333000000164, 8.250000000000114 ] } },
{ "type": "Feature", "properties": { "adm_p_lvl": 3, "name": "Sibo", "name_1": null, "name_2": null, "name_3": null, "loc_pcode": null, "x_coord": 35.23959347, "y_coord": 8.23854008, "adm3_name": "Bure (OR)", "adm3_name1": null, "adm3_name2": null, "adm3_name3": null, "adm3_pcode": "ET040312", "adm2_name": "Ilu Aba Bora", "adm2_name1": null, "adm2_name2": null, "adm2_name3": null, "adm2_pcode": "ET0403", "adm1_name": "Oromia", "adm1_name1": null, "adm1_name2": null, "adm1_name3": null, "adm1_pcode": "ET04", "adm0_name": null, "adm0_name1": null, "adm0_name2": null, "adm0_name3": null, "adm0_pcode": null, "valid_on": "2025-01-01", "valid_to": null, "version": "v04", "name_lng": "en", "name_lng1": null, "name_lng2": null, "name_lng3": null }, "geometry": { "type": "Point", "coordinates": [ 35.239593465000155, 8.238540084000135 ] } },
{ "type": "Feature", "properties": { "adm_p_lvl": 3, "name": "Kela", "name_1": null, "name_2": null, "name_3": null, "loc_pcode": null, "x_coord": 38.49599613, "y_coord": 8.2557485, "adm3_name": "Debub Sodo", "adm3_name1": null, "adm3_name2": null, "adm3_name3": null, "adm3_pcode": "ET070406", "adm2_name": "East Guraghe", "adm2_name1": null, "adm2_name2": null, "adm2_name3": null, "adm2_pcode": "ET0704", "adm1_name": "Central Ethiopia", "adm1_name1": null, "adm1_name2": null, "adm1_name3": null, "adm1_pcode": "ET07", "adm0_name": null, "adm0_name1": null, "adm0_name2": null, "adm0_name3": null, "adm0_pcode": null, "valid_on": "2025-01-01", "valid_to": null, "version": "v04", "name_lng": "en", "name_lng1": null, "name_lng2": null, "name_lng3": null }, "geometry": { "type": "Point", "coordinates": [ 38.495996130000151, 8.255748495000148 ] } },
{ "type": "Feature", "properties": { "adm_p_lvl": 1, "name": "Gambela", "name_1": null, "name_2": null, "name_3": null, "loc_pcode": null, "x_coord": 34.58697413, "y_coord": 8.24888553, "adm3_name": "Gambela town", "adm3_name1": null, "adm3_name2": null, "adm3_name3": null, "adm3_pcode": "ET120206", "adm2_name": "Agnewak", "adm2_name1": null, "adm2_name2": null, "adm2_name3": null, "adm2_pcode": "ET1202", "adm1_name": "Gambela", "adm1_name1": null, "adm1_name2": null, "adm1_name3": null, "adm1_pcode": "ET12", "adm0_name": null, "adm0_name1": null, "adm0_name2": null, "adm0_name3": null, "adm0_pcode": null, "valid_on": "2025-01-01", "valid_to": null, "version": "v04", "name_lng": "en", "name_lng1": null, "name_lng2": null, "name_lng3": null }, "geometry": { "type": "Point", "coordinates": [ 34.586974132000137, 8.248885531000042 ] } },
{ "type": "Feature", "properties": { "adm_p_lvl": 3, "name": "Daror", "name_1": null, "name_2": null, "name_3": null, "loc_pcode": null, "x_coord": 44.695057, "y_coord": 8.227307, "adm3_name": "Daror", "adm3_name1": null, "adm3_name2": null, "adm3_name3": null, "adm3_pcode": "ET050392", "adm2_name": "Jarar", "adm2_name1": null, "adm2_name2": null, "adm2_name3": null, "adm2_pcode": "ET0503", "adm1_name": "Somali", "adm1_name1": null, "adm1_name2": null, "adm1_name3": null, "adm1_pcode": "ET05", "adm0_name": null, "adm0_name1": null, "adm0_name2": null, "adm0_name3": null, "adm0_pcode": null, "valid_on": "2025-01-01", "valid_to": null, "version": "v04", "name_lng": "en", "name_lng1": null, "name_lng2": null, "name_lng3": null }, "geometry": { "type": "Point", "coordinates": [ 44.69505700000019, 8.22730700000011 ] } },
{ "type": "Feature", "properties": { "adm_p_lvl": 3, "name": "Sire", "name_1": null, "name_2": null, "name_3": null, "loc_pcode": null, "x_coord": 39.49326465, "y_coord": 8.27663743, "adm3_name": "Sire", "adm3_name1": null, "adm3_name2": null, "adm3_name3": null, "adm3_pcode": "ET040820", "adm2_name": "Arsi", "adm2_name1": null, "adm2_name2": null, "adm2_name3": null, "adm2_pcode": "ET0408", "adm1_name": "Oromia", "adm1_name1": null, "adm1_name2": null, "adm1_name3": null, "adm1_pcode": "ET04", "adm0_name": null, "adm0_name1": null, "adm0_name2": null, "adm0_name3": null, "adm0_pcode": null, "valid_on": "2025-01-01", "valid_to": null, "version": "v04", "name_lng": "en", "name_lng1": null, "name_lng2": null, "name_lng3": null }, "geometry": { "type": "Point", "coordinates": [ 39.49326464700016, 8.27663743 ] } },
{ "type": "Feature", "properties": { "adm_p_lvl": 2, "name": "Welkite", "name_1": null, "name_2": null, "name_3": null, "loc_pcode": null, "x_coord": 37.77813721, "y_coord": 8.28104222, "adm3_name": "Welkite town", "adm3_name1": null, "adm3_name2": null, "adm3_name3": null, "adm3_pcode": "ET070114", "adm2_name": "Guraghe", "adm2_name1": null, "adm2_name2": null, "adm2_name3": null, "adm2_pcode": "ET0701", "adm1_name": "Central Ethiopia", "adm1_name1": null, "adm1_name2": null, "adm1_name3": null, "adm1_pcode": "ET07", "adm0_name": null, "adm0_name1": null, "adm0_name2": null, "adm0_name3": null, "adm0_pcode": null, "valid_on": "2025-01-01", "valid_to": null, "version": "v04", "name_lng": "en", "name_lng1": null, "name_lng2": null, "name_lng3": null }, "geometry": { "type": "Point", "coordinates": [ 37.778137209000192, 8.281042224000146 ] } },
{ "type": "Feature", "properties": { "adm_p_lvl": 3, "name": "Alem Tena", "name_1": null, "name_2": null, "name_3": null, "loc_pcode": null, "x_coord": 38.9486104, "y_coord": 8.29754207, "adm3_name": "Bora (OR)", "adm3_name1": null, "adm3_name2": null, "adm3_name3": null, "adm3_pcode": "ET040710", "adm2_name": "East Shewa", "adm2_name1": null, "adm2_name2": null, "adm2_name3": null, "adm2_pcode": "ET0407", "adm1_name": "Oromia", "adm1_name1": null, "adm1_name2": null, "adm1_name3": null, "adm1_pcode": "ET04", "adm0_name": null, "adm0_name1": null, "adm0_name2": null, "adm0_name3": null, "adm0_pcode": null, "valid_on": "2025-01-01", "valid_to": null, "version": "v04", "name_lng": "en", "name_lng1": null, "name_lng2": null, "name_lng3": null }, "geometry": { "type": "Point", "coordinates": [ 38.948610395, 8.29754206500013 ] } },
{ "type": "Feature", "properties": { "adm_p_lvl": 3, "name": "Aware", "name_1": null, "name_2": null, "name_3": null, "loc_pcode": null, "x_coord": 44.151791, "y_coord": 8.258622, "adm3_name": "Aware", "adm3_name1": null, "adm3_name2": null, "adm3_name3": null, "adm3_pcode": "ET050303", "adm2_name": "Jarar", "adm2_name1": null, "adm2_name2": null, "adm2_name3": null, "adm2_pcode": "ET0503", "adm1_name": "Somali", "adm1_name1": null, "adm1_name2": null, "adm1_name3": null, "adm1_pcode": "ET05", "adm0_name": null, "adm0_name1": null, "adm0_name2": null, "adm0_name3": null, "adm0_pcode": null, "valid_on": "2025-01-01", "valid_to": null, "version": "v04", "name_lng": "en", "name_lng1": null, "name_lng2": null, "name_lng3": null }, "geometry": { "type": "Point", "coordinates": [ 44.151791000000173, 8.258622000000116 ] } },
{ "type": "Feature", "properties": { "adm_p_lvl": 3, "name": "Tefe", "name_1": null, "name_2": null, "name_3": null, "loc_pcode": null, "x_coord": 41.0831649, "y_coord": 8.32321637, "adm3_name": "Burqua Dhintu", "adm3_name1": null, "adm3_name2": null, "adm3_name3": null, "adm3_pcode": "ET040998", "adm2_name": "West Hararge", "adm2_name1": null, "adm2_name2": null, "adm2_name3": null, "adm2_pcode": "ET0409", "adm1_name": "Oromia", "adm1_name1": null, "adm1_name2": null, "adm1_name3": null, "adm1_pcode": "ET04", "adm0_name": null, "adm0_name1": null, "adm0_name2": null, "adm0_name3": null, "adm0_pcode": null, "valid_on": "2025-01-01", "valid_to": null, "version": "v04", "name_lng": "en", "name_lng1": null, "name_lng2": null, "name_lng3": null }, "geometry": { "type": "Point", "coordinates": [ 41.083164904, 8.323216367999976 ] } },
{ "type": "Feature", "properties": { "adm_p_lvl": 3, "name": "Atnago", "name_1": null, "name_2": null, "name_3": null, "loc_pcode": null, "x_coord": 36.94749264, "y_coord": 8.30216502, "adm3_name": "Limu Seka", "adm3_name1": null, "adm3_name2": null, "adm3_name3": null, "adm3_pcode": "ET040401", "adm2_name": "Jimma", "adm2_name1": null, "adm2_name2": null, "adm2_name3": null, "adm2_pcode": "ET0404", "adm1_name": "Oromia", "adm1_name1": null, "adm1_name2": null, "adm1_name3": null, "adm1_pcode": "ET04", "adm0_name": null, "adm0_name1": null, "adm0_name2": null, "adm0_name3": null, "adm0_pcode": null, "valid_on": "2025-01-01", "valid_to": null, "version": "v04", "name_lng": "en", "name_lng1": null, "name_lng2": null, "name_lng3": null }, "geometry": { "type": "Point", "coordinates": [ 36.947492643000146, 8.302165015000185 ] } },
{ "type": "Feature", "properties": { "adm_p_lvl": 2, "name": "Metu", "name_1": null, "name_2": null, "name_3": null, "loc_pcode": null, "x_coord": 35.58152923, "y_coord": 8.29861307, "adm3_name": "Metu town", "adm3_name1": null, "adm3_name2": null, "adm3_name3": null, "adm3_pcode": "ET040320", "adm2_name": "Ilu Aba Bora", "adm2_name1": null, "adm2_name2": null, "adm2_name3": null, "adm2_pcode": "ET0403", "adm1_name": "Oromia", "adm1_name1": null, "adm1_name2": null, "adm1_name3": null, "adm1_pcode": "ET04", "adm0_name": null, "adm0_name1": null, "adm0_name2": null, "adm0_name3": null, "adm0_pcode": null, "valid_on": "2025-01-01", "valid_to": null, "version": "v04", "name_lng": "en", "name_lng1": null, "name_lng2": null, "name_lng3": null }, "geometry": { "type": "Point", "coordinates": [ 35.581529230000058, 8.298613072000023 ] } },
{ "type": "Feature", "properties": { "adm_p_lvl": 3, "name": "Bui", "name_1": null, "name_2": null, "name_3": null, "loc_pcode": null, "x_coord": 38.55, "y_coord": 8.316667, "adm3_name": "Bui town", "adm3_name1": null, "adm3_name2": null, "adm3_name3": null, "adm3_pcode": "ET070402", "adm2_name": "East Guraghe", "adm2_name1": null, "adm2_name2": null, "adm2_name3": null, "adm2_pcode": "ET0704", "adm1_name": "Central Ethiopia", "adm1_name1": null, "adm1_name2": null, "adm1_name3": null, "adm1_pcode": "ET07", "adm0_name": null, "adm0_name1": null, "adm0_name2": null, "adm0_name3": null, "adm0_pcode": null, "valid_on": "2025-01-01", "valid_to": null, "version": "v04", "name_lng": "en", "name_lng1": null, "name_lng2": null, "name_lng3": null }, "geometry": { "type": "Point", "coordinates": [ 38.55, 8.316667 ] } },
{ "type": "Feature", "properties": { "adm_p_lvl": 3, "name": "Dera", "name_1": null, "name_2": null, "name_3": null, "loc_pcode": null, "x_coord": 39.32037631, "y_coord": 8.3248941, "adm3_name": "Dera town", "adm3_name1": null, "adm3_name2": null, "adm3_name3": null, "adm3_pcode": "ET040895", "adm2_name": "Arsi", "adm2_name1": null, "adm2_name2": null, "adm2_name3": null, "adm2_pcode": "ET0408", "adm1_name": "Oromia", "adm1_name1": null, "adm1_name2": null, "adm1_name3": null, "adm1_pcode": "ET04", "adm0_name": null, "adm0_name1": null, "adm0_name2": null, "adm0_name3": null, "adm0_pcode": null, "valid_on": "2025-01-01", "valid_to": null, "version": "v04", "name_lng": "en", "name_lng1": null, "name_lng2": null, "name_lng3": null }, "geometry": { "type": "Point", "coordinates": [ 39.320376313000168, 8.324894103000133 ] } },
{ "type": "Feature", "properties": { "adm_p_lvl": 2, "name": "Nynininyang", "name_1": null, "name_2": null, "name_3": null, "loc_pcode": null, "x_coord": 33.68111616, "y_coord": 8.29816546, "adm3_name": "Makuey", "adm3_name1": null, "adm3_name2": null, "adm3_name3": null, "adm3_pcode": "ET120105", "adm2_name": "Nuwer", "adm2_name1": null, "adm2_name2": null, "adm2_name3": null, "adm2_pcode": "ET1201", "adm1_name": "Gambela", "adm1_name1": null, "adm1_name2": null, "adm1_name3": null, "adm1_pcode": "ET12", "adm0_name": null, "adm0_name1": null, "adm0_name2": null, "adm0_name3": null, "adm0_pcode": null, "valid_on": "2025-01-01", "valid_to": null, "version": "v04", "name_lng": "en", "name_lng1": null, "name_lng2": null, "name_lng3": null }, "geometry": { "type": "Point", "coordinates": [ 33.68111616300007, 8.298165463000032 ] } },
{ "type": "Feature", "properties": { "adm_p_lvl": 3, "name": "Gechi", "name_1": null, "name_2": null, "name_3": null, "loc_pcode": null, "x_coord": 36.41862797, "y_coord": 8.33030001, "adm3_name": "Gechi", "adm3_name1": null, "adm3_name2": null, "adm3_name3": null, "adm3_pcode": "ET041606", "adm2_name": "Buno Bedele", "adm2_name1": null, "adm2_name2": null, "adm2_name3": null, "adm2_pcode": "ET0416", "adm1_name": "Oromia", "adm1_name1": null, "adm1_name2": null, "adm1_name3": null, "adm1_pcode": "ET04", "adm0_name": null, "adm0_name1": null, "adm0_name2": null, "adm0_name3": null, "adm0_pcode": null, "valid_on": "2025-01-01", "valid_to": null, "version": "v04", "name_lng": "en", "name_lng1": null, "name_lng2": null, "name_lng3": null }, "geometry": { "type": "Point", "coordinates": [ 36.418627969999989, 8.330300009000155 ] } },
{ "type": "Feature", "properties": { "adm_p_lvl": 3, "name": "Yayo", "name_1": null, "name_2": null, "name_3": null, "loc_pcode": null, "x_coord": 35.81570833, "y_coord": 8.34129722, "adm3_name": "Yayu", "adm3_name1": null, "adm3_name2": null, "adm3_name3": null, "adm3_pcode": "ET040309", "adm2_name": "Ilu Aba Bora", "adm2_name1": null, "adm2_name2": null, "adm2_name3": null, "adm2_pcode": "ET0403", "adm1_name": "Oromia", "adm1_name1": null, "adm1_name2": null, "adm1_name3": null, "adm1_pcode": "ET04", "adm0_name": null, "adm0_name1": null, "adm0_name2": null, "adm0_name3": null, "adm0_pcode": null, "valid_on": "2025-01-01", "valid_to": null, "version": "v04", "name_lng": "en", "name_lng1": null, "name_lng2": null, "name_lng3": null }, "geometry": { "type": "Point", "coordinates": [ 35.815708334000192, 8.341297222000151 ] } },
{ "type": "Feature", "properties": { "adm_p_lvl": 3, "name": "Hurumu", "name_1": null, "name_2": null, "name_3": null, "loc_pcode": null, "x_coord": 35.68235778, "y_coord": 8.33557111, "adm3_name": "Hurumu", "adm3_name1": null, "adm3_name2": null, "adm3_name3": null, "adm3_pcode": "ET040316", "adm2_name": "Ilu Aba Bora", "adm2_name1": null, "adm2_name2": null, "adm2_name3": null, "adm2_pcode": "ET0403", "adm1_name": "Oromia", "adm1_name1": null, "adm1_name2": null, "adm1_name3": null, "adm1_pcode": "ET04", "adm0_name": null, "adm0_name1": null, "adm0_name2": null, "adm0_name3": null, "adm0_pcode": null, "valid_on": "2025-01-01", "valid_to": null, "version": "v04", "name_lng": "en", "name_lng1": null, "name_lng2": null, "name_lng3": null }, "geometry": { "type": "Point", "coordinates": [ 35.682357779000085, 8.335571112000082 ] } },
{ "type": "Feature", "properties": { "adm_p_lvl": 3, "name": "Kuergeng", "name_1": null, "name_2": null, "name_3": null, "loc_pcode": null, "x_coord": 33.95340763, "y_coord": 8.32665886, "adm3_name": "Lare", "adm3_name1": null, "adm3_name2": null, "adm3_name3": null, "adm3_pcode": "ET120102", "adm2_name": "Nuwer", "adm2_name1": null, "adm2_name2": null, "adm2_name3": null, "adm2_pcode": "ET1201", "adm1_name": "Gambela", "adm1_name1": null, "adm1_name2": null, "adm1_name3": null, "adm1_pcode": "ET12", "adm0_name": null, "adm0_name1": null, "adm0_name2": null, "adm0_name3": null, "adm0_pcode": null, "valid_on": "2025-01-01", "valid_to": null, "version": "v04", "name_lng": "en", "name_lng1": null, "name_lng2": null, "name_lng3": null }, "geometry": { "type": "Point", "coordinates": [ 33.953407632000108, 8.326658856000051 ] } },
{ "type": "Feature", "properties": { "adm_p_lvl": 3, "name": "Kuach-Thiang  (Nibnib)", "name_1": null, "name_2": null, "name_3": null, "loc_pcode": null, "x_coord": 33.74000168, "y_coord": 8.32999992, "adm3_name": "Jikawo", "adm3_name1": null, "adm3_name2": null, "adm3_name3": null, "adm3_pcode": "ET120103", "adm2_name": "Nuwer", "adm2_name1": null, "adm2_name2": null, "adm2_name3": null, "adm2_pcode": "ET1201", "adm1_name": "Gambela", "adm1_name1": null, "adm1_name2": null, "adm1_name3": null, "adm1_pcode": "ET12", "adm0_name": null, "adm0_name1": null, "adm0_name2": null, "adm0_name3": null, "adm0_pcode": null, "valid_on": "2025-01-01", "valid_to": null, "version": "v04", "name_lng": "en", "name_lng1": null, "name_lng2": null, "name_lng3": null }, "geometry": { "type": "Point", "coordinates": [ 33.740001678000169, 8.329999924000106 ] } },
{ "type": "Feature", "properties": { "adm_p_lvl": 3, "name": "Kumbabe", "name_1": null, "name_2": null, "name_3": null, "loc_pcode": null, "x_coord": 36.12057889, "y_coord": 8.361805, "adm3_name": "Chora (Buno Bedele)", "adm3_name1": null, "adm3_name2": null, "adm3_name3": null, "adm3_pcode": "ET041603", "adm2_name": "Buno Bedele", "adm2_name1": null, "adm2_name2": null, "adm2_name3": null, "adm2_pcode": "ET0416", "adm1_name": "Oromia", "adm1_name1": null, "adm1_name2": null, "adm1_name3": null, "adm1_pcode": "ET04", "adm0_name": null, "adm0_name1": null, "adm0_name2": null, "adm0_name3": null, "adm0_pcode": null, "valid_on": "2025-01-01", "valid_to": null, "version": "v04", "name_lng": "en", "name_lng1": null, "name_lng2": null, "name_lng3": null }, "geometry": { "type": "Point", "coordinates": [ 36.120578889000058, 8.361805000000174 ] } },
{ "type": "Feature", "properties": { "adm_p_lvl": 3, "name": "Boter Becho", "name_1": null, "name_2": null, "name_3": null, "loc_pcode": null, "x_coord": 37.27458921, "y_coord": 8.36561731, "adm3_name": "Botor Tolay", "adm3_name1": null, "adm3_name2": null, "adm3_name3": null, "adm3_pcode": "ET040495", "adm2_name": "Jimma", "adm2_name1": null, "adm2_name2": null, "adm2_name3": null, "adm2_pcode": "ET0404", "adm1_name": "Oromia", "adm1_name1": null, "adm1_name2": null, "adm1_name3": null, "adm1_pcode": "ET04", "adm0_name": null, "adm0_name1": null, "adm0_name2": null, "adm0_name3": null, "adm0_pcode": null, "valid_on": "2025-01-01", "valid_to": null, "version": "v04", "name_lng": "en", "name_lng1": null, "name_lng2": null, "name_lng3": null }, "geometry": { "type": "Point", "coordinates": [ 37.274589209000169, 8.365617307000036 ] } },
{ "type": "Feature", "properties": { "adm_p_lvl": 3, "name": "Matar", "name_1": null, "name_2": null, "name_3": null, "loc_pcode": null, "x_coord": 33.4458378, "y_coord": 8.35207182, "adm3_name": "Wantawo", "adm3_name1": null, "adm3_name2": null, "adm3_name3": null, "adm3_pcode": "ET120104", "adm2_name": "Nuwer", "adm2_name1": null, "adm2_name2": null, "adm2_name3": null, "adm2_pcode": "ET1201", "adm1_name": "Gambela", "adm1_name1": null, "adm1_name2": null, "adm1_name3": null, "adm1_pcode": "ET12", "adm0_name": null, "adm0_name1": null, "adm0_name2": null, "adm0_name3": null, "adm0_pcode": null, "valid_on": "2025-01-01", "valid_to": null, "version": "v04", "name_lng": "en", "name_lng1": null, "name_lng2": null, "name_lng3": null }, "geometry": { "type": "Point", "coordinates": [ 33.445837796000092, 8.352071820000049 ] } },
{ "type": "Feature", "properties": { "adm_p_lvl": 3, "name": "Gora", "name_1": null, "name_2": null, "name_3": null, "loc_pcode": null, "x_coord": 37.86877022, "y_coord": 8.40034041, "adm3_name": "Goro (SW Shewa)", "adm3_name1": null, "adm3_name2": null, "adm3_name3": null, "adm3_pcode": "ET041312", "adm2_name": "South West Shewa", "adm2_name1": null, "adm2_name2": null, "adm2_name3": null, "adm2_pcode": "ET0413", "adm1_name": "Oromia", "adm1_name1": null, "adm1_name2": null, "adm1_name3": null, "adm1_pcode": "ET04", "adm0_name": null, "adm0_name1": null, "adm0_name2": null, "adm0_name3": null, "adm0_pcode": null, "valid_on": "2025-01-01", "valid_to": null, "version": "v04", "name_lng": "en", "name_lng1": null, "name_lng2": null, "name_lng3": null }, "geometry": { "type": "Point", "coordinates": [ 37.868770220000044, 8.400340406000055 ] } },
{ "type": "Feature", "properties": { "adm_p_lvl": 3, "name": "Mehal Amba", "name_1": null, "name_2": null, "name_3": null, "loc_pcode": null, "x_coord": 38.23228706, "y_coord": 8.40665432, "adm3_name": "Gedebano Gutazer Welene", "adm3_name1": null, "adm3_name2": null, "adm3_name3": null, "adm3_pcode": "ET070104", "adm2_name": "Guraghe", "adm2_name1": null, "adm2_name2": null, "adm2_name3": null, "adm2_pcode": "ET0701", "adm1_name": "Central Ethiopia", "adm1_name1": null, "adm1_name2": null, "adm1_name3": null, "adm1_pcode": "ET07", "adm0_name": null, "adm0_name1": null, "adm0_name2": null, "adm0_name3": null, "adm0_pcode": null, "valid_on": "2025-01-01", "valid_to": null, "version": "v04", "name_lng": "en", "name_lng1": null, "name_lng2": null, "name_lng3": null }, "geometry": { "type": "Point", "coordinates": [ 38.232287055000029, 8.406654315000139 ] } },
{ "type": "Feature", "properties": { "adm_p_lvl": 3, "name": "Mayumulke", "name_1": null, "name_2": null, "name_3": null, "loc_pcode": null, "x_coord": 41.88418064, "y_coord": 8.41597203, "adm3_name": "Meyu Muleke", "adm3_name1": null, "adm3_name2": null, "adm3_name3": null, "adm3_pcode": "ET041018", "adm2_name": "East Hararge", "adm2_name1": null, "adm2_name2": null, "adm2_name3": null, "adm2_pcode": "ET0410", "adm1_name": "Oromia", "adm1_name1": null, "adm1_name2": null, "adm1_name3": null, "adm1_pcode": "ET04", "adm0_name": null, "adm0_name1": null, "adm0_name2": null, "adm0_name3": null, "adm0_pcode": null, "valid_on": "2025-01-01", "valid_to": null, "version": "v04", "name_lng": "en", "name_lng1": null, "name_lng2": null, "name_lng3": null }, "geometry": { "type": "Point", "coordinates": [ 41.884180637000043, 8.415972026000077 ] } },
{ "type": "Feature", "properties": { "adm_p_lvl": 3, "name": "Koka", "name_1": null, "name_2": null, "name_3": null, "loc_pcode": null, "x_coord": 39.03058801, "y_coord": 8.43802483, "adm3_name": "Lome (OR)", "adm3_name1": null, "adm3_name2": null, "adm3_name3": null, "adm3_pcode": "ET040704", "adm2_name": "East Shewa", "adm2_name1": null, "adm2_name2": null, "adm2_name3": null, "adm2_pcode": "ET0407", "adm1_name": "Oromia", "adm1_name1": null, "adm1_name2": null, "adm1_name3": null, "adm1_pcode": "ET04", "adm0_name": null, "adm0_name1": null, "adm0_name2": null, "adm0_name3": null, "adm0_pcode": null, "valid_on": "2025-01-01", "valid_to": null, "version": "v04", "name_lng": "en", "name_lng1": null, "name_lng2": null, "name_lng3": null }, "geometry": { "type": "Point", "coordinates": [ 39.030588010000145, 8.438024834000032 ] } },
{ "type": "Feature", "properties": { "adm_p_lvl": 2, "name": "Bedele", "name_1": null, "name_2": null, "name_3": null, "loc_pcode": null, "x_coord": 36.35116804, "y_coord": 8.45561881, "adm3_name": "Bedele town", "adm3_name1": null, "adm3_name2": null, "adm3_name3": null, "adm3_pcode": "ET041621", "adm2_name": "Buno Bedele", "adm2_name1": null, "adm2_name2": null, "adm2_name3": null, "adm2_pcode": "ET0416", "adm1_name": "Oromia", "adm1_name1": null, "adm1_name2": null, "adm1_name3": null, "adm1_pcode": "ET04", "adm0_name": null, "adm0_name1": null, "adm0_name2": null, "adm0_name3": null, "adm0_pcode": null, "valid_on": "2025-01-01", "valid_to": null, "version": "v04", "name_lng": "en", "name_lng1": null, "name_lng2": null, "name_lng3": null }, "geometry": { "type": "Point", "coordinates": [ 36.351168038000026, 8.455618810000033 ] } },
{ "type": "Feature", "properties": { "adm_p_lvl": 3, "name": "Arbu Chulule", "name_1": null, "name_2": null, "name_3": null, "loc_pcode": null, "x_coord": 38.25016634, "y_coord": 8.46138369, "adm3_name": "Seden Sodo", "adm3_name1": null, "adm3_name2": null, "adm3_name3": null, "adm3_pcode": "ET041310", "adm2_name": "South West Shewa", "adm2_name1": null, "adm2_name2": null, "adm2_name3": null, "adm2_pcode": "ET0413", "adm1_name": "Oromia", "adm1_name1": null, "adm1_name2": null, "adm1_name3": null, "adm1_pcode": "ET04", "adm0_name": null, "adm0_name1": null, "adm0_name2": null, "adm0_name3": null, "adm0_pcode": null, "valid_on": "2025-01-01", "valid_to": null, "version": "v04", "name_lng": "en", "name_lng1": null, "name_lng2": null, "name_lng3": null }, "geometry": { "type": "Point", "coordinates": [ 38.250166342999989, 8.461383692000084 ] } },
{ "type": "Feature", "properties": { "adm_p_lvl": 3, "name": "Abomsa", "name_1": null, "name_2": null, "name_3": null, "loc_pcode": null, "x_coord": 39.83237622, "y_coord": 8.4866425, "adm3_name": "Merti", "adm3_name1": null, "adm3_name2": null, "adm3_name3": null, "adm3_pcode": "ET040801", "adm2_name": "Arsi", "adm2_name1": null, "adm2_name2": null, "adm2_name3": null, "adm2_pcode": "ET0408", "adm1_name": "Oromia", "adm1_name1": null, "adm1_name2": null, "adm1_name3": null, "adm1_pcode": "ET04", "adm0_name": null, "adm0_name1": null, "adm0_name2": null, "adm0_name3": null, "adm0_pcode": null, "valid_on": "2025-01-01", "valid_to": null, "version": "v04", "name_lng": "en", "name_lng1": null, "name_lng2": null, "name_lng3": null }, "geometry": { "type": "Point", "coordinates": [ 39.832376223000097, 8.48664250000013 ] } },
{ "type": "Feature", "properties": { "adm_p_lvl": 3, "name": "Aseko", "name_1": null, "name_2": null, "name_3": null, "loc_pcode": null, "x_coord": 40.02424525, "y_coord": 8.50303787, "adm3_name": "Aseko", "adm3_name1": null, "adm3_name2": null, "adm3_name3": null, "adm3_pcode": "ET040802", "adm2_name": "Arsi", "adm2_name1": null, "adm2_name2": null, "adm2_name3": null, "adm2_pcode": "ET0408", "adm1_name": "Oromia", "adm1_name1": null, "adm1_name2": null, "adm1_name3": null, "adm1_pcode": "ET04", "adm0_name": null, "adm0_name1": null, "adm0_name2": null, "adm0_name3": null, "adm0_pcode": null, "valid_on": "2025-01-01", "valid_to": null, "version": "v04", "name_lng": "en", "name_lng1": null, "name_lng2": null, "name_lng3": null }, "geometry": { "type": "Point", "coordinates": [ 40.024245251000139, 8.503037873000153 ] } },
{ "type": "Feature", "properties": { "adm_p_lvl": 2, "name": "Woliso", "name_1": null, "name_2": null, "name_3": null, "loc_pcode": null, "x_coord": 37.97070667, "y_coord": 8.53807278, "adm3_name": "Woliso town", "adm3_name1": null, "adm3_name2": null, "adm3_name3": null, "adm3_pcode": "ET041311", "adm2_name": "South West Shewa", "adm2_name1": null, "adm2_name2": null, "adm2_name3": null, "adm2_pcode": "ET0413", "adm1_name": "Oromia", "adm1_name1": null, "adm1_name2": null, "adm1_name3": null, "adm1_pcode": "ET04", "adm0_name": null, "adm0_name1": null, "adm0_name2": null, "adm0_name3": null, "adm0_pcode": null, "valid_on": "2025-01-01", "valid_to": null, "version": "v04", "name_lng": "en", "name_lng1": null, "name_lng2": null, "name_lng3": null }, "geometry": { "type": "Point", "coordinates": [ 37.970706667000059, 8.538072778000014 ] } },
{ "type": "Feature", "properties": { "adm_p_lvl": 3, "name": "Supe", "name_1": null, "name_2": null, "name_3": null, "loc_pcode": null, "x_coord": 35.660999, "y_coord": 8.515669, "adm3_name": "Alge Sachi", "adm3_name1": null, "adm3_name2": null, "adm3_name3": null, "adm3_pcode": "ET040302", "adm2_name": "Ilu Aba Bora", "adm2_name1": null, "adm2_name2": null, "adm2_name3": null, "adm2_pcode": "ET0403", "adm1_name": "Oromia", "adm1_name1": null, "adm1_name2": null, "adm1_name3": null, "adm1_pcode": "ET04", "adm0_name": null, "adm0_name1": null, "adm0_name2": null, "adm0_name3": null, "adm0_pcode": null, "valid_on": "2025-01-01", "valid_to": null, "version": "v04", "name_lng": "en", "name_lng1": null, "name_lng2": null, "name_lng3": null }, "geometry": { "type": "Point", "coordinates": [ 35.660999, 8.515669000000173 ] } },
{ "type": "Feature", "properties": { "adm_p_lvl": 3, "name": "Tere", "name_1": null, "name_2": null, "name_3": null, "loc_pcode": null, "x_coord": 38.62551812, "y_coord": 8.53010034, "adm3_name": "Sodo Daci", "adm3_name1": null, "adm3_name2": null, "adm3_name3": null, "adm3_pcode": "ET041314", "adm2_name": "South West Shewa", "adm2_name1": null, "adm2_name2": null, "adm2_name3": null, "adm2_pcode": "ET0413", "adm1_name": "Oromia", "adm1_name1": null, "adm1_name2": null, "adm1_name3": null, "adm1_pcode": "ET04", "adm0_name": null, "adm0_name1": null, "adm0_name2": null, "adm0_name3": null, "adm0_pcode": null, "valid_on": "2025-01-01", "valid_to": null, "version": "v04", "name_lng": "en", "name_lng1": null, "name_lng2": null, "name_lng3": null }, "geometry": { "type": "Point", "coordinates": [ 38.625518122000074, 8.530100344000118 ] } },
{ "type": "Feature", "properties": { "adm_p_lvl": 3, "name": "Adulala", "name_1": null, "name_2": null, "name_3": null, "loc_pcode": null, "x_coord": 38.90352812, "y_coord": 8.53756765, "adm3_name": "Liben Chukala", "adm3_name1": null, "adm3_name2": null, "adm3_name3": null, "adm3_pcode": "ET040711", "adm2_name": "East Shewa", "adm2_name1": null, "adm2_name2": null, "adm2_name3": null, "adm2_pcode": "ET0407", "adm1_name": "Oromia", "adm1_name1": null, "adm1_name2": null, "adm1_name3": null, "adm1_pcode": "ET04", "adm0_name": null, "adm0_name1": null, "adm0_name2": null, "adm0_name3": null, "adm0_pcode": null, "valid_on": "2025-01-01", "valid_to": null, "version": "v04", "name_lng": "en", "name_lng1": null, "name_lng2": null, "name_lng3": null }, "geometry": { "type": "Point", "coordinates": [ 38.9035281190001, 8.537567649000096 ] } },
{ "type": "Feature", "properties": { "adm_p_lvl": 3, "name": "Silk Amba", "name_1": null, "name_2": null, "name_3": null, "loc_pcode": null, "x_coord": 37.43004352, "y_coord": 8.53695492, "adm3_name": "Nono", "adm3_name1": null, "adm3_name2": null, "adm3_name3": null, "adm3_pcode": "ET040508", "adm2_name": "West Shewa", "adm2_name1": null, "adm2_name2": null, "adm2_name3": null, "adm2_pcode": "ET0405", "adm1_name": "Oromia", "adm1_name1": null, "adm1_name2": null, "adm1_name3": null, "adm1_pcode": "ET04", "adm0_name": null, "adm0_name1": null, "adm0_name2": null, "adm0_name3": null, "adm0_pcode": null, "valid_on": "2025-01-01", "valid_to": null, "version": "v04", "name_lng": "en", "name_lng1": null, "name_lng2": null, "name_lng3": null }, "geometry": { "type": "Point", "coordinates": [ 37.430043518000048, 8.53695492200012 ] } },
{ "type": "Feature", "properties": { "adm_p_lvl": 2, "name": "Adama", "name_1": null, "name_2": null, "name_3": null, "loc_pcode": null, "x_coord": 39.26666056, "y_coord": 8.54012778, "adm3_name": "Adama town", "adm3_name1": null, "adm3_name2": null, "adm3_name3": null, "adm3_pcode": "ET040714", "adm2_name": "East Shewa", "adm2_name1": null, "adm2_name2": null, "adm2_name3": null, "adm2_pcode": "ET0407", "adm1_name": "Oromia", "adm1_name1": null, "adm1_name2": null, "adm1_name3": null, "adm1_pcode": "ET04", "adm0_name": null, "adm0_name1": null, "adm0_name2": null, "adm0_name3": null, "adm0_pcode": null, "valid_on": "2025-01-01", "valid_to": null, "version": "v04", "name_lng": "en", "name_lng1": null, "name_lng2": null, "name_lng3": null }, "geometry": { "type": "Point", "coordinates": [ 39.266660556000033, 8.540127778000056 ] } },
{ "type": "Feature", "properties": { "adm_p_lvl": 2, "name": "Denbi Dollo", "name_1": null, "name_2": null, "name_3": null, "loc_pcode": null, "x_coord": 34.79673, "y_coord": 8.528842, "adm3_name": "Denbi Dollo town", "adm3_name1": null, "adm3_name2": null, "adm3_name3": null, "adm3_pcode": "ET041806", "adm2_name": "Kelem Wellega", "adm2_name1": null, "adm2_name2": null, "adm2_name3": null, "adm2_pcode": "ET0418", "adm1_name": "Oromia", "adm1_name1": null, "adm1_name2": null, "adm1_name3": null, "adm1_pcode": "ET04", "adm0_name": null, "adm0_name1": null, "adm0_name2": null, "adm0_name3": null, "adm0_pcode": null, "valid_on": "2025-01-01", "valid_to": null, "version": "v04", "name_lng": "en", "name_lng1": null, "name_lng2": null, "name_lng3": null }, "geometry": { "type": "Point", "coordinates": [ 34.79673, 8.528842000000111 ] } },
{ "type": "Feature", "properties": { "adm_p_lvl": 3, "name": "Mich'eta", "name_1": null, "name_2": null, "name_3": null, "loc_pcode": null, "x_coord": 40.31640973, "y_coord": 8.57287591, "adm3_name": "Daro Lebu", "adm3_name1": null, "adm3_name2": null, "adm3_name3": null, "adm3_pcode": "ET040909", "adm2_name": "West Hararge", "adm2_name1": null, "adm2_name2": null, "adm2_name3": null, "adm2_pcode": "ET0409", "adm1_name": "Oromia", "adm1_name1": null, "adm1_name2": null, "adm1_name3": null, "adm1_pcode": "ET04", "adm0_name": null, "adm0_name1": null, "adm0_name2": null, "adm0_name3": null, "adm0_pcode": null, "valid_on": "2025-01-01", "valid_to": null, "version": "v04", "name_lng": "en", "name_lng1": null, "name_lng2": null, "name_lng3": null }, "geometry": { "type": "Point", "coordinates": [ 40.316409727, 8.572875913000075 ] } },
{ "type": "Feature", "properties": { "adm_p_lvl": 3, "name": "Mojo", "name_1": null, "name_2": null, "name_3": null, "loc_pcode": null, "x_coord": 39.12589667, "y_coord": 8.5893, "adm3_name": "Mojo town", "adm3_name1": null, "adm3_name2": null, "adm3_name3": null, "adm3_pcode": "ET040797", "adm2_name": "East Shewa", "adm2_name1": null, "adm2_name2": null, "adm2_name3": null, "adm2_pcode": "ET0407", "adm1_name": "Oromia", "adm1_name1": null, "adm1_name2": null, "adm1_name3": null, "adm1_pcode": "ET04", "adm0_name": null, "adm0_name1": null, "adm0_name2": null, "adm0_name3": null, "adm0_pcode": null, "valid_on": "2025-01-01", "valid_to": null, "version": "v04", "name_lng": "en", "name_lng1": null, "name_lng2": null, "name_lng3": null }, "geometry": { "type": "Point", "coordinates": [ 39.12589666700012, 8.5893 ] } },
{ "type": "Feature", "properties": { "adm_p_lvl": 3, "name": "Dega", "name_1": null, "name_2": null, "name_3": null, "loc_pcode": null, "x_coord": 36.110008, "y_coord": 8.578804, "adm3_name": "Dega", "adm3_name1": null, "adm3_name2": null, "adm3_name3": null, "adm3_pcode": "ET041604", "adm2_name": "Buno Bedele", "adm2_name1": null, "adm2_name2": null, "adm2_name3": null, "adm2_pcode": "ET0416", "adm1_name": "Oromia", "adm1_name1": null, "adm1_name2": null, "adm1_name3": null, "adm1_pcode": "ET04", "adm0_name": null, "adm0_name1": null, "adm0_name2": null, "adm0_name3": null, "adm0_pcode": null, "valid_on": "2025-01-01", "valid_to": null, "version": "v04", "name_lng": "en", "name_lng1": null, "name_lng2": null, "name_lng3": null }, "geometry": { "type": "Point", "coordinates": [ 36.110008000000164, 8.578804 ] } },
{ "type": "Feature", "properties": { "adm_p_lvl": 3, "name": "Duba", "name_1": null, "name_2": null, "name_3": null, "loc_pcode": null, "x_coord": 35.51013113, "y_coord": 8.58383825, "adm3_name": "Darimu", "adm3_name1": null, "adm3_name2": null, "adm3_name3": null, "adm3_pcode": "ET040301", "adm2_name": "Ilu Aba Bora", "adm2_name1": null, "adm2_name2": null, "adm2_name3": null, "adm2_pcode": "ET0403", "adm1_name": "Oromia", "adm1_name1": null, "adm1_name2": null, "adm1_name3": null, "adm1_pcode": "ET04", "adm0_name": null, "adm0_name1": null, "adm0_name2": null, "adm0_name3": null, "adm0_pcode": null, "valid_on": "2025-01-01", "valid_to": null, "version": "v04", "name_lng": "en", "name_lng1": null, "name_lng2": null, "name_lng3": null }, "geometry": { "type": "Point", "coordinates": [ 35.510131126000033, 8.583838252000021 ] } },
{ "type": "Feature", "properties": { "adm_p_lvl": 3, "name": "Gindo", "name_1": null, "name_2": null, "name_3": null, "loc_pcode": null, "x_coord": 37.75378938, "y_coord": 8.59323537, "adm3_name": "Ameya", "adm3_name1": null, "adm3_name2": null, "adm3_name3": null, "adm3_pcode": "ET041301", "adm2_name": "South West Shewa", "adm2_name1": null, "adm2_name2": null, "adm2_name3": null, "adm2_pcode": "ET0413", "adm1_name": "Oromia", "adm1_name1": null, "adm1_name2": null, "adm1_name3": null, "adm1_pcode": "ET04", "adm0_name": null, "adm0_name1": null, "adm0_name2": null, "adm0_name3": null, "adm0_pcode": null, "valid_on": "2025-01-01", "valid_to": null, "version": "v04", "name_lng": "en", "name_lng1": null, "name_lng2": null, "name_lng3": null }, "geometry": { "type": "Point", "coordinates": [ 37.753789379000011, 8.593235374000017 ] } },
{ "type": "Feature", "properties": { "adm_p_lvl": 3, "name": "Mugi", "name_1": null, "name_2": null, "name_3": null, "loc_pcode": null, "x_coord": 34.6020491, "y_coord": 8.57116241, "adm3_name": "Anfilo", "adm3_name1": null, "adm3_name2": null, "adm3_name3": null, "adm3_pcode": "ET041807", "adm2_name": "Kelem Wellega", "adm2_name1": null, "adm2_name2": null, "adm2_name3": null, "adm2_pcode": "ET0418", "adm1_name": "Oromia", "adm1_name1": null, "adm1_name2": null, "adm1_name3": null, "adm1_pcode": "ET04", "adm0_name": null, "adm0_name1": null, "adm0_name2": null, "adm0_name3": null, "adm0_pcode": null, "valid_on": "2025-01-01", "valid_to": null, "version": "v04", "name_lng": "en", "name_lng1": null, "name_lng2": null, "name_lng3": null }, "geometry": { "type": "Point", "coordinates": [ 34.60204910200008, 8.571162413000081 ] } },
{ "type": "Feature", "properties": { "adm_p_lvl": 3, "name": "Lemen", "name_1": null, "name_2": null, "name_3": null, "loc_pcode": null, "x_coord": 38.60624449, "y_coord": 8.60433953, "adm3_name": "Kersana Malima", "adm3_name1": null, "adm3_name2": null, "adm3_name3": null, "adm3_pcode": "ET041307", "adm2_name": "South West Shewa", "adm2_name1": null, "adm2_name2": null, "adm2_name3": null, "adm2_pcode": "ET0413", "adm1_name": "Oromia", "adm1_name1": null, "adm1_name2": null, "adm1_name3": null, "adm1_pcode": "ET04", "adm0_name": null, "adm0_name1": null, "adm0_name2": null, "adm0_name3": null, "adm0_pcode": null, "valid_on": "2025-01-01", "valid_to": null, "version": "v04", "name_lng": "en", "name_lng1": null, "name_lng2": null, "name_lng3": null }, "geometry": { "type": "Point", "coordinates": [ 38.606244488000186, 8.604339525000171 ] } },
{ "type": "Feature", "properties": { "adm_p_lvl": 3, "name": "Chitu", "name_1": null, "name_2": null, "name_3": null, "loc_pcode": null, "x_coord": 37.92368289, "y_coord": 8.60436596, "adm3_name": "Wenchi", "adm3_name1": null, "adm3_name2": null, "adm3_name3": null, "adm3_pcode": "ET041302", "adm2_name": "South West Shewa", "adm2_name1": null, "adm2_name2": null, "adm2_name3": null, "adm2_pcode": "ET0413", "adm1_name": "Oromia", "adm1_name1": null, "adm1_name2": null, "adm1_name3": null, "adm1_pcode": "ET04", "adm0_name": null, "adm0_name1": null, "adm0_name2": null, "adm0_name3": null, "adm0_pcode": null, "valid_on": "2025-01-01", "valid_to": null, "version": "v04", "name_lng": "en", "name_lng1": null, "name_lng2": null, "name_lng3": null }, "geometry": { "type": "Point", "coordinates": [ 37.923682892000159, 8.604365964000124 ] } },
{ "type": "Feature", "properties": { "adm_p_lvl": 3, "name": "Bantu", "name_1": null, "name_2": null, "name_3": null, "loc_pcode": null, "x_coord": 38.36486677, "y_coord": 8.61411558, "adm3_name": "Tole", "adm3_name1": null, "adm3_name2": null, "adm3_name3": null, "adm3_pcode": "ET041308", "adm2_name": "South West Shewa", "adm2_name1": null, "adm2_name2": null, "adm2_name3": null, "adm2_pcode": "ET0413", "adm1_name": "Oromia", "adm1_name1": null, "adm1_name2": null, "adm1_name3": null, "adm1_pcode": "ET04", "adm0_name": null, "adm0_name1": null, "adm0_name2": null, "adm0_name3": null, "adm0_pcode": null, "valid_on": "2025-01-01", "valid_to": null, "version": "v04", "name_lng": "en", "name_lng1": null, "name_lng2": null, "name_lng3": null }, "geometry": { "type": "Point", "coordinates": [ 38.364866773000188, 8.614115581000078 ] } },
{ "type": "Feature", "properties": { "adm_p_lvl": 3, "name": "Tulu Bolo", "name_1": null, "name_2": null, "name_3": null, "loc_pcode": null, "x_coord": 38.21263896, "y_coord": 8.66040166, "adm3_name": "Becho (SW Shewa)", "adm3_name1": null, "adm3_name2": null, "adm3_name3": null, "adm3_pcode": "ET041309", "adm2_name": "South West Shewa", "adm2_name1": null, "adm2_name2": null, "adm2_name3": null, "adm2_pcode": "ET0413", "adm1_name": "Oromia", "adm1_name1": null, "adm1_name2": null, "adm1_name3": null, "adm1_pcode": "ET04", "adm0_name": null, "adm0_name1": null, "adm0_name2": null, "adm0_name3": null, "adm0_pcode": null, "valid_on": "2025-01-01", "valid_to": null, "version": "v04", "name_lng": "en", "name_lng1": null, "name_lng2": null, "name_lng3": null }, "geometry": { "type": "Point", "coordinates": [ 38.212638958000127, 8.660401656999966 ] } },
{ "type": "Feature", "properties": { "adm_p_lvl": 3, "name": "Welench'iti", "name_1": null, "name_2": null, "name_3": null, "loc_pcode": null, "x_coord": 39.42877127, "y_coord": 8.65996604, "adm3_name": "Boset", "adm3_name1": null, "adm3_name2": null, "adm3_name3": null, "adm3_pcode": "ET040702", "adm2_name": "East Shewa", "adm2_name1": null, "adm2_name2": null, "adm2_name3": null, "adm2_pcode": "ET0407", "adm1_name": "Oromia", "adm1_name1": null, "adm1_name2": null, "adm1_name3": null, "adm1_pcode": "ET04", "adm0_name": null, "adm0_name1": null, "adm0_name2": null, "adm0_name3": null, "adm0_pcode": null, "valid_on": "2025-01-01", "valid_to": null, "version": "v04", "name_lng": "en", "name_lng1": null, "name_lng2": null, "name_lng3": null }, "geometry": { "type": "Point", "coordinates": [ 39.428771266000069, 8.659966035000025 ] } },
{ "type": "Feature", "properties": { "adm_p_lvl": 3, "name": "Huse", "name_1": null, "name_2": null, "name_3": null, "loc_pcode": null, "x_coord": 41.84603316, "y_coord": 8.65859836, "adm3_name": "Meyu Muleke", "adm3_name1": null, "adm3_name2": null, "adm3_name3": null, "adm3_pcode": "ET041018", "adm2_name": "East Hararge", "adm2_name1": null, "adm2_name2": null, "adm2_name3": null, "adm2_pcode": "ET0410", "adm1_name": "Oromia", "adm1_name1": null, "adm1_name2": null, "adm1_name3": null, "adm1_pcode": "ET04", "adm0_name": null, "adm0_name1": null, "adm0_name2": null, "adm0_name3": null, "adm0_pcode": null, "valid_on": "2025-01-01", "valid_to": null, "version": "v04", "name_lng": "en", "name_lng1": null, "name_lng2": null, "name_lng3": null }, "geometry": { "type": "Point", "coordinates": [ 41.846033161000094, 8.658598362000077 ] } },
{ "type": "Feature", "properties": { "adm_p_lvl": 3, "name": "Ch'elelek'a", "name_1": null, "name_2": null, "name_3": null, "loc_pcode": null, "x_coord": 40.23529397, "y_coord": 8.69276735, "adm3_name": "Anchar", "adm3_name1": null, "adm3_name2": null, "adm3_name3": null, "adm3_pcode": "ET040906", "adm2_name": "West Hararge", "adm2_name1": null, "adm2_name2": null, "adm2_name3": null, "adm2_pcode": "ET0409", "adm1_name": "Oromia", "adm1_name1": null, "adm1_name2": null, "adm1_name3": null, "adm1_pcode": "ET04", "adm0_name": null, "adm0_name1": null, "adm0_name2": null, "adm0_name3": null, "adm0_pcode": null, "valid_on": "2025-01-01", "valid_to": null, "version": "v04", "name_lng": "en", "name_lng1": null, "name_lng2": null, "name_lng3": null }, "geometry": { "type": "Point", "coordinates": [ 40.235293965000096, 8.69276734500005 ] } },
{ "type": "Feature", "properties": { "adm_p_lvl": 3, "name": "Kone", "name_1": null, "name_2": null, "name_3": null, "loc_pcode": null, "x_coord": 36.2890958, "y_coord": 8.68589275, "adm3_name": "Dabo Hana", "adm3_name1": null, "adm3_name2": null, "adm3_name3": null, "adm3_pcode": "ET041605", "adm2_name": "Buno Bedele", "adm2_name1": null, "adm2_name2": null, "adm2_name3": null, "adm2_pcode": "ET0416", "adm1_name": "Oromia", "adm1_name1": null, "adm1_name2": null, "adm1_name3": null, "adm1_pcode": "ET04", "adm0_name": null, "adm0_name1": null, "adm0_name2": null, "adm0_name3": null, "adm0_pcode": null, "valid_on": "2025-01-01", "valid_to": null, "version": "v04", "name_lng": "en", "name_lng1": null, "name_lng2": null, "name_lng3": null }, "geometry": { "type": "Point", "coordinates": [ 36.289095795000037, 8.685892752000143 ] } },
{ "type": "Feature", "properties": { "adm_p_lvl": 3, "name": "Rob Gebeya", "name_1": null, "name_2": null, "name_3": null, "loc_pcode": null, "x_coord": 34.88080714, "y_coord": 8.68756294, "adm3_name": "Hawa Galan", "adm3_name1": null, "adm3_name2": null, "adm3_name3": null, "adm3_pcode": "ET041801", "adm2_name": "Kelem Wellega", "adm2_name1": null, "adm2_name2": null, "adm2_name3": null, "adm2_pcode": "ET0418", "adm1_name": "Oromia", "adm1_name1": null, "adm1_name2": null, "adm1_name3": null, "adm1_pcode": "ET04", "adm0_name": null, "adm0_name1": null, "adm0_name2": null, "adm0_name3": null, "adm0_pcode": null, "valid_on": "2025-01-01", "valid_to": null, "version": "v04", "name_lng": "en", "name_lng1": null, "name_lng2": null, "name_lng3": null }, "geometry": { "type": "Point", "coordinates": [ 34.880807141000162, 8.687562942000113 ] } },
{ "type": "Feature", "properties": { "adm_p_lvl": 3, "name": "Boke Tiko", "name_1": null, "name_2": null, "name_3": null, "loc_pcode": null, "x_coord": 40.64359032, "y_coord": 8.723019, "adm3_name": "Boke", "adm3_name1": null, "adm3_name2": null, "adm3_name3": null, "adm3_pcode": "ET040910", "adm2_name": "West Hararge", "adm2_name1": null, "adm2_name2": null, "adm2_name3": null, "adm2_pcode": "ET0409", "adm1_name": "Oromia", "adm1_name1": null, "adm1_name2": null, "adm1_name3": null, "adm1_pcode": "ET04", "adm0_name": null, "adm0_name1": null, "adm0_name2": null, "adm0_name3": null, "adm0_pcode": null, "valid_on": "2025-01-01", "valid_to": null, "version": "v04", "name_lng": "en", "name_lng1": null, "name_lng2": null, "name_lng3": null }, "geometry": { "type": "Point", "coordinates": [ 40.643590318000179, 8.723018999000033 ] } },
{ "type": "Feature", "properties": { "adm_p_lvl": 3, "name": "Shenen", "name_1": null, "name_2": null, "name_3": null, "loc_pcode": null, "x_coord": 37.47481379, "y_coord": 8.72835351, "adm3_name": "Jibat", "adm3_name1": null, "adm3_name2": null, "adm3_name3": null, "adm3_pcode": "ET040518", "adm2_name": "West Shewa", "adm2_name1": null, "adm2_name2": null, "adm2_name3": null, "adm2_pcode": "ET0405", "adm1_name": "Oromia", "adm1_name1": null, "adm1_name2": null, "adm1_name3": null, "adm1_pcode": "ET04", "adm0_name": null, "adm0_name1": null, "adm0_name2": null, "adm0_name3": null, "adm0_pcode": null, "valid_on": "2025-01-01", "valid_to": null, "version": "v04", "name_lng": "en", "name_lng1": null, "name_lng2": null, "name_lng3": null }, "geometry": { "type": "Point", "coordinates": [ 37.474813790000098, 8.72835351000009 ] } },
{ "type": "Feature", "properties": { "adm_p_lvl": 2, "name": "Bishoftu", "name_1": null, "name_2": null, "name_3": null, "loc_pcode": null, "x_coord": 38.98363964, "y_coord": 8.74871462, "adm3_name": "Bishoftu town", "adm3_name1": null, "adm3_name2": null, "adm3_name3": null, "adm3_pcode": "ET040709", "adm2_name": "East Shewa", "adm2_name1": null, "adm2_name2": null, "adm2_name3": null, "adm2_pcode": "ET0407", "adm1_name": "Oromia", "adm1_name1": null, "adm1_name2": null, "adm1_name3": null, "adm1_pcode": "ET04", "adm0_name": null, "adm0_name1": null, "adm0_name2": null, "adm0_name3": null, "adm0_pcode": null, "valid_on": "2025-01-01", "valid_to": null, "version": "v04", "name_lng": "en", "name_lng1": null, "name_lng2": null, "name_lng3": null }, "geometry": { "type": "Point", "coordinates": [ 38.983639644000164, 8.748714623000183 ] } },
{ "type": "Feature", "properties": { "adm_p_lvl": 3, "name": "Arjo", "name_1": null, "name_2": null, "name_3": null, "loc_pcode": null, "x_coord": 36.498241, "y_coord": 8.755033, "adm3_name": "Jimma Arjo", "adm3_name1": null, "adm3_name2": null, "adm3_name3": null, "adm3_pcode": "ET040214", "adm2_name": "East Wellega", "adm2_name1": null, "adm2_name2": null, "adm2_name3": null, "adm2_pcode": "ET0402", "adm1_name": "Oromia", "adm1_name1": null, "adm1_name2": null, "adm1_name3": null, "adm1_pcode": "ET04", "adm0_name": null, "adm0_name1": null, "adm0_name2": null, "adm0_name3": null, "adm0_pcode": null, "valid_on": "2025-01-01", "valid_to": null, "version": "v04", "name_lng": "en", "name_lng1": null, "name_lng2": null, "name_lng3": null }, "geometry": { "type": "Point", "coordinates": [ 36.498241000000121, 8.755033 ] } },
{ "type": "Feature", "properties": { "adm_p_lvl": 3, "name": "Seyo", "name_1": null, "name_2": null, "name_3": null, "loc_pcode": null, "x_coord": 37.26344261, "y_coord": 8.76493272, "adm3_name": "Dano", "adm3_name1": null, "adm3_name2": null, "adm3_name3": null, "adm3_pcode": "ET040507", "adm2_name": "West Shewa", "adm2_name1": null, "adm2_name2": null, "adm2_name3": null, "adm2_pcode": "ET0405", "adm1_name": "Oromia", "adm1_name1": null, "adm1_name2": null, "adm1_name3": null, "adm1_pcode": "ET04", "adm0_name": null, "adm0_name1": null, "adm0_name2": null, "adm0_name3": null, "adm0_pcode": null, "valid_on": "2025-01-01", "valid_to": null, "version": "v04", "name_lng": "en", "name_lng1": null, "name_lng2": null, "name_lng3": null }, "geometry": { "type": "Point", "coordinates": [ 37.263442612000119, 8.764932723000186 ] } },
{ "type": "Feature", "properties": { "adm_p_lvl": 3, "name": "Nunu", "name_1": null, "name_2": null, "name_3": null, "loc_pcode": null, "x_coord": 36.63558797, "y_coord": 8.76116416, "adm3_name": "Nunu Kumba", "adm3_name1": null, "adm3_name2": null, "adm3_name3": null, "adm3_pcode": "ET040215", "adm2_name": "East Wellega", "adm2_name1": null, "adm2_name2": null, "adm2_name3": null, "adm2_pcode": "ET0402", "adm1_name": "Oromia", "adm1_name1": null, "adm1_name2": null, "adm1_name3": null, "adm1_pcode": "ET04", "adm0_name": null, "adm0_name1": null, "adm0_name2": null, "adm0_name3": null, "adm0_pcode": null, "valid_on": "2025-01-01", "valid_to": null, "version": "v04", "name_lng": "en", "name_lng1": null, "name_lng2": null, "name_lng3": null }, "geometry": { "type": "Point", "coordinates": [ 36.635587969000142, 8.761164159000145 ] } },
{ "type": "Feature", "properties": { "adm_p_lvl": 3, "name": "Ararso", "name_1": null, "name_2": null, "name_3": null, "loc_pcode": null, "x_coord": 43.37108, "y_coord": 8.75066, "adm3_name": "Ararso", "adm3_name1": null, "adm3_name2": null, "adm3_name3": null, "adm3_pcode": "ET050395", "adm2_name": "Jarar", "adm2_name1": null, "adm2_name2": null, "adm2_name3": null, "adm2_pcode": "ET0503", "adm1_name": "Somali", "adm1_name1": null, "adm1_name2": null, "adm1_name3": null, "adm1_pcode": "ET05", "adm0_name": null, "adm0_name1": null, "adm0_name2": null, "adm0_name3": null, "adm0_pcode": null, "valid_on": "2025-01-01", "valid_to": null, "version": "v04", "name_lng": "en", "name_lng1": null, "name_lng2": null, "name_lng3": null }, "geometry": { "type": "Point", "coordinates": [ 43.371080000000177, 8.75066 ] } },
{ "type": "Feature", "properties": { "adm_p_lvl": 3, "name": "Busa", "name_1": null, "name_2": null, "name_3": null, "loc_pcode": null, "x_coord": 38.14664081, "y_coord": 8.775778, "adm3_name": "Dawo", "adm3_name1": null, "adm3_name2": null, "adm3_name3": null, "adm3_pcode": "ET041304", "adm2_name": "South West Shewa", "adm2_name1": null, "adm2_name2": null, "adm2_name3": null, "adm2_pcode": "ET0413", "adm1_name": "Oromia", "adm1_name1": null, "adm1_name2": null, "adm1_name3": null, "adm1_pcode": "ET04", "adm0_name": null, "adm0_name1": null, "adm0_name2": null, "adm0_name3": null, "adm0_pcode": null, "valid_on": "2025-01-01", "valid_to": null, "version": "v04", "name_lng": "en", "name_lng1": null, "name_lng2": null, "name_lng3": null }, "geometry": { "type": "Point", "coordinates": [ 38.146640814000136, 8.775777997000148 ] } },
{ "type": "Feature", "properties": { "adm_p_lvl": 3, "name": "Tejo", "name_1": null, "name_2": null, "name_3": null, "loc_pcode": null, "x_coord": 34.82093751, "y_coord": 8.77486214, "adm3_name": "Yama Logi Welel", "adm3_name1": null, "adm3_name2": null, "adm3_name3": null, "adm3_pcode": "ET041802", "adm2_name": "Kelem Wellega", "adm2_name1": null, "adm2_name2": null, "adm2_name3": null, "adm2_pcode": "ET0418", "adm1_name": "Oromia", "adm1_name1": null, "adm1_name2": null, "adm1_name3": null, "adm1_pcode": "ET04", "adm0_name": null, "adm0_name1": null, "adm0_name2": null, "adm0_name3": null, "adm0_pcode": null, "valid_on": "2025-01-01", "valid_to": null, "version": "v04", "name_lng": "en", "name_lng1": null, "name_lng2": null, "name_lng3": null }, "geometry": { "type": "Point", "coordinates": [ 34.82093751400015, 8.774862143 ] } },
{ "type": "Feature", "properties": { "adm_p_lvl": 3, "name": "Gelemso", "name_1": null, "name_2": null, "name_3": null, "loc_pcode": null, "x_coord": 40.52446044, "y_coord": 8.81662285, "adm3_name": "Habro", "adm3_name1": null, "adm3_name2": null, "adm3_name3": null, "adm3_pcode": "ET040908", "adm2_name": "West Hararge", "adm2_name1": null, "adm2_name2": null, "adm2_name3": null, "adm2_pcode": "ET0409", "adm1_name": "Oromia", "adm1_name1": null, "adm1_name2": null, "adm1_name3": null, "adm1_pcode": "ET04", "adm0_name": null, "adm0_name1": null, "adm0_name2": null, "adm0_name3": null, "adm0_pcode": null, "valid_on": "2025-01-01", "valid_to": null, "version": "v04", "name_lng": "en", "name_lng1": null, "name_lng2": null, "name_lng3": null }, "geometry": { "type": "Point", "coordinates": [ 40.524460444000169, 8.816622848 ] } },
{ "type": "Feature", "properties": { "adm_p_lvl": 3, "name": "Tikur Inchini", "name_1": null, "name_2": null, "name_3": null, "loc_pcode": null, "x_coord": 37.6549953, "y_coord": 8.81580244, "adm3_name": "Tikur Enchini", "adm3_name1": null, "adm3_name2": null, "adm3_name3": null, "adm3_pcode": "ET040509", "adm2_name": "West Shewa", "adm2_name1": null, "adm2_name2": null, "adm2_name3": null, "adm2_pcode": "ET0405", "adm1_name": "Oromia", "adm1_name1": null, "adm1_name2": null, "adm1_name3": null, "adm1_pcode": "ET04", "adm0_name": null, "adm0_name1": null, "adm0_name2": null, "adm0_name3": null, "adm0_pcode": null, "valid_on": "2025-01-01", "valid_to": null, "version": "v04", "name_lng": "en", "name_lng1": null, "name_lng2": null, "name_lng3": null }, "geometry": { "type": "Point", "coordinates": [ 37.654995298000131, 8.815802440000027 ] } },
{ "type": "Feature", "properties": { "adm_p_lvl": 3, "name": "Tagi", "name_1": null, "name_2": null, "name_3": null, "loc_pcode": null, "x_coord": 38.36863943, "y_coord": 8.82893061, "adm3_name": "Ilu", "adm3_name1": null, "adm3_name2": null, "adm3_name3": null, "adm3_pcode": "ET041305", "adm2_name": "South West Shewa", "adm2_name1": null, "adm2_name2": null, "adm2_name3": null, "adm2_pcode": "ET0413", "adm1_name": "Oromia", "adm1_name1": null, "adm1_name2": null, "adm1_name3": null, "adm1_pcode": "ET04", "adm0_name": null, "adm0_name1": null, "adm0_name2": null, "adm0_name3": null, "adm0_pcode": null, "valid_on": "2025-01-01", "valid_to": null, "version": "v04", "name_lng": "en", "name_lng1": null, "name_lng2": null, "name_lng3": null }, "geometry": { "type": "Point", "coordinates": [ 38.368639431000076, 8.828930611000089 ] } },
{ "type": "Feature", "properties": { "adm_p_lvl": 3, "name": "Yirga Dejen", "name_1": null, "name_2": null, "name_3": null, "loc_pcode": null, "x_coord": 35.798271, "y_coord": 8.836411, "adm3_name": "Nole Kaba", "adm3_name1": null, "adm3_name2": null, "adm3_name3": null, "adm3_pcode": "ET040115", "adm2_name": "West Wellega", "adm2_name1": null, "adm2_name2": null, "adm2_name3": null, "adm2_pcode": "ET0401", "adm1_name": "Oromia", "adm1_name1": null, "adm1_name2": null, "adm1_name3": null, "adm1_pcode": "ET04", "adm0_name": null, "adm0_name1": null, "adm0_name2": null, "adm0_name3": null, "adm0_pcode": null, "valid_on": "2025-01-01", "valid_to": null, "version": "v04", "name_lng": "en", "name_lng1": null, "name_lng2": null, "name_lng3": null }, "geometry": { "type": "Point", "coordinates": [ 35.79827100000017, 8.836411 ] } },
{ "type": "Feature", "properties": { "adm_p_lvl": 3, "name": "Debeso", "name_1": null, "name_2": null, "name_3": null, "loc_pcode": null, "x_coord": 35.651901, "y_coord": 8.840923, "adm3_name": "Sayo Nole", "adm3_name1": null, "adm3_name2": null, "adm3_name3": null, "adm3_pcode": "ET040118", "adm2_name": "West Wellega", "adm2_name1": null, "adm2_name2": null, "adm2_name3": null, "adm2_pcode": "ET0401", "adm1_name": "Oromia", "adm1_name1": null, "adm1_name2": null, "adm1_name3": null, "adm1_pcode": "ET04", "adm0_name": null, "adm0_name1": null, "adm0_name2": null, "adm0_name3": null, "adm0_pcode": null, "valid_on": "2025-01-01", "valid_to": null, "version": "v04", "name_lng": "en", "name_lng1": null, "name_lng2": null, "name_lng3": null }, "geometry": { "type": "Point", "coordinates": [ 35.651901000000123, 8.840923000000146 ] } },
{ "type": "Feature", "properties": { "adm_p_lvl": 3, "name": "Mubarek", "name_1": null, "name_2": null, "name_3": null, "loc_pcode": null, "x_coord": 40.00768332, "y_coord": 4.16861626, "adm3_name": "Mubarek", "adm3_name1": null, "adm3_name2": null, "adm3_name3": null, "adm3_pcode": "ET051187", "adm2_name": "Daawa", "adm2_name1": null, "adm2_name2": null, "adm2_name3": null, "adm2_pcode": "ET0511", "adm1_name": "Somali", "adm1_name1": null, "adm1_name2": null, "adm1_name3": null, "adm1_pcode": "ET05", "adm0_name": null, "adm0_name1": null, "adm0_name2": null, "adm0_name3": null, "adm0_pcode": null, "valid_on": "2025-01-01", "valid_to": null, "version": "v04", "name_lng": "en", "name_lng1": null, "name_lng2": null, "name_lng3": null }, "geometry": { "type": "Point", "coordinates": [ 40.00768332399997, 4.168616256000121 ] } },
{ "type": "Feature", "properties": { "adm_p_lvl": 3, "name": "Sadi", "name_1": null, "name_2": null, "name_3": null, "loc_pcode": null, "x_coord": 35.07284173, "y_coord": 8.86350877, "adm3_name": "Sedi Chenka", "adm3_name1": null, "adm3_name2": null, "adm3_name3": null, "adm3_pcode": "ET041812", "adm2_name": "Kelem Wellega", "adm2_name1": null, "adm2_name2": null, "adm2_name3": null, "adm2_pcode": "ET0418", "adm1_name": "Oromia", "adm1_name1": null, "adm1_name2": null, "adm1_name3": null, "adm1_pcode": "ET04", "adm0_name": null, "adm0_name1": null, "adm0_name2": null, "adm0_name3": null, "adm0_pcode": null, "valid_on": "2025-01-01", "valid_to": null, "version": "v04", "name_lng": "en", "name_lng1": null, "name_lng2": null, "name_lng3": null }, "geometry": { "type": "Point", "coordinates": [ 35.072841732000086, 8.86350877000018 ] } },
{ "type": "Feature", "properties": { "adm_p_lvl": 3, "name": "Midega", "name_1": null, "name_2": null, "name_3": null, "loc_pcode": null, "x_coord": 42.12481081, "y_coord": 8.87086562, "adm3_name": "Midhaga Tola", "adm3_name1": null, "adm3_name2": null, "adm3_name3": null, "adm3_pcode": "ET041014", "adm2_name": "East Hararge", "adm2_name1": null, "adm2_name2": null, "adm2_name3": null, "adm2_pcode": "ET0410", "adm1_name": "Oromia", "adm1_name1": null, "adm1_name2": null, "adm1_name3": null, "adm1_pcode": "ET04", "adm0_name": null, "adm0_name1": null, "adm0_name2": null, "adm0_name3": null, "adm0_pcode": null, "valid_on": "2025-01-01", "valid_to": null, "version": "v04", "name_lng": "en", "name_lng1": null, "name_lng2": null, "name_lng3": null }, "geometry": { "type": "Point", "coordinates": [ 42.124810807000131, 8.870865620000131 ] } },
{ "type": "Feature", "properties": { "adm_p_lvl": 3, "name": "Matahara", "name_1": null, "name_2": null, "name_3": null, "loc_pcode": null, "x_coord": 39.9175192, "y_coord": 8.90344071, "adm3_name": "Metehara town", "adm3_name1": null, "adm3_name2": null, "adm3_name3": null, "adm3_pcode": "ET040799", "adm2_name": "East Shewa", "adm2_name1": null, "adm2_name2": null, "adm2_name3": null, "adm2_pcode": "ET0407", "adm1_name": "Oromia", "adm1_name1": null, "adm1_name2": null, "adm1_name3": null, "adm1_pcode": "ET04", "adm0_name": null, "adm0_name1": null, "adm0_name2": null, "adm0_name3": null, "adm0_pcode": null, "valid_on": "2025-01-01", "valid_to": null, "version": "v04", "name_lng": "en", "name_lng1": null, "name_lng2": null, "name_lng3": null }, "geometry": { "type": "Point", "coordinates": [ 39.917519204000143, 8.903440705000037 ] } },
{ "type": "Feature", "properties": { "adm_p_lvl": 3, "name": "Bilo", "name_1": null, "name_2": null, "name_3": null, "loc_pcode": null, "x_coord": 36.99360462, "y_coord": 8.89386124, "adm3_name": "Boneya Boshe", "adm3_name1": null, "adm3_name2": null, "adm3_name3": null, "adm3_pcode": "ET040205", "adm2_name": "East Wellega", "adm2_name1": null, "adm2_name2": null, "adm2_name3": null, "adm2_pcode": "ET0402", "adm1_name": "Oromia", "adm1_name1": null, "adm1_name2": null, "adm1_name3": null, "adm1_pcode": "ET04", "adm0_name": null, "adm0_name1": null, "adm0_name2": null, "adm0_name3": null, "adm0_pcode": null, "valid_on": "2025-01-01", "valid_to": null, "version": "v04", "name_lng": "en", "name_lng1": null, "name_lng2": null, "name_lng3": null }, "geometry": { "type": "Point", "coordinates": [ 36.993604619, 8.893861236000134 ] } },
{ "type": "Feature", "properties": { "adm_p_lvl": 3, "name": "Getema", "name_1": null, "name_2": null, "name_3": null, "loc_pcode": null, "x_coord": 36.487061, "y_coord": 8.88658, "adm3_name": "Leka Dulecha", "adm3_name1": null, "adm3_name2": null, "adm3_name3": null, "adm3_pcode": "ET040212", "adm2_name": "East Wellega", "adm2_name1": null, "adm2_name2": null, "adm2_name3": null, "adm2_pcode": "ET0402", "adm1_name": "Oromia", "adm1_name1": null, "adm1_name2": null, "adm1_name3": null, "adm1_pcode": "ET04", "adm0_name": null, "adm0_name1": null, "adm0_name2": null, "adm0_name3": null, "adm0_pcode": null, "valid_on": "2025-01-01", "valid_to": null, "version": "v04", "name_lng": "en", "name_lng1": null, "name_lng2": null, "name_lng3": null }, "geometry": { "type": "Point", "coordinates": [ 36.487061, 8.88658 ] } },
{ "type": "Feature", "properties": { "adm_p_lvl": 3, "name": "Bedesa", "name_1": null, "name_2": null, "name_3": null, "loc_pcode": null, "x_coord": 40.77286505, "y_coord": 8.90420582, "adm3_name": "Bedesa town", "adm3_name1": null, "adm3_name2": null, "adm3_name3": null, "adm3_pcode": "ET040914", "adm2_name": "West Hararge", "adm2_name1": null, "adm2_name2": null, "adm2_name3": null, "adm2_pcode": "ET0409", "adm1_name": "Oromia", "adm1_name1": null, "adm1_name2": null, "adm1_name3": null, "adm1_pcode": "ET04", "adm0_name": null, "adm0_name1": null, "adm0_name2": null, "adm0_name3": null, "adm0_pcode": null, "valid_on": "2025-01-01", "valid_to": null, "version": "v04", "name_lng": "en", "name_lng1": null, "name_lng2": null, "name_lng3": null }, "geometry": { "type": "Point", "coordinates": [ 40.772865050000121, 8.904205818000037 ] } },
{ "type": "Feature", "properties": { "adm_p_lvl": 2, "name": "Sebeta", "name_1": null, "name_2": null, "name_3": null, "loc_pcode": null, "x_coord": 38.62360343, "y_coord": 8.91196402, "adm3_name": "Sebeta", "adm3_name1": null, "adm3_name2": null, "adm3_name3": null, "adm3_pcode": "ET042011", "adm2_name": "Shager City", "adm2_name1": null, "adm2_name2": null, "adm2_name3": null, "adm2_pcode": "ET0420", "adm1_name": "Oromia", "adm1_name1": null, "adm1_name2": null, "adm1_name3": null, "adm1_pcode": "ET04", "adm0_name": null, "adm0_name1": null, "adm0_name2": null, "adm0_name3": null, "adm0_pcode": null, "valid_on": "2025-01-01", "valid_to": null, "version": "v04", "name_lng": "en", "name_lng1": null, "name_lng2": null, "name_lng3": null }, "geometry": { "type": "Point", "coordinates": [ 38.623603425000056, 8.911964022000177 ] } },
{ "type": "Feature", "properties": { "adm_p_lvl": 3, "name": "Alem Teferi", "name_1": null, "name_2": null, "name_3": null, "loc_pcode": null, "x_coord": 35.22585948, "y_coord": 8.9056777, "adm3_name": "Dale Sadi", "adm3_name1": null, "adm3_name2": null, "adm3_name3": null, "adm3_pcode": "ET041808", "adm2_name": "Kelem Wellega", "adm2_name1": null, "adm2_name2": null, "adm2_name3": null, "adm2_pcode": "ET0418", "adm1_name": "Oromia", "adm1_name1": null, "adm1_name2": null, "adm1_name3": null, "adm1_pcode": "ET04", "adm0_name": null, "adm0_name1": null, "adm0_name2": null, "adm0_name3": null, "adm0_pcode": null, "valid_on": "2025-01-01", "valid_to": null, "version": "v04", "name_lng": "en", "name_lng1": null, "name_lng2": null, "name_lng3": null }, "geometry": { "type": "Point", "coordinates": [ 35.22585948, 8.905677701000059 ] } },
{ "type": "Feature", "properties": { "adm_p_lvl": 3, "name": "Ilu Harer", "name_1": null, "name_2": null, "name_3": null, "loc_pcode": null, "x_coord": 36.15630192, "y_coord": 8.91343908, "adm3_name": "Chwaka", "adm3_name1": null, "adm3_name2": null, "adm3_name3": null, "adm3_pcode": "ET041623", "adm2_name": "Buno Bedele", "adm2_name1": null, "adm2_name2": null, "adm2_name3": null, "adm2_pcode": "ET0416", "adm1_name": "Oromia", "adm1_name1": null, "adm1_name2": null, "adm1_name3": null, "adm1_pcode": "ET04", "adm0_name": null, "adm0_name1": null, "adm0_name2": null, "adm0_name3": null, "adm0_pcode": null, "valid_on": "2025-01-01", "valid_to": null, "version": "v04", "name_lng": "en", "name_lng1": null, "name_lng2": null, "name_lng3": null }, "geometry": { "type": "Point", "coordinates": [ 36.156301922000182, 8.913439075000099 ] } },
{ "type": "Feature", "properties": { "adm_p_lvl": 3, "name": "Arerti", "name_1": null, "name_2": null, "name_3": null, "loc_pcode": null, "x_coord": 39.4229175, "y_coord": 8.92683979, "adm3_name": "Arerti town", "adm3_name1": null, "adm3_name2": null, "adm3_name3": null, "adm3_pcode": "ET030525", "adm2_name": "North Shewa (AM)", "adm2_name1": null, "adm2_name2": null, "adm2_name3": null, "adm2_pcode": "ET0305", "adm1_name": "Amhara", "adm1_name1": null, "adm1_name2": null, "adm1_name3": null, "adm1_pcode": "ET03", "adm0_name": null, "adm0_name1": null, "adm0_name2": null, "adm0_name3": null, "adm0_pcode": null, "valid_on": "2025-01-01", "valid_to": null, "version": "v04", "name_lng": "en", "name_lng1": null, "name_lng2": null, "name_lng3": null }, "geometry": { "type": "Point", "coordinates": [ 39.422917497000014, 8.926839791000077 ] } },
{ "type": "Feature", "properties": { "adm_p_lvl": 3, "name": "Lalo Kile", "name_1": null, "name_2": null, "name_3": null, "loc_pcode": null, "x_coord": 35.35426218, "y_coord": 8.91398084, "adm3_name": "Lalo Kile", "adm3_name1": null, "adm3_name2": null, "adm3_name3": null, "adm3_pcode": "ET041811", "adm2_name": "Kelem Wellega", "adm2_name1": null, "adm2_name2": null, "adm2_name3": null, "adm2_pcode": "ET0418", "adm1_name": "Oromia", "adm1_name1": null, "adm1_name2": null, "adm1_name3": null, "adm1_pcode": "ET04", "adm0_name": null, "adm0_name1": null, "adm0_name2": null, "adm0_name3": null, "adm0_pcode": null, "valid_on": "2025-01-01", "valid_to": null, "version": "v04", "name_lng": "en", "name_lng1": null, "name_lng2": null, "name_lng3": null }, "geometry": { "type": "Point", "coordinates": [ 35.354262183000174, 8.913980838000043 ] } },
{ "type": "Feature", "properties": { "adm_p_lvl": 3, "name": "Guba K'oricha", "name_1": null, "name_2": null, "name_3": null, "loc_pcode": null, "x_coord": 40.55, "y_coord": 8.95, "adm3_name": "Goba Koricha", "adm3_name1": null, "adm3_name2": null, "adm3_name3": null, "adm3_pcode": "ET040907", "adm2_name": "West Hararge", "adm2_name1": null, "adm2_name2": null, "adm2_name3": null, "adm2_pcode": "ET0409", "adm1_name": "Oromia", "adm1_name1": null, "adm1_name2": null, "adm1_name3": null, "adm1_pcode": "ET04", "adm0_name": null, "adm0_name1": null, "adm0_name2": null, "adm0_name3": null, "adm0_pcode": null, "valid_on": "2025-01-01", "valid_to": null, "version": "v04", "name_lng": "en", "name_lng1": null, "name_lng2": null, "name_lng3": null }, "geometry": { "type": "Point", "coordinates": [ 40.550000000000182, 8.950000000000102 ] } },
{ "type": "Feature", "properties": { "adm_p_lvl": 3, "name": "Chaffe Donsa", "name_1": null, "name_2": null, "name_3": null, "loc_pcode": null, "x_coord": 39.11845963, "y_coord": 8.96647054, "adm3_name": "Gimbichu", "adm3_name1": null, "adm3_name2": null, "adm3_name3": null, "adm3_pcode": "ET040705", "adm2_name": "East Shewa", "adm2_name1": null, "adm2_name2": null, "adm2_name3": null, "adm2_pcode": "ET0407", "adm1_name": "Oromia", "adm1_name1": null, "adm1_name2": null, "adm1_name3": null, "adm1_pcode": "ET04", "adm0_name": null, "adm0_name1": null, "adm0_name2": null, "adm0_name3": null, "adm0_pcode": null, "valid_on": "2025-01-01", "valid_to": null, "version": "v04", "name_lng": "en", "name_lng1": null, "name_lng2": null, "name_lng3": null }, "geometry": { "type": "Point", "coordinates": [ 39.118459632000054, 8.966470540000046 ] } },
{ "type": "Feature", "properties": { "adm_p_lvl": 3, "name": "Guder", "name_1": null, "name_2": null, "name_3": null, "loc_pcode": null, "x_coord": 37.7591238, "y_coord": 8.96701186, "adm3_name": "Toke Kutaye", "adm3_name1": null, "adm3_name2": null, "adm3_name3": null, "adm3_pcode": "ET040517", "adm2_name": "West Shewa", "adm2_name1": null, "adm2_name2": null, "adm2_name3": null, "adm2_pcode": "ET0405", "adm1_name": "Oromia", "adm1_name1": null, "adm1_name2": null, "adm1_name3": null, "adm1_pcode": "ET04", "adm0_name": null, "adm0_name1": null, "adm0_name2": null, "adm0_name3": null, "adm0_pcode": null, "valid_on": "2025-01-01", "valid_to": null, "version": "v04", "name_lng": "en", "name_lng1": null, "name_lng2": null, "name_lng3": null }, "geometry": { "type": "Point", "coordinates": [ 37.759123796000097, 8.967011857000159 ] } },
{ "type": "Feature", "properties": { "adm_p_lvl": 3, "name": "Yubdo", "name_1": null, "name_2": null, "name_3": null, "loc_pcode": null, "x_coord": 35.44934231, "y_coord": 8.95233684, "adm3_name": "Yubdo", "adm3_name1": null, "adm3_name2": null, "adm3_name3": null, "adm3_pcode": "ET040112", "adm2_name": "West Wellega", "adm2_name1": null, "adm2_name2": null, "adm2_name3": null, "adm2_pcode": "ET0401", "adm1_name": "Oromia", "adm1_name1": null, "adm1_name2": null, "adm1_name3": null, "adm1_pcode": "ET04", "adm0_name": null, "adm0_name1": null, "adm0_name2": null, "adm0_name3": null, "adm0_pcode": null, "valid_on": "2025-01-01", "valid_to": null, "version": "v04", "name_lng": "en", "name_lng1": null, "name_lng2": null, "name_lng3": null }, "geometry": { "type": "Point", "coordinates": [ 35.449342310000077, 8.952336838000178 ] } },
{ "type": "Feature", "properties": { "adm_p_lvl": 3, "name": "Nunu", "name_1": null, "name_2": null, "name_3": null, "loc_pcode": null, "x_coord": 34.743552, "y_coord": 8.95240409, "adm3_name": "Jimma Horo", "adm3_name1": null, "adm3_name2": null, "adm3_name3": null, "adm3_pcode": "ET041810", "adm2_name": "Kelem Wellega", "adm2_name1": null, "adm2_name2": null, "adm2_name3": null, "adm2_pcode": "ET0418", "adm1_name": "Oromia", "adm1_name1": null, "adm1_name2": null, "adm1_name3": null, "adm1_pcode": "ET04", "adm0_name": null, "adm0_name1": null, "adm0_name2": null, "adm0_name3": null, "adm0_pcode": null, "valid_on": "2025-01-01", "valid_to": null, "version": "v04", "name_lng": "en", "name_lng1": null, "name_lng2": null, "name_lng3": null }, "geometry": { "type": "Point", "coordinates": [ 34.743552000000136, 8.952404086000058 ] } },
{ "type": "Feature", "properties": { "adm_p_lvl": 2, "name": "Ambo", "name_1": null, "name_2": null, "name_3": null, "loc_pcode": null, "x_coord": 37.85106452, "y_coord": 8.98041827, "adm3_name": "Ambo town", "adm3_name1": null, "adm3_name2": null, "adm3_name3": null, "adm3_pcode": "ET040515", "adm2_name": "West Shewa", "adm2_name1": null, "adm2_name2": null, "adm2_name3": null, "adm2_pcode": "ET0405", "adm1_name": "Oromia", "adm1_name1": null, "adm1_name2": null, "adm1_name3": null, "adm1_pcode": "ET04", "adm0_name": null, "adm0_name1": null, "adm0_name2": null, "adm0_name3": null, "adm0_pcode": null, "valid_on": "2025-01-01", "valid_to": null, "version": "v04", "name_lng": "en", "name_lng1": null, "name_lng2": null, "name_lng3": null }, "geometry": { "type": "Point", "coordinates": [ 37.851064524000037, 8.980418271000076 ] } },
{ "type": "Feature", "properties": { "adm_p_lvl": 3, "name": "Awash", "name_1": null, "name_2": null, "name_3": null, "loc_pcode": null, "x_coord": 40.16659414, "y_coord": 8.99210297, "adm3_name": "Awash town", "adm3_name1": null, "adm3_name2": null, "adm3_name3": null, "adm3_pcode": "ET020396", "adm2_name": "Gabi /Zone 3", "adm2_name1": null, "adm2_name2": null, "adm2_name3": null, "adm2_pcode": "ET0203", "adm1_name": "Afar", "adm1_name1": null, "adm1_name2": null, "adm1_name3": null, "adm1_pcode": "ET02", "adm0_name": null, "adm0_name1": null, "adm0_name2": null, "adm0_name3": null, "adm0_pcode": null, "valid_on": "2025-01-01", "valid_to": null, "version": "v04", "name_lng": "en", "name_lng1": null, "name_lng2": null, "name_lng3": null }, "geometry": { "type": "Point", "coordinates": [ 40.166594136000072, 8.992102972999987 ] } },
{ "type": "Feature", "properties": { "adm_p_lvl": 3, "name": "Kebe", "name_1": null, "name_2": null, "name_3": null, "loc_pcode": null, "x_coord": 34.96843, "y_coord": 8.976533, "adm3_name": "Gawo Kebe", "adm3_name1": null, "adm3_name2": null, "adm3_name3": null, "adm3_pcode": "ET041804", "adm2_name": "Kelem Wellega", "adm2_name1": null, "adm2_name2": null, "adm2_name3": null, "adm2_pcode": "ET0418", "adm1_name": "Oromia", "adm1_name1": null, "adm1_name2": null, "adm1_name3": null, "adm1_pcode": "ET04", "adm0_name": null, "adm0_name1": null, "adm0_name2": null, "adm0_name3": null, "adm0_pcode": null, "valid_on": "2025-01-01", "valid_to": null, "version": "v04", "name_lng": "en", "name_lng1": null, "name_lng2": null, "name_lng3": null }, "geometry": { "type": "Point", "coordinates": [ 34.968430000000126, 8.976533 ] } },
{ "type": "Feature", "properties": { "adm_p_lvl": 3, "name": "Guyi", "name_1": null, "name_2": null, "name_3": null, "loc_pcode": null, "x_coord": 35.8232407, "y_coord": 8.98748261, "adm3_name": "Haru", "adm3_name1": null, "adm3_name2": null, "adm3_name3": null, "adm3_pcode": "ET040114", "adm2_name": "West Wellega", "adm2_name1": null, "adm2_name2": null, "adm2_name3": null, "adm2_pcode": "ET0401", "adm1_name": "Oromia", "adm1_name1": null, "adm1_name2": null, "adm1_name3": null, "adm1_pcode": "ET04", "adm0_name": null, "adm0_name1": null, "adm0_name2": null, "adm0_name3": null, "adm0_pcode": null, "valid_on": "2025-01-01", "valid_to": null, "version": "v04", "name_lng": "en", "name_lng1": null, "name_lng2": null, "name_lng3": null }, "geometry": { "type": "Point", "coordinates": [ 35.823240695000152, 8.987482606000071 ] } },
{ "type": "Feature", "properties": { "adm_p_lvl": 3, "name": "Kuni", "name_1": null, "name_2": null, "name_3": null, "loc_pcode": null, "x_coord": 40.88347658, "y_coord": 9.00202914, "adm3_name": "Gemechis", "adm3_name1": null, "adm3_name2": null, "adm3_name3": null, "adm3_pcode": "ET040912", "adm2_name": "West Hararge", "adm2_name1": null, "adm2_name2": null, "adm2_name3": null, "adm2_pcode": "ET0409", "adm1_name": "Oromia", "adm1_name1": null, "adm1_name2": null, "adm1_name3": null, "adm1_pcode": "ET04", "adm0_name": null, "adm0_name1": null, "adm0_name2": null, "adm0_name3": null, "adm0_pcode": null, "valid_on": "2025-01-01", "valid_to": null, "version": "v04", "name_lng": "en", "name_lng1": null, "name_lng2": null, "name_lng3": null }, "geometry": { "type": "Point", "coordinates": [ 40.88347657800017, 9.002029141000094 ] } },
{ "type": "Feature", "properties": { "adm_p_lvl": 3, "name": "Gidam", "name_1": null, "name_2": null, "name_3": null, "loc_pcode": null, "x_coord": 34.60182609, "y_coord": 8.99046457, "adm3_name": "Gidami", "adm3_name1": null, "adm3_name2": null, "adm3_name3": null, "adm3_pcode": "ET041809", "adm2_name": "Kelem Wellega", "adm2_name1": null, "adm2_name2": null, "adm2_name3": null, "adm2_pcode": "ET0418", "adm1_name": "Oromia", "adm1_name1": null, "adm1_name2": null, "adm1_name3": null, "adm1_pcode": "ET04", "adm0_name": null, "adm0_name1": null, "adm0_name2": null, "adm0_name3": null, "adm0_pcode": null, "valid_on": "2025-01-01", "valid_to": null, "version": "v04", "name_lng": "en", "name_lng1": null, "name_lng2": null, "name_lng3": null }, "geometry": { "type": "Point", "coordinates": [ 34.601826085000027, 8.990464571000132 ] } },
{ "type": "Feature", "properties": { "adm_p_lvl": 3, "name": "Gedo", "name_1": null, "name_2": null, "name_3": null, "loc_pcode": null, "x_coord": 37.44917763, "y_coord": 9.01337013, "adm3_name": "Cheliya", "adm3_name1": null, "adm3_name2": null, "adm3_name3": null, "adm3_pcode": "ET040505", "adm2_name": "West Shewa", "adm2_name1": null, "adm2_name2": null, "adm2_name3": null, "adm2_pcode": "ET0405", "adm1_name": "Oromia", "adm1_name1": null, "adm1_name2": null, "adm1_name3": null, "adm1_pcode": "ET04", "adm0_name": null, "adm0_name1": null, "adm0_name2": null, "adm0_name3": null, "adm0_pcode": null, "valid_on": "2025-01-01", "valid_to": null, "version": "v04", "name_lng": "en", "name_lng1": null, "name_lng2": null, "name_lng3": null }, "geometry": { "type": "Point", "coordinates": [ 37.449177630000122, 9.013370130000112 ] } },
{ "type": "Feature", "properties": { "adm_p_lvl": 3, "name": "K'ebri Beyah", "name_1": null, "name_2": null, "name_3": null, "loc_pcode": null, "x_coord": 43.17577279, "y_coord": 9.10199949, "adm3_name": "Kebribayah town", "adm3_name1": null, "adm3_name2": null, "adm3_name3": null, "adm3_pcode": "ET050296", "adm2_name": "Fafan", "adm2_name1": null, "adm2_name2": null, "adm2_name3": null, "adm2_pcode": "ET0502", "adm1_name": "Somali", "adm1_name1": null, "adm1_name2": null, "adm1_name3": null, "adm1_pcode": "ET05", "adm0_name": null, "adm0_name1": null, "adm0_name2": null, "adm0_name3": null, "adm0_pcode": null, "valid_on": "2025-01-01", "valid_to": null, "version": "v04", "name_lng": "en", "name_lng1": null, "name_lng2": null, "name_lng3": null }, "geometry": { "type": "Point", "coordinates": [ 43.175772793000192, 9.101999489000093 ] } },
{ "type": "Feature", "properties": { "adm_p_lvl": 3, "name": "Baco", "name_1": null, "name_2": null, "name_3": null, "loc_pcode": null, "x_coord": 37.06066777, "y_coord": 9.11913355, "adm3_name": "Bako Tibe", "adm3_name1": null, "adm3_name2": null, "adm3_name3": null, "adm3_pcode": "ET040506", "adm2_name": "West Shewa", "adm2_name1": null, "adm2_name2": null, "adm2_name3": null, "adm2_pcode": "ET0405", "adm1_name": "Oromia", "adm1_name1": null, "adm1_name2": null, "adm1_name3": null, "adm1_pcode": "ET04", "adm0_name": null, "adm0_name1": null, "adm0_name2": null, "adm0_name3": null, "adm0_pcode": null, "valid_on": "2025-01-01", "valid_to": null, "version": "v04", "name_lng": "en", "name_lng1": null, "name_lng2": null, "name_lng3": null }, "geometry": { "type": "Point", "coordinates": [ 37.060667770000123, 9.119133549000026 ] } },
{ "type": "Feature", "properties": { "adm_p_lvl": 3, "name": "Balemi", "name_1": null, "name_2": null, "name_3": null, "loc_pcode": null, "x_coord": 37.52024206, "y_coord": 9.12932216, "adm3_name": "Mida Kegn", "adm3_name1": null, "adm3_name2": null, "adm3_name3": null, "adm3_pcode": "ET040504", "adm2_name": "West Shewa", "adm2_name1": null, "adm2_name2": null, "adm2_name3": null, "adm2_pcode": "ET0405", "adm1_name": "Oromia", "adm1_name1": null, "adm1_name2": null, "adm1_name3": null, "adm1_pcode": "ET04", "adm0_name": null, "adm0_name1": null, "adm0_name2": null, "adm0_name3": null, "adm0_pcode": null, "valid_on": "2025-01-01", "valid_to": null, "version": "v04", "name_lng": "en", "name_lng1": null, "name_lng2": null, "name_lng3": null }, "geometry": { "type": "Point", "coordinates": [ 37.520242058000065, 9.129322160000072 ] } },
{ "type": "Feature", "properties": { "adm_p_lvl": 3, "name": "Girawa", "name_1": null, "name_2": null, "name_3": null, "loc_pcode": null, "x_coord": 41.83395985, "y_coord": 9.13590979, "adm3_name": "Girawa", "adm3_name1": null, "adm3_name2": null, "adm3_name3": null, "adm3_pcode": "ET041016", "adm2_name": "East Hararge", "adm2_name1": null, "adm2_name2": null, "adm2_name3": null, "adm2_pcode": "ET0410", "adm1_name": "Oromia", "adm1_name1": null, "adm1_name2": null, "adm1_name3": null, "adm1_pcode": "ET04", "adm0_name": null, "adm0_name1": null, "adm0_name2": null, "adm0_name3": null, "adm0_pcode": null, "valid_on": "2025-01-01", "valid_to": null, "version": "v04", "name_lng": "en", "name_lng1": null, "name_lng2": null, "name_lng3": null }, "geometry": { "type": "Point", "coordinates": [ 41.833959853000181, 9.135909793000053 ] } },
{ "type": "Feature", "properties": { "adm_p_lvl": 3, "name": "Boko", "name_1": null, "name_2": null, "name_3": null, "loc_pcode": null, "x_coord": 42.07766652, "y_coord": 9.13265918, "adm3_name": "Fedis", "adm3_name1": null, "adm3_name2": null, "adm3_name3": null, "adm3_pcode": "ET041005", "adm2_name": "East Hararge", "adm2_name1": null, "adm2_name2": null, "adm2_name3": null, "adm2_pcode": "ET0410", "adm1_name": "Oromia", "adm1_name1": null, "adm1_name2": null, "adm1_name3": null, "adm1_pcode": "ET04", "adm0_name": null, "adm0_name1": null, "adm0_name2": null, "adm0_name3": null, "adm0_pcode": null, "valid_on": "2025-01-01", "valid_to": null, "version": "v04", "name_lng": "en", "name_lng1": null, "name_lng2": null, "name_lng3": null }, "geometry": { "type": "Point", "coordinates": [ 42.077666523000062, 9.132659175000072 ] } },
{ "type": "Feature", "properties": { "adm_p_lvl": 3, "name": "Sendata", "name_1": null, "name_2": null, "name_3": null, "loc_pcode": null, "x_coord": 39.02158245, "y_coord": 9.15053892, "adm3_name": "Sendafa town", "adm3_name1": null, "adm3_name2": null, "adm3_name3": null, "adm3_pcode": "ET040623", "adm2_name": "North Shewa (OR)", "adm2_name1": null, "adm2_name2": null, "adm2_name3": null, "adm2_pcode": "ET0406", "adm1_name": "Oromia", "adm1_name1": null, "adm1_name2": null, "adm1_name3": null, "adm1_pcode": "ET04", "adm0_name": null, "adm0_name1": null, "adm0_name2": null, "adm0_name3": null, "adm0_pcode": null, "valid_on": "2025-01-01", "valid_to": null, "version": "v04", "name_lng": "en", "name_lng1": null, "name_lng2": null, "name_lng3": null }, "geometry": { "type": "Point", "coordinates": [ 39.021582448000174, 9.150538919999974 ] } },
{ "type": "Feature", "properties": { "adm_p_lvl": 3, "name": "Kidame Gebeya", "name_1": null, "name_2": null, "name_3": null, "loc_pcode": null, "x_coord": 36.46545576, "y_coord": 9.17024418, "adm3_name": "Sasiga", "adm3_name1": null, "adm3_name2": null, "adm3_name3": null, "adm3_pcode": "ET040211", "adm2_name": "East Wellega", "adm2_name1": null, "adm2_name2": null, "adm2_name3": null, "adm2_pcode": "ET0402", "adm1_name": "Oromia", "adm1_name1": null, "adm1_name2": null, "adm1_name3": null, "adm1_pcode": "ET04", "adm0_name": null, "adm0_name1": null, "adm0_name2": null, "adm0_name3": null, "adm0_pcode": null, "valid_on": "2025-01-01", "valid_to": null, "version": "v04", "name_lng": "en", "name_lng1": null, "name_lng2": null, "name_lng3": null }, "geometry": { "type": "Point", "coordinates": [ 36.465455762000147, 9.170244181000157 ] } },
{ "type": "Feature", "properties": { "adm_p_lvl": 3, "name": "Inango", "name_1": null, "name_2": null, "name_3": null, "loc_pcode": null, "x_coord": 35.68240453, "y_coord": 9.16481007, "adm3_name": "Lalo Asabi", "adm3_name1": null, "adm3_name2": null, "adm3_name3": null, "adm3_pcode": "ET040104", "adm2_name": "West Wellega", "adm2_name1": null, "adm2_name2": null, "adm2_name3": null, "adm2_pcode": "ET0401", "adm1_name": "Oromia", "adm1_name1": null, "adm1_name2": null, "adm1_name3": null, "adm1_pcode": "ET04", "adm0_name": null, "adm0_name1": null, "adm0_name2": null, "adm0_name3": null, "adm0_pcode": null, "valid_on": "2025-01-01", "valid_to": null, "version": "v04", "name_lng": "en", "name_lng1": null, "name_lng2": null, "name_lng3": null }, "geometry": { "type": "Point", "coordinates": [ 35.68240453400017, 9.164810070000044 ] } },
{ "type": "Feature", "properties": { "adm_p_lvl": 3, "name": "Guliso", "name_1": null, "name_2": null, "name_3": null, "loc_pcode": null, "x_coord": 35.46395286, "y_coord": 9.16348502, "adm3_name": "Guliso", "adm3_name1": null, "adm3_name2": null, "adm3_name3": null, "adm3_pcode": "ET040119", "adm2_name": "West Wellega", "adm2_name1": null, "adm2_name2": null, "adm2_name3": null, "adm2_pcode": "ET0401", "adm1_name": "Oromia", "adm1_name1": null, "adm1_name2": null, "adm1_name3": null, "adm1_pcode": "ET04", "adm0_name": null, "adm0_name1": null, "adm0_name2": null, "adm0_name3": null, "adm0_pcode": null, "valid_on": "2025-01-01", "valid_to": null, "version": "v04", "name_lng": "en", "name_lng1": null, "name_lng2": null, "name_lng3": null }, "geometry": { "type": "Point", "coordinates": [ 35.463952860000177, 9.163485024000181 ] } },
{ "type": "Feature", "properties": { "adm_p_lvl": 2, "name": "Gimbi", "name_1": null, "name_2": null, "name_3": null, "loc_pcode": null, "x_coord": 35.83377833, "y_coord": 9.16815444, "adm3_name": "Gimbi town", "adm3_name1": null, "adm3_name2": null, "adm3_name3": null, "adm3_pcode": "ET040193", "adm2_name": "West Wellega", "adm2_name1": null, "adm2_name2": null, "adm2_name3": null, "adm2_pcode": "ET0401", "adm1_name": "Oromia", "adm1_name1": null, "adm1_name2": null, "adm1_name3": null, "adm1_pcode": "ET04", "adm0_name": null, "adm0_name1": null, "adm0_name2": null, "adm0_name3": null, "adm0_pcode": null, "valid_on": "2025-01-01", "valid_to": null, "version": "v04", "name_lng": "en", "name_lng1": null, "name_lng2": null, "name_lng3": null }, "geometry": { "type": "Point", "coordinates": [ 35.833778334000158, 9.168154443999981 ] } },
{ "type": "Feature", "properties": { "adm_p_lvl": 3, "name": "Hare Wacha", "name_1": null, "name_2": null, "name_3": null, "loc_pcode": null, "x_coord": 41.33672381, "y_coord": 9.17130149, "adm3_name": "Melka Balo", "adm3_name1": null, "adm3_name2": null, "adm3_name3": null, "adm3_pcode": "ET041012", "adm2_name": "East Hararge", "adm2_name1": null, "adm2_name2": null, "adm2_name3": null, "adm2_pcode": "ET0410", "adm1_name": "Oromia", "adm1_name1": null, "adm1_name2": null, "adm1_name3": null, "adm1_pcode": "ET04", "adm0_name": null, "adm0_name1": null, "adm0_name2": null, "adm0_name3": null, "adm0_pcode": null, "valid_on": "2025-01-01", "valid_to": null, "version": "v04", "name_lng": "en", "name_lng1": null, "name_lng2": null, "name_lng3": null }, "geometry": { "type": "Point", "coordinates": [ 41.336723811000184, 9.171301492000168 ] } },
{ "type": "Feature", "properties": { "adm_p_lvl": 3, "name": "Beke", "name_1": null, "name_2": null, "name_3": null, "loc_pcode": null, "x_coord": 37.93673392, "y_coord": 9.19242424, "adm3_name": "Ifata", "adm3_name1": null, "adm3_name2": null, "adm3_name3": null, "adm3_pcode": "ET040519", "adm2_name": "West Shewa", "adm2_name1": null, "adm2_name2": null, "adm2_name3": null, "adm2_pcode": "ET0405", "adm1_name": "Oromia", "adm1_name1": null, "adm1_name2": null, "adm1_name3": null, "adm1_pcode": "ET04", "adm0_name": null, "adm0_name1": null, "adm0_name2": null, "adm0_name3": null, "adm0_pcode": null, "valid_on": "2025-01-01", "valid_to": null, "version": "v04", "name_lng": "en", "name_lng1": null, "name_lng2": null, "name_lng3": null }, "geometry": { "type": "Point", "coordinates": [ 37.936733922000144, 9.192424241000026 ] } },
{ "type": "Feature", "properties": { "adm_p_lvl": 3, "name": "Alaltu", "name_1": null, "name_2": null, "name_3": null, "loc_pcode": null, "x_coord": 39.15026896, "y_coord": 9.19603758, "adm3_name": "Aleltu", "adm3_name1": null, "adm3_name2": null, "adm3_name3": null, "adm3_pcode": "ET040617", "adm2_name": "North Shewa (OR)", "adm2_name1": null, "adm2_name2": null, "adm2_name3": null, "adm2_pcode": "ET0406", "adm1_name": "Oromia", "adm1_name1": null, "adm1_name2": null, "adm1_name3": null, "adm1_pcode": "ET04", "adm0_name": null, "adm0_name1": null, "adm0_name2": null, "adm0_name3": null, "adm0_pcode": null, "valid_on": "2025-01-01", "valid_to": null, "version": "v04", "name_lng": "en", "name_lng1": null, "name_lng2": null, "name_lng3": null }, "geometry": { "type": "Point", "coordinates": [ 39.150268956000104, 9.196037580000109 ] } },
{ "type": "Feature", "properties": { "adm_p_lvl": 3, "name": "Meteteh Bila", "name_1": null, "name_2": null, "name_3": null, "loc_pcode": null, "x_coord": 39.70688218, "y_coord": 9.1961438, "adm3_name": "Berehet", "adm3_name1": null, "adm3_name2": null, "adm3_name3": null, "adm3_pcode": "ET030517", "adm2_name": "North Shewa (AM)", "adm2_name1": null, "adm2_name2": null, "adm2_name3": null, "adm2_pcode": "ET0305", "adm1_name": "Amhara", "adm1_name1": null, "adm1_name2": null, "adm1_name3": null, "adm1_pcode": "ET03", "adm0_name": null, "adm0_name1": null, "adm0_name2": null, "adm0_name3": null, "adm0_pcode": null, "valid_on": "2025-01-01", "valid_to": null, "version": "v04", "name_lng": "en", "name_lng1": null, "name_lng2": null, "name_lng3": null }, "geometry": { "type": "Point", "coordinates": [ 39.706882176000136, 9.196143798000037 ] } },
{ "type": "Feature", "properties": { "adm_p_lvl": 3, "name": "Ejaji", "name_1": null, "name_2": null, "name_3": null, "loc_pcode": null, "x_coord": 37.33156611, "y_coord": 8.99687222, "adm3_name": "Illu Galan", "adm3_name1": null, "adm3_name2": null, "adm3_name3": null, "adm3_pcode": "ET040500", "adm2_name": "West Shewa", "adm2_name1": null, "adm2_name2": null, "adm2_name3": null, "adm2_pcode": "ET0405", "adm1_name": "Oromia", "adm1_name1": null, "adm1_name2": null, "adm1_name3": null, "adm1_pcode": "ET04", "adm0_name": null, "adm0_name1": null, "adm0_name2": null, "adm0_name3": null, "adm0_pcode": null, "valid_on": "2025-01-01", "valid_to": null, "version": "v04", "name_lng": "en", "name_lng1": null, "name_lng2": null, "name_lng3": null }, "geometry": { "type": "Point", "coordinates": [ 37.331566111000029, 8.996872221999979 ] } },
{ "type": "Feature", "properties": { "adm_p_lvl": 3, "name": "Mulla", "name_1": null, "name_2": null, "name_3": null, "loc_pcode": null, "x_coord": 42.92770926, "y_coord": 8.99887509, "adm3_name": "Kebribeyah", "adm3_name1": null, "adm3_name2": null, "adm3_name3": null, "adm3_pcode": "ET050206", "adm2_name": "Fafan", "adm2_name1": null, "adm2_name2": null, "adm2_name3": null, "adm2_pcode": "ET0502", "adm1_name": "Somali", "adm1_name1": null, "adm1_name2": null, "adm1_name3": null, "adm1_pcode": "ET05", "adm0_name": null, "adm0_name1": null, "adm0_name2": null, "adm0_name3": null, "adm0_pcode": null, "valid_on": "2025-01-01", "valid_to": null, "version": "v04", "name_lng": "en", "name_lng1": null, "name_lng2": null, "name_lng3": null }, "geometry": { "type": "Point", "coordinates": [ 42.92770925700006, 8.99887509399997 ] } },
{ "type": "Feature", "properties": { "adm_p_lvl": 3, "name": "Babile", "name_1": null, "name_2": null, "name_3": null, "loc_pcode": null, "x_coord": 42.40050551, "y_coord": 9.01932964, "adm3_name": "Babile (OR)", "adm3_name1": null, "adm3_name2": null, "adm3_name3": null, "adm3_pcode": "ET041004", "adm2_name": "East Hararge", "adm2_name1": null, "adm2_name2": null, "adm2_name3": null, "adm2_pcode": "ET0410", "adm1_name": "Oromia", "adm1_name1": null, "adm1_name2": null, "adm1_name3": null, "adm1_pcode": "ET04", "adm0_name": null, "adm0_name1": null, "adm0_name2": null, "adm0_name3": null, "adm0_pcode": null, "valid_on": "2025-01-01", "valid_to": null, "version": "v04", "name_lng": "en", "name_lng1": null, "name_lng2": null, "name_lng3": null }, "geometry": { "type": "Point", "coordinates": [ 42.400505513000098, 9.019329639000148 ] } },
{ "type": "Feature", "properties": { "adm_p_lvl": 3, "name": "Ginchi", "name_1": null, "name_2": null, "name_3": null, "loc_pcode": null, "x_coord": 38.14146685, "y_coord": 9.02804333, "adm3_name": "Dendi", "adm3_name1": null, "adm3_name2": null, "adm3_name3": null, "adm3_pcode": "ET040510", "adm2_name": "West Shewa", "adm2_name1": null, "adm2_name2": null, "adm2_name3": null, "adm2_pcode": "ET0405", "adm1_name": "Oromia", "adm1_name1": null, "adm1_name2": null, "adm1_name3": null, "adm1_pcode": "ET04", "adm0_name": null, "adm0_name1": null, "adm0_name2": null, "adm0_name3": null, "adm0_pcode": null, "valid_on": "2025-01-01", "valid_to": null, "version": "v04", "name_lng": "en", "name_lng1": null, "name_lng2": null, "name_lng3": null }, "geometry": { "type": "Point", "coordinates": [ 38.141466850000143, 9.028043329000127 ] } },
{ "type": "Feature", "properties": { "adm_p_lvl": 3, "name": "Sire", "name_1": null, "name_2": null, "name_3": null, "loc_pcode": null, "x_coord": 36.87075589, "y_coord": 9.04029147, "adm3_name": "Sibu Sire", "adm3_name1": null, "adm3_name2": null, "adm3_name3": null, "adm3_pcode": "ET040209", "adm2_name": "East Wellega", "adm2_name1": null, "adm2_name2": null, "adm2_name3": null, "adm2_pcode": "ET0402", "adm1_name": "Oromia", "adm1_name1": null, "adm1_name2": null, "adm1_name3": null, "adm1_pcode": "ET04", "adm0_name": null, "adm0_name1": null, "adm0_name2": null, "adm0_name3": null, "adm0_pcode": null, "valid_on": "2025-01-01", "valid_to": null, "version": "v04", "name_lng": "en", "name_lng1": null, "name_lng2": null, "name_lng3": null }, "geometry": { "type": "Point", "coordinates": [ 36.870755891000158, 9.040291467000088 ] } },
{ "type": "Feature", "properties": { "adm_p_lvl": 3, "name": "Gimata", "name_1": null, "name_2": null, "name_3": null, "loc_pcode": null, "x_coord": 36.666667, "y_coord": 9.033333, "adm3_name": "Wayu Tuka", "adm3_name1": null, "adm3_name2": null, "adm3_name3": null, "adm3_pcode": "ET040206", "adm2_name": "East Wellega", "adm2_name1": null, "adm2_name2": null, "adm2_name3": null, "adm2_pcode": "ET0402", "adm1_name": "Oromia", "adm1_name1": null, "adm1_name2": null, "adm1_name3": null, "adm1_pcode": "ET04", "adm0_name": null, "adm0_name1": null, "adm0_name2": null, "adm0_name3": null, "adm0_pcode": null, "valid_on": "2025-01-01", "valid_to": null, "version": "v04", "name_lng": "en", "name_lng1": null, "name_lng2": null, "name_lng3": null }, "geometry": { "type": "Point", "coordinates": [ 36.666667, 9.033333 ] } },
{ "type": "Feature", "properties": { "adm_p_lvl": 3, "name": "Addis Alem", "name_1": null, "name_2": null, "name_3": null, "loc_pcode": null, "x_coord": 38.4030507, "y_coord": 9.04668289, "adm3_name": "Ejere /Addis Alem", "adm3_name1": null, "adm3_name2": null, "adm3_name3": null, "adm3_pcode": "ET040511", "adm2_name": "West Shewa", "adm2_name1": null, "adm2_name2": null, "adm2_name3": null, "adm2_pcode": "ET0405", "adm1_name": "Oromia", "adm1_name1": null, "adm1_name2": null, "adm1_name3": null, "adm1_pcode": "ET04", "adm0_name": null, "adm0_name1": null, "adm0_name2": null, "adm0_name3": null, "adm0_pcode": null, "valid_on": "2025-01-01", "valid_to": null, "version": "v04", "name_lng": "en", "name_lng1": null, "name_lng2": null, "name_lng3": null }, "geometry": { "type": "Point", "coordinates": [ 38.40305070200003, 9.04668289 ] } },
{ "type": "Feature", "properties": { "adm_p_lvl": 3, "name": "Arjo Gudetu", "name_1": null, "name_2": null, "name_3": null, "loc_pcode": null, "x_coord": 36.25134207, "y_coord": 9.04185871, "adm3_name": "Diga", "adm3_name1": null, "adm3_name2": null, "adm3_name3": null, "adm3_pcode": "ET040210", "adm2_name": "East Wellega", "adm2_name1": null, "adm2_name2": null, "adm2_name3": null, "adm2_pcode": "ET0402", "adm1_name": "Oromia", "adm1_name1": null, "adm1_name2": null, "adm1_name3": null, "adm1_pcode": "ET04", "adm0_name": null, "adm0_name1": null, "adm0_name2": null, "adm0_name3": null, "adm0_pcode": null, "valid_on": "2025-01-01", "valid_to": null, "version": "v04", "name_lng": "en", "name_lng1": null, "name_lng2": null, "name_lng3": null }, "geometry": { "type": "Point", "coordinates": [ 36.251342071000181, 9.041858705000095 ] } },
{ "type": "Feature", "properties": { "adm_p_lvl": 3, "name": "Gengi", "name_1": null, "name_2": null, "name_3": null, "loc_pcode": null, "x_coord": 35.61929221, "y_coord": 9.03679859, "adm3_name": "Gaji", "adm3_name1": null, "adm3_name2": null, "adm3_name3": null, "adm3_pcode": "ET040113", "adm2_name": "West Wellega", "adm2_name1": null, "adm2_name2": null, "adm2_name3": null, "adm2_pcode": "ET0401", "adm1_name": "Oromia", "adm1_name1": null, "adm1_name2": null, "adm1_name3": null, "adm1_pcode": "ET04", "adm0_name": null, "adm0_name1": null, "adm0_name2": null, "adm0_name3": null, "adm0_pcode": null, "valid_on": "2025-01-01", "valid_to": null, "version": "v04", "name_lng": "en", "name_lng1": null, "name_lng2": null, "name_lng3": null }, "geometry": { "type": "Point", "coordinates": [ 35.619292208000161, 9.036798591000093 ] } },
{ "type": "Feature", "properties": { "adm_p_lvl": 3, "name": "Holeta", "name_1": null, "name_2": null, "name_3": null, "loc_pcode": null, "x_coord": 38.49244597, "y_coord": 9.06767279, "adm3_name": "Holeta town", "adm3_name1": null, "adm3_name2": null, "adm3_name3": null, "adm3_pcode": "ET040512", "adm2_name": "West Shewa", "adm2_name1": null, "adm2_name2": null, "adm2_name3": null, "adm2_pcode": "ET0405", "adm1_name": "Oromia", "adm1_name1": null, "adm1_name2": null, "adm1_name3": null, "adm1_pcode": "ET04", "adm0_name": null, "adm0_name1": null, "adm0_name2": null, "adm0_name3": null, "adm0_pcode": null, "valid_on": "2025-01-01", "valid_to": null, "version": "v04", "name_lng": "en", "name_lng1": null, "name_lng2": null, "name_lng3": null }, "geometry": { "type": "Point", "coordinates": [ 38.49244596900013, 9.067672791000064 ] } },
{ "type": "Feature", "properties": { "adm_p_lvl": 3, "name": "Mesela", "name_1": null, "name_2": null, "name_3": null, "loc_pcode": null, "x_coord": 41.17274692, "y_coord": 9.07899705, "adm3_name": "Mesela /Shen Duggoo", "adm3_name1": null, "adm3_name2": null, "adm3_name3": null, "adm3_pcode": "ET040904", "adm2_name": "West Hararge", "adm2_name1": null, "adm2_name2": null, "adm2_name3": null, "adm2_pcode": "ET0409", "adm1_name": "Oromia", "adm1_name1": null, "adm1_name2": null, "adm1_name3": null, "adm1_pcode": "ET04", "adm0_name": null, "adm0_name1": null, "adm0_name2": null, "adm0_name3": null, "adm0_pcode": null, "valid_on": "2025-01-01", "valid_to": null, "version": "v04", "name_lng": "en", "name_lng1": null, "name_lng2": null, "name_lng3": null }, "geometry": { "type": "Point", "coordinates": [ 41.172746923000147, 9.078997050000112 ] } },
{ "type": "Feature", "properties": { "adm_p_lvl": 3, "name": "Oma", "name_1": null, "name_2": null, "name_3": null, "loc_pcode": null, "x_coord": 35.69606, "y_coord": 9.073011, "adm3_name": "Homa", "adm3_name1": null, "adm3_name2": null, "adm3_name3": null, "adm3_pcode": "ET040117", "adm2_name": "West Wellega", "adm2_name1": null, "adm2_name2": null, "adm2_name3": null, "adm2_pcode": "ET0401", "adm1_name": "Oromia", "adm1_name1": null, "adm1_name2": null, "adm1_name3": null, "adm1_pcode": "ET04", "adm0_name": null, "adm0_name1": null, "adm0_name2": null, "adm0_name3": null, "adm0_pcode": null, "valid_on": "2025-01-01", "valid_to": null, "version": "v04", "name_lng": "en", "name_lng1": null, "name_lng2": null, "name_lng3": null }, "geometry": { "type": "Point", "coordinates": [ 35.69606, 9.073011 ] } },
{ "type": "Feature", "properties": { "adm_p_lvl": 2, "name": "Chiro", "name_1": null, "name_2": null, "name_3": null, "loc_pcode": null, "x_coord": 40.866667, "y_coord": 9.083333, "adm3_name": "Chiro town", "adm3_name1": null, "adm3_name2": null, "adm3_name3": null, "adm3_pcode": "ET040905", "adm2_name": "West Hararge", "adm2_name1": null, "adm2_name2": null, "adm2_name3": null, "adm2_pcode": "ET0409", "adm1_name": "Oromia", "adm1_name1": null, "adm1_name2": null, "adm1_name3": null, "adm1_pcode": "ET04", "adm0_name": null, "adm0_name1": null, "adm0_name2": null, "adm0_name3": null, "adm0_pcode": null, "valid_on": "2025-01-01", "valid_to": null, "version": "v04", "name_lng": "en", "name_lng1": null, "name_lng2": null, "name_lng3": null }, "geometry": { "type": "Point", "coordinates": [ 40.866667, 9.083333 ] } },
{ "type": "Feature", "properties": { "adm_p_lvl": 3, "name": "Ano", "name_1": null, "name_2": null, "name_3": null, "loc_pcode": null, "x_coord": 36.95812818, "y_coord": 9.09213896, "adm3_name": "Gobu Seyo", "adm3_name1": null, "adm3_name2": null, "adm3_name3": null, "adm3_pcode": "ET040208", "adm2_name": "East Wellega", "adm2_name1": null, "adm2_name2": null, "adm2_name3": null, "adm2_pcode": "ET0402", "adm1_name": "Oromia", "adm1_name1": null, "adm1_name2": null, "adm1_name3": null, "adm1_pcode": "ET04", "adm0_name": null, "adm0_name1": null, "adm0_name2": null, "adm0_name3": null, "adm0_pcode": null, "valid_on": "2025-01-01", "valid_to": null, "version": "v04", "name_lng": "en", "name_lng1": null, "name_lng2": null, "name_lng3": null }, "geometry": { "type": "Point", "coordinates": [ 36.958128176, 9.092138959000067 ] } },
{ "type": "Feature", "properties": { "adm_p_lvl": 2, "name": "Nekemte", "name_1": null, "name_2": null, "name_3": null, "loc_pcode": null, "x_coord": 36.54715585, "y_coord": 9.08803415, "adm3_name": "Nekemte town", "adm3_name1": null, "adm3_name2": null, "adm3_name3": null, "adm3_pcode": "ET040297", "adm2_name": "East Wellega", "adm2_name1": null, "adm2_name2": null, "adm2_name3": null, "adm2_pcode": "ET0402", "adm1_name": "Oromia", "adm1_name1": null, "adm1_name2": null, "adm1_name3": null, "adm1_pcode": "ET04", "adm0_name": null, "adm0_name1": null, "adm0_name2": null, "adm0_name3": null, "adm0_pcode": null, "valid_on": "2025-01-01", "valid_to": null, "version": "v04", "name_lng": "en", "name_lng1": null, "name_lng2": null, "name_lng3": null }, "geometry": { "type": "Point", "coordinates": [ 36.547155850000138, 9.088034151000102 ] } },
{ "type": "Feature", "properties": { "adm_p_lvl": 3, "name": "Ayira", "name_1": null, "name_2": null, "name_3": null, "loc_pcode": null, "x_coord": 35.39651364, "y_coord": 9.09466422, "adm3_name": "Ayira", "adm3_name1": null, "adm3_name2": null, "adm3_name3": null, "adm3_pcode": "ET040107", "adm2_name": "West Wellega", "adm2_name1": null, "adm2_name2": null, "adm2_name3": null, "adm2_pcode": "ET0401", "adm1_name": "Oromia", "adm1_name1": null, "adm1_name2": null, "adm1_name3": null, "adm1_pcode": "ET04", "adm0_name": null, "adm0_name1": null, "adm0_name2": null, "adm0_name3": null, "adm0_pcode": null, "valid_on": "2025-01-01", "valid_to": null, "version": "v04", "name_lng": "en", "name_lng1": null, "name_lng2": null, "name_lng3": null }, "geometry": { "type": "Point", "coordinates": [ 35.396513637, 9.094664216000012 ] } },
{ "type": "Feature", "properties": { "adm_p_lvl": 3, "name": "Bedeno", "name_1": null, "name_2": null, "name_3": null, "loc_pcode": null, "x_coord": 41.6332522, "y_coord": 9.11144981, "adm3_name": "Bedeno", "adm3_name1": null, "adm3_name2": null, "adm3_name3": null, "adm3_pcode": "ET041013", "adm2_name": "East Hararge", "adm2_name1": null, "adm2_name2": null, "adm2_name3": null, "adm2_pcode": "ET0410", "adm1_name": "Oromia", "adm1_name1": null, "adm1_name2": null, "adm1_name3": null, "adm1_pcode": "ET04", "adm0_name": null, "adm0_name1": null, "adm0_name2": null, "adm0_name3": null, "adm0_pcode": null, "valid_on": "2025-01-01", "valid_to": null, "version": "v04", "name_lng": "en", "name_lng1": null, "name_lng2": null, "name_lng3": null }, "geometry": { "type": "Point", "coordinates": [ 41.633252196000115, 9.111449810000124 ] } },
{ "type": "Feature", "properties": { "adm_p_lvl": 3, "name": "Sholagebeya", "name_1": null, "name_2": null, "name_3": null, "loc_pcode": null, "x_coord": 39.4081332, "y_coord": 9.21278791, "adm3_name": "Hagere Mariam", "adm3_name1": null, "adm3_name2": null, "adm3_name3": null, "adm3_pcode": "ET030516", "adm2_name": "North Shewa (AM)", "adm2_name1": null, "adm2_name2": null, "adm2_name3": null, "adm2_pcode": "ET0305", "adm1_name": "Amhara", "adm1_name1": null, "adm1_name2": null, "adm1_name3": null, "adm1_pcode": "ET03", "adm0_name": null, "adm0_name1": null, "adm0_name2": null, "adm0_name3": null, "adm0_pcode": null, "valid_on": "2025-01-01", "valid_to": null, "version": "v04", "name_lng": "en", "name_lng1": null, "name_lng2": null, "name_lng3": null }, "geometry": { "type": "Point", "coordinates": [ 39.408133200000066, 9.212787912000124 ] } },
{ "type": "Feature", "properties": { "adm_p_lvl": 3, "name": "Jere", "name_1": null, "name_2": null, "name_3": null, "loc_pcode": null, "x_coord": 37.06699, "y_coord": 9.209147, "adm3_name": "Bila Seyo", "adm3_name1": null, "adm3_name2": null, "adm3_name3": null, "adm3_pcode": "ET040207", "adm2_name": "East Wellega", "adm2_name1": null, "adm2_name2": null, "adm2_name3": null, "adm2_pcode": "ET0402", "adm1_name": "Oromia", "adm1_name1": null, "adm1_name2": null, "adm1_name3": null, "adm1_pcode": "ET04", "adm0_name": null, "adm0_name1": null, "adm0_name2": null, "adm0_name3": null, "adm0_pcode": null, "valid_on": "2025-01-01", "valid_to": null, "version": "v04", "name_lng": "en", "name_lng1": null, "name_lng2": null, "name_lng3": null }, "geometry": { "type": "Point", "coordinates": [ 37.06699, 9.209147000000144 ] } },
{ "type": "Feature", "properties": { "adm_p_lvl": 3, "name": "Hirna", "name_1": null, "name_2": null, "name_3": null, "loc_pcode": null, "x_coord": 41.09705723, "y_coord": 9.21380889, "adm3_name": "Tulo (OR)", "adm3_name1": null, "adm3_name2": null, "adm3_name3": null, "adm3_pcode": "ET040903", "adm2_name": "West Hararge", "adm2_name1": null, "adm2_name2": null, "adm2_name3": null, "adm2_pcode": "ET0409", "adm1_name": "Oromia", "adm1_name1": null, "adm1_name2": null, "adm1_name3": null, "adm1_pcode": "ET04", "adm0_name": null, "adm0_name1": null, "adm0_name2": null, "adm0_name3": null, "adm0_pcode": null, "valid_on": "2025-01-01", "valid_to": null, "version": "v04", "name_lng": "en", "name_lng1": null, "name_lng2": null, "name_lng3": null }, "geometry": { "type": "Point", "coordinates": [ 41.097057226000175, 9.213808888000017 ] } },
{ "type": "Feature", "properties": { "adm_p_lvl": 3, "name": "Mieso", "name_1": null, "name_2": null, "name_3": null, "loc_pcode": null, "x_coord": 40.75541698, "y_coord": 9.233476, "adm3_name": "Mieso", "adm3_name1": null, "adm3_name2": null, "adm3_name3": null, "adm3_pcode": "ET040901", "adm2_name": "West Hararge", "adm2_name1": null, "adm2_name2": null, "adm2_name3": null, "adm2_pcode": "ET0409", "adm1_name": "Oromia", "adm1_name1": null, "adm1_name2": null, "adm1_name3": null, "adm1_pcode": "ET04", "adm0_name": null, "adm0_name1": null, "adm0_name2": null, "adm0_name3": null, "adm0_pcode": null, "valid_on": "2025-01-01", "valid_to": null, "version": "v04", "name_lng": "en", "name_lng1": null, "name_lng2": null, "name_lng3": null }, "geometry": { "type": "Point", "coordinates": [ 40.755416982999975, 9.233475998000188 ] } },
{ "type": "Feature", "properties": { "adm_p_lvl": 3, "name": "Wayu", "name_1": null, "name_2": null, "name_3": null, "loc_pcode": null, "x_coord": 37.36215267, "y_coord": 9.23325534, "adm3_name": "Jimma Rare", "adm3_name1": null, "adm3_name2": null, "adm3_name3": null, "adm3_pcode": "ET041907", "adm2_name": "Horo Gudru Wellega", "adm2_name1": null, "adm2_name2": null, "adm2_name3": null, "adm2_pcode": "ET0419", "adm1_name": "Oromia", "adm1_name1": null, "adm1_name2": null, "adm1_name3": null, "adm1_pcode": "ET04", "adm0_name": null, "adm0_name1": null, "adm0_name2": null, "adm0_name3": null, "adm0_pcode": null, "valid_on": "2025-01-01", "valid_to": null, "version": "v04", "name_lng": "en", "name_lng1": null, "name_lng2": null, "name_lng3": null }, "geometry": { "type": "Point", "coordinates": [ 37.362152672999969, 9.233255339000095 ] } },
{ "type": "Feature", "properties": { "adm_p_lvl": 3, "name": "Babile", "name_1": null, "name_2": null, "name_3": null, "loc_pcode": null, "x_coord": 42.33490785, "y_coord": 9.22470165, "adm3_name": "Babile town", "adm3_name1": null, "adm3_name2": null, "adm3_name3": null, "adm3_pcode": "ET041000", "adm2_name": "East Hararge", "adm2_name1": null, "adm2_name2": null, "adm2_name3": null, "adm2_pcode": "ET0410", "adm1_name": "Oromia", "adm1_name1": null, "adm1_name2": null, "adm1_name3": null, "adm1_pcode": "ET04", "adm0_name": null, "adm0_name1": null, "adm0_name2": null, "adm0_name3": null, "adm0_pcode": null, "valid_on": "2025-01-01", "valid_to": null, "version": "v04", "name_lng": "en", "name_lng1": null, "name_lng2": null, "name_lng3": null }, "geometry": { "type": "Point", "coordinates": [ 42.334907849, 9.224701650000156 ] } },
{ "type": "Feature", "properties": { "adm_p_lvl": 3, "name": "Harshin", "name_1": null, "name_2": null, "name_3": null, "loc_pcode": null, "x_coord": 43.743594, "y_coord": 8.926259, "adm3_name": "Harshin", "adm3_name1": null, "adm3_name2": null, "adm3_name3": null, "adm3_pcode": "ET050207", "adm2_name": "Fafan", "adm2_name1": null, "adm2_name2": null, "adm2_name3": null, "adm2_pcode": "ET0502", "adm1_name": "Somali", "adm1_name1": null, "adm1_name2": null, "adm1_name3": null, "adm1_pcode": "ET05", "adm0_name": null, "adm0_name1": null, "adm0_name2": null, "adm0_name3": null, "adm0_pcode": null, "valid_on": "2025-01-01", "valid_to": null, "version": "v04", "name_lng": "en", "name_lng1": null, "name_lng2": null, "name_lng3": null }, "geometry": { "type": "Point", "coordinates": [ 43.743594, 8.926259 ] } },
{ "type": "Feature", "properties": { "adm_p_lvl": 3, "name": "Gursum", "name_1": null, "name_2": null, "name_3": null, "loc_pcode": null, "x_coord": 42.52157222, "y_coord": 9.22876833, "adm3_name": "Gursum (OR)", "adm3_name1": null, "adm3_name2": null, "adm3_name3": null, "adm3_pcode": "ET041003", "adm2_name": "East Hararge", "adm2_name1": null, "adm2_name2": null, "adm2_name3": null, "adm2_pcode": "ET0410", "adm1_name": "Oromia", "adm1_name1": null, "adm1_name2": null, "adm1_name3": null, "adm1_pcode": "ET04", "adm0_name": null, "adm0_name1": null, "adm0_name2": null, "adm0_name3": null, "adm0_pcode": null, "valid_on": "2025-01-01", "valid_to": null, "version": "v04", "name_lng": "en", "name_lng1": null, "name_lng2": null, "name_lng3": null }, "geometry": { "type": "Point", "coordinates": [ 42.521572221000156, 9.228768333000119 ] } },
{ "type": "Feature", "properties": { "adm_p_lvl": 3, "name": "Kurfa Chele", "name_1": null, "name_2": null, "name_3": null, "loc_pcode": null, "x_coord": 41.82044695, "y_coord": 9.237189, "adm3_name": "Kurfa Chele", "adm3_name1": null, "adm3_name2": null, "adm3_name3": null, "adm3_pcode": "ET041007", "adm2_name": "East Hararge", "adm2_name1": null, "adm2_name2": null, "adm2_name3": null, "adm2_pcode": "ET0410", "adm1_name": "Oromia", "adm1_name1": null, "adm1_name2": null, "adm1_name3": null, "adm1_pcode": "ET04", "adm0_name": null, "adm0_name1": null, "adm0_name2": null, "adm0_name3": null, "adm0_pcode": null, "valid_on": "2025-01-01", "valid_to": null, "version": "v04", "name_lng": "en", "name_lng1": null, "name_lng2": null, "name_lng3": null }, "geometry": { "type": "Point", "coordinates": [ 41.82044695400009, 9.237188996000043 ] } },
{ "type": "Feature", "properties": { "adm_p_lvl": 3, "name": "Goje", "name_1": null, "name_2": null, "name_3": null, "loc_pcode": null, "x_coord": 38.07944365, "y_coord": 9.26460946, "adm3_name": "Jeldu", "adm3_name1": null, "adm3_name2": null, "adm3_name3": null, "adm3_pcode": "ET040502", "adm2_name": "West Shewa", "adm2_name1": null, "adm2_name2": null, "adm2_name3": null, "adm2_pcode": "ET0405", "adm1_name": "Oromia", "adm1_name1": null, "adm1_name2": null, "adm1_name3": null, "adm1_pcode": "ET04", "adm0_name": null, "adm0_name1": null, "adm0_name2": null, "adm0_name3": null, "adm0_pcode": null, "valid_on": "2025-01-01", "valid_to": null, "version": "v04", "name_lng": "en", "name_lng1": null, "name_lng2": null, "name_lng3": null }, "geometry": { "type": "Point", "coordinates": [ 38.079443654000045, 9.264609458999985 ] } },
{ "type": "Feature", "properties": { "adm_p_lvl": 2, "name": "Adebtoli", "name_1": null, "name_2": null, "name_3": null, "loc_pcode": null, "x_coord": 40.22373302, "y_coord": 9.27983321, "adm3_name": "Werer", "adm3_name1": null, "adm3_name2": null, "adm3_name3": null, "adm3_pcode": "ET020310", "adm2_name": "Gabi /Zone 3", "adm2_name1": null, "adm2_name2": null, "adm2_name3": null, "adm2_pcode": "ET0203", "adm1_name": "Afar", "adm1_name1": null, "adm1_name2": null, "adm1_name3": null, "adm1_pcode": "ET02", "adm0_name": null, "adm0_name1": null, "adm0_name2": null, "adm0_name3": null, "adm0_pcode": null, "valid_on": "2025-01-01", "valid_to": null, "version": "v04", "name_lng": "en", "name_lng1": null, "name_lng2": null, "name_lng3": null }, "geometry": { "type": "Point", "coordinates": [ 40.223733019000122, 9.279833212000085 ] } },
{ "type": "Feature", "properties": { "adm_p_lvl": 3, "name": "Segno Gebeya", "name_1": null, "name_2": null, "name_3": null, "loc_pcode": null, "x_coord": 38.56603069, "y_coord": 9.29295271, "adm3_name": "Mulo", "adm3_name1": null, "adm3_name2": null, "adm3_name3": null, "adm3_pcode": "ET040622", "adm2_name": "North Shewa (OR)", "adm2_name1": null, "adm2_name2": null, "adm2_name3": null, "adm2_pcode": "ET0406", "adm1_name": "Oromia", "adm1_name1": null, "adm1_name2": null, "adm1_name3": null, "adm1_pcode": "ET04", "adm0_name": null, "adm0_name1": null, "adm0_name2": null, "adm0_name3": null, "adm0_pcode": null, "valid_on": "2025-01-01", "valid_to": null, "version": "v04", "name_lng": "en", "name_lng1": null, "name_lng2": null, "name_lng3": null }, "geometry": { "type": "Point", "coordinates": [ 38.566030691000094, 9.292952711000169 ] } },
{ "type": "Feature", "properties": { "adm_p_lvl": 3, "name": "Doba", "name_1": null, "name_2": null, "name_3": null, "loc_pcode": null, "x_coord": 41.09117756, "y_coord": 9.2857587, "adm3_name": "Doba", "adm3_name1": null, "adm3_name2": null, "adm3_name3": null, "adm3_pcode": "ET040902", "adm2_name": "West Hararge", "adm2_name1": null, "adm2_name2": null, "adm2_name3": null, "adm2_pcode": "ET0409", "adm1_name": "Oromia", "adm1_name1": null, "adm1_name2": null, "adm1_name3": null, "adm1_pcode": "ET04", "adm0_name": null, "adm0_name1": null, "adm0_name2": null, "adm0_name3": null, "adm0_pcode": null, "valid_on": "2025-01-01", "valid_to": null, "version": "v04", "name_lng": "en", "name_lng1": null, "name_lng2": null, "name_lng3": null }, "geometry": { "type": "Point", "coordinates": [ 41.091177563000144, 9.28575870300017 ] } },
{ "type": "Feature", "properties": { "adm_p_lvl": 3, "name": "Chancho", "name_1": null, "name_2": null, "name_3": null, "loc_pcode": null, "x_coord": 38.75304, "y_coord": 9.303341, "adm3_name": "Chancho town", "adm3_name1": null, "adm3_name2": null, "adm3_name3": null, "adm3_pcode": "ET040621", "adm2_name": "North Shewa (OR)", "adm2_name1": null, "adm2_name2": null, "adm2_name3": null, "adm2_pcode": "ET0406", "adm1_name": "Oromia", "adm1_name1": null, "adm1_name2": null, "adm1_name3": null, "adm1_pcode": "ET04", "adm0_name": null, "adm0_name1": null, "adm0_name2": null, "adm0_name3": null, "adm0_pcode": null, "valid_on": "2025-01-01", "valid_to": null, "version": "v04", "name_lng": "en", "name_lng1": null, "name_lng2": null, "name_lng3": null }, "geometry": { "type": "Point", "coordinates": [ 38.753040000000112, 9.303341 ] } },
{ "type": "Feature", "properties": { "adm_p_lvl": 3, "name": "Deder", "name_1": null, "name_2": null, "name_3": null, "loc_pcode": null, "x_coord": 41.44372179, "y_coord": 9.31073628, "adm3_name": "Deder town", "adm3_name1": null, "adm3_name2": null, "adm3_name3": null, "adm3_pcode": "ET041097", "adm2_name": "East Hararge", "adm2_name1": null, "adm2_name2": null, "adm2_name3": null, "adm2_pcode": "ET0410", "adm1_name": "Oromia", "adm1_name1": null, "adm1_name2": null, "adm1_name3": null, "adm1_pcode": "ET04", "adm0_name": null, "adm0_name1": null, "adm0_name2": null, "adm0_name3": null, "adm0_pcode": null, "valid_on": "2025-01-01", "valid_to": null, "version": "v04", "name_lng": "en", "name_lng1": null, "name_lng2": null, "name_lng3": null }, "geometry": { "type": "Point", "coordinates": [ 41.443721785000037, 9.310736279000025 ] } },
{ "type": "Feature", "properties": { "adm_p_lvl": 3, "name": "Inchini", "name_1": null, "name_2": null, "name_3": null, "loc_pcode": null, "x_coord": 38.37616151, "y_coord": 9.31689089, "adm3_name": "Adda Berga", "adm3_name1": null, "adm3_name2": null, "adm3_name3": null, "adm3_pcode": "ET040513", "adm2_name": "West Shewa", "adm2_name1": null, "adm2_name2": null, "adm2_name3": null, "adm2_pcode": "ET0405", "adm1_name": "Oromia", "adm1_name1": null, "adm1_name2": null, "adm1_name3": null, "adm1_pcode": "ET04", "adm0_name": null, "adm0_name1": null, "adm0_name2": null, "adm0_name3": null, "adm0_pcode": null, "valid_on": "2025-01-01", "valid_to": null, "version": "v04", "name_lng": "en", "name_lng1": null, "name_lng2": null, "name_lng3": null }, "geometry": { "type": "Point", "coordinates": [ 38.376161509000156, 9.316890888999978 ] } },
{ "type": "Feature", "properties": { "adm_p_lvl": 3, "name": "Muklemi", "name_1": null, "name_2": null, "name_3": null, "loc_pcode": null, "x_coord": 35.55664483, "y_coord": 9.30093053, "adm3_name": "Boji Chekorsa", "adm3_name1": null, "adm3_name2": null, "adm3_name3": null, "adm3_pcode": "ET040110", "adm2_name": "West Wellega", "adm2_name1": null, "adm2_name2": null, "adm2_name3": null, "adm2_pcode": "ET0401", "adm1_name": "Oromia", "adm1_name1": null, "adm1_name2": null, "adm1_name3": null, "adm1_pcode": "ET04", "adm0_name": null, "adm0_name1": null, "adm0_name2": null, "adm0_name3": null, "adm0_pcode": null, "valid_on": "2025-01-01", "valid_to": null, "version": "v04", "name_lng": "en", "name_lng1": null, "name_lng2": null, "name_lng3": null }, "geometry": { "type": "Point", "coordinates": [ 35.55664483400011, 9.300930534000088 ] } },
{ "type": "Feature", "properties": { "adm_p_lvl": 3, "name": "Shino", "name_1": null, "name_2": null, "name_3": null, "loc_pcode": null, "x_coord": 38.26690615, "y_coord": 9.31709828, "adm3_name": "Meta Robi", "adm3_name1": null, "adm3_name2": null, "adm3_name3": null, "adm3_pcode": "ET040514", "adm2_name": "West Shewa", "adm2_name1": null, "adm2_name2": null, "adm2_name3": null, "adm2_pcode": "ET0405", "adm1_name": "Oromia", "adm1_name1": null, "adm1_name2": null, "adm1_name3": null, "adm1_pcode": "ET04", "adm0_name": null, "adm0_name1": null, "adm0_name2": null, "adm0_name3": null, "adm0_pcode": null, "valid_on": "2025-01-01", "valid_to": null, "version": "v04", "name_lng": "en", "name_lng1": null, "name_lng2": null, "name_lng3": null }, "geometry": { "type": "Point", "coordinates": [ 38.266906147000043, 9.317098280000039 ] } },
{ "type": "Feature", "properties": { "adm_p_lvl": 1, "name": "Harar", "name_1": null, "name_2": null, "name_3": null, "loc_pcode": null, "x_coord": 42.12082091, "y_coord": 9.31161675, "adm3_name": "Abadir", "adm3_name1": null, "adm3_name2": null, "adm3_name3": null, "adm3_pcode": "ET130109", "adm2_name": "Harari", "adm2_name1": null, "adm2_name2": null, "adm2_name3": null, "adm2_pcode": "ET1301", "adm1_name": "Harari", "adm1_name1": null, "adm1_name2": null, "adm1_name3": null, "adm1_pcode": "ET13", "adm0_name": null, "adm0_name1": null, "adm0_name2": null, "adm0_name3": null, "adm0_pcode": null, "valid_on": "2025-01-01", "valid_to": null, "version": "v04", "name_lng": "en", "name_lng1": null, "name_lng2": null, "name_lng3": null }, "geometry": { "type": "Point", "coordinates": [ 42.12082090600012, 9.311616748000176 ] } },
{ "type": "Feature", "properties": { "adm_p_lvl": 3, "name": "Sheno", "name_1": null, "name_2": null, "name_3": null, "loc_pcode": null, "x_coord": 39.29094246, "y_coord": 9.33141963, "adm3_name": "Sheno town", "adm3_name1": null, "adm3_name2": null, "adm3_name3": null, "adm3_pcode": "ET040611", "adm2_name": "North Shewa (OR)", "adm2_name1": null, "adm2_name2": null, "adm2_name3": null, "adm2_pcode": "ET0406", "adm1_name": "Oromia", "adm1_name1": null, "adm1_name2": null, "adm1_name3": null, "adm1_pcode": "ET04", "adm0_name": null, "adm0_name1": null, "adm0_name2": null, "adm0_name3": null, "adm0_pcode": null, "valid_on": "2025-01-01", "valid_to": null, "version": "v04", "name_lng": "en", "name_lng1": null, "name_lng2": null, "name_lng3": null }, "geometry": { "type": "Point", "coordinates": [ 39.290942456999971, 9.33141963200012 ] } },
{ "type": "Feature", "properties": { "adm_p_lvl": 3, "name": "Ch'obi", "name_1": null, "name_2": null, "name_3": null, "loc_pcode": null, "x_coord": 37.95157901, "y_coord": 9.33300395, "adm3_name": "Cobi", "adm3_name1": null, "adm3_name2": null, "adm3_name3": null, "adm3_pcode": "ET040592", "adm2_name": "West Shewa", "adm2_name1": null, "adm2_name2": null, "adm2_name3": null, "adm2_pcode": "ET0405", "adm1_name": "Oromia", "adm1_name1": null, "adm1_name2": null, "adm1_name3": null, "adm1_pcode": "ET04", "adm0_name": null, "adm0_name1": null, "adm0_name2": null, "adm0_name3": null, "adm0_pcode": null, "valid_on": "2025-01-01", "valid_to": null, "version": "v04", "name_lng": "en", "name_lng1": null, "name_lng2": null, "name_lng3": null }, "geometry": { "type": "Point", "coordinates": [ 37.951579007000191, 9.333003953000059 ] } },
{ "type": "Feature", "properties": { "adm_p_lvl": 3, "name": "Ginager", "name_1": null, "name_2": null, "name_3": null, "loc_pcode": null, "x_coord": 39.57476568, "y_coord": 9.33813588, "adm3_name": "Assagirt", "adm3_name1": null, "adm3_name2": null, "adm3_name3": null, "adm3_pcode": "ET030514", "adm2_name": "North Shewa (AM)", "adm2_name1": null, "adm2_name2": null, "adm2_name3": null, "adm2_pcode": "ET0305", "adm1_name": "Amhara", "adm1_name1": null, "adm1_name2": null, "adm1_name3": null, "adm1_pcode": "ET03", "adm0_name": null, "adm0_name1": null, "adm0_name2": null, "adm0_name3": null, "adm0_pcode": null, "valid_on": "2025-01-01", "valid_to": null, "version": "v04", "name_lng": "en", "name_lng1": null, "name_lng2": null, "name_lng3": null }, "geometry": { "type": "Point", "coordinates": [ 39.574765676000084, 9.338135877000127 ] } },
{ "type": "Feature", "properties": { "adm_p_lvl": 3, "name": "Sirti", "name_1": null, "name_2": null, "name_3": null, "loc_pcode": null, "x_coord": 38.99660657, "y_coord": 9.35434908, "adm3_name": "Jida", "adm3_name1": null, "adm3_name2": null, "adm3_name3": null, "adm3_pcode": "ET040615", "adm2_name": "North Shewa (OR)", "adm2_name1": null, "adm2_name2": null, "adm2_name3": null, "adm2_pcode": "ET0406", "adm1_name": "Oromia", "adm1_name1": null, "adm1_name2": null, "adm1_name3": null, "adm1_pcode": "ET04", "adm0_name": null, "adm0_name1": null, "adm0_name2": null, "adm0_name3": null, "adm0_pcode": null, "valid_on": "2025-01-01", "valid_to": null, "version": "v04", "name_lng": "en", "name_lng1": null, "name_lng2": null, "name_lng3": null }, "geometry": { "type": "Point", "coordinates": [ 38.996606572000132, 9.354349077999984 ] } },
{ "type": "Feature", "properties": { "adm_p_lvl": 3, "name": "Hareto", "name_1": null, "name_2": null, "name_3": null, "loc_pcode": null, "x_coord": 37.11738403, "y_coord": 9.36651514, "adm3_name": "Jimma Genete", "adm3_name1": null, "adm3_name2": null, "adm3_name3": null, "adm3_pcode": "ET041906", "adm2_name": "Horo Gudru Wellega", "adm2_name1": null, "adm2_name2": null, "adm2_name3": null, "adm2_pcode": "ET0419", "adm1_name": "Oromia", "adm1_name1": null, "adm1_name2": null, "adm1_name3": null, "adm1_pcode": "ET04", "adm0_name": null, "adm0_name1": null, "adm0_name2": null, "adm0_name3": null, "adm0_pcode": null, "valid_on": "2025-01-01", "valid_to": null, "version": "v04", "name_lng": "en", "name_lng1": null, "name_lng2": null, "name_lng3": null }, "geometry": { "type": "Point", "coordinates": [ 37.117384030000096, 9.36651514000016 ] } },
{ "type": "Feature", "properties": { "adm_p_lvl": 3, "name": "Aweday", "name_1": null, "name_2": null, "name_3": null, "loc_pcode": null, "x_coord": 42.04380545, "y_coord": 9.35728282, "adm3_name": "Maya town", "adm3_name1": null, "adm3_name2": null, "adm3_name3": null, "adm3_pcode": "ET041019", "adm2_name": "East Hararge", "adm2_name1": null, "adm2_name2": null, "adm2_name3": null, "adm2_pcode": "ET0410", "adm1_name": "Oromia", "adm1_name1": null, "adm1_name2": null, "adm1_name3": null, "adm1_pcode": "ET04", "adm0_name": null, "adm0_name1": null, "adm0_name2": null, "adm0_name3": null, "adm0_pcode": null, "valid_on": "2025-01-01", "valid_to": null, "version": "v04", "name_lng": "en", "name_lng1": null, "name_lng2": null, "name_lng3": null }, "geometry": { "type": "Point", "coordinates": [ 42.043805448000171, 9.357282822000116 ] } },
{ "type": "Feature", "properties": { "adm_p_lvl": 3, "name": "Gursum", "name_1": null, "name_2": null, "name_3": null, "loc_pcode": null, "x_coord": 42.39784824, "y_coord": 9.35409443, "adm3_name": "Gursum (OR)", "adm3_name1": null, "adm3_name2": null, "adm3_name3": null, "adm3_pcode": "ET041003", "adm2_name": "East Hararge", "adm2_name1": null, "adm2_name2": null, "adm2_name3": null, "adm2_pcode": "ET0410", "adm1_name": "Oromia", "adm1_name1": null, "adm1_name2": null, "adm1_name3": null, "adm1_pcode": "ET04", "adm0_name": null, "adm0_name1": null, "adm0_name2": null, "adm0_name3": null, "adm0_pcode": null, "valid_on": "2025-01-01", "valid_to": null, "version": "v04", "name_lng": "en", "name_lng1": null, "name_lng2": null, "name_lng3": null }, "geometry": { "type": "Point", "coordinates": [ 42.397848238000051, 9.354094433000171 ] } },
{ "type": "Feature", "properties": { "adm_p_lvl": 3, "name": "Begi", "name_1": null, "name_2": null, "name_3": null, "loc_pcode": null, "x_coord": 34.52737, "y_coord": 9.342198, "adm3_name": "Begi", "adm3_name1": null, "adm3_name2": null, "adm3_name3": null, "adm3_pcode": "ET040116", "adm2_name": "West Wellega", "adm2_name1": null, "adm2_name2": null, "adm2_name3": null, "adm2_pcode": "ET0401", "adm1_name": "Oromia", "adm1_name1": null, "adm1_name2": null, "adm1_name3": null, "adm1_pcode": "ET04", "adm0_name": null, "adm0_name1": null, "adm0_name2": null, "adm0_name3": null, "adm0_pcode": null, "valid_on": "2025-01-01", "valid_to": null, "version": "v04", "name_lng": "en", "name_lng1": null, "name_lng2": null, "name_lng3": null }, "geometry": { "type": "Point", "coordinates": [ 34.527370000000133, 9.342198 ] } },
{ "type": "Feature", "properties": { "adm_p_lvl": 1, "name": "Jigjiga", "name_1": null, "name_2": null, "name_3": null, "loc_pcode": null, "x_coord": 42.79916093, "y_coord": 9.35013457, "adm3_name": "Jigjiga town", "adm3_name1": null, "adm3_name2": null, "adm3_name3": null, "adm3_pcode": "ET050293", "adm2_name": "Fafan", "adm2_name1": null, "adm2_name2": null, "adm2_name3": null, "adm2_pcode": "ET0502", "adm1_name": "Somali", "adm1_name1": null, "adm1_name2": null, "adm1_name3": null, "adm1_pcode": "ET05", "adm0_name": null, "adm0_name1": null, "adm0_name2": null, "adm0_name3": null, "adm0_pcode": null, "valid_on": "2025-01-01", "valid_to": null, "version": "v04", "name_lng": "en", "name_lng1": null, "name_lng2": null, "name_lng3": null }, "geometry": { "type": "Point", "coordinates": [ 42.799160934000099, 9.350134566000179 ] } },
{ "type": "Feature", "properties": { "adm_p_lvl": 3, "name": "Bogi", "name_1": null, "name_2": null, "name_3": null, "loc_pcode": null, "x_coord": 35.5947073, "y_coord": 9.36629122, "adm3_name": "Boji Dirmeji", "adm3_name1": null, "adm3_name2": null, "adm3_name3": null, "adm3_pcode": "ET040106", "adm2_name": "West Wellega", "adm2_name1": null, "adm2_name2": null, "adm2_name3": null, "adm2_pcode": "ET0401", "adm1_name": "Oromia", "adm1_name1": null, "adm1_name2": null, "adm1_name3": null, "adm1_pcode": "ET04", "adm0_name": null, "adm0_name1": null, "adm0_name2": null, "adm0_name3": null, "adm0_pcode": null, "valid_on": "2025-01-01", "valid_to": null, "version": "v04", "name_lng": "en", "name_lng1": null, "name_lng2": null, "name_lng3": null }, "geometry": { "type": "Point", "coordinates": [ 35.594707302000131, 9.366291222000086 ] } },
{ "type": "Feature", "properties": { "adm_p_lvl": 3, "name": "Geba Dafeno", "name_1": null, "name_2": null, "name_3": null, "loc_pcode": null, "x_coord": 35.31679758, "y_coord": 9.45095565, "adm3_name": "Jarso (West Wellega)", "adm3_name1": null, "adm3_name2": null, "adm3_name3": null, "adm3_pcode": "ET040108", "adm2_name": "West Wellega", "adm2_name1": null, "adm2_name2": null, "adm2_name3": null, "adm2_pcode": "ET0401", "adm1_name": "Oromia", "adm1_name1": null, "adm1_name2": null, "adm1_name3": null, "adm1_pcode": "ET04", "adm0_name": null, "adm0_name1": null, "adm0_name2": null, "adm0_name3": null, "adm0_pcode": null, "valid_on": "2025-01-01", "valid_to": null, "version": "v04", "name_lng": "en", "name_lng1": null, "name_lng2": null, "name_lng3": null }, "geometry": { "type": "Point", "coordinates": [ 35.31679758100006, 9.450955651000129 ] } },
{ "type": "Feature", "properties": { "adm_p_lvl": 3, "name": "Andido", "name_1": null, "name_2": null, "name_3": null, "loc_pcode": null, "x_coord": 40.32919619, "y_coord": 9.40035612, "adm3_name": "Hanruka", "adm3_name1": null, "adm3_name2": null, "adm3_name3": null, "adm3_pcode": "ET020307", "adm2_name": "Gabi /Zone 3", "adm2_name1": null, "adm2_name2": null, "adm2_name3": null, "adm2_pcode": "ET0203", "adm1_name": "Afar", "adm1_name1": null, "adm1_name2": null, "adm1_name3": null, "adm1_pcode": "ET02", "adm0_name": null, "adm0_name1": null, "adm0_name2": null, "adm0_name3": null, "adm0_pcode": null, "valid_on": "2025-01-01", "valid_to": null, "version": "v04", "name_lng": "en", "name_lng1": null, "name_lng2": null, "name_lng3": null }, "geometry": { "type": "Point", "coordinates": [ 40.329196194000076, 9.400356124000098 ] } },
{ "type": "Feature", "properties": { "adm_p_lvl": 3, "name": "Chelenko", "name_1": null, "name_2": null, "name_3": null, "loc_pcode": null, "x_coord": 41.55689999, "y_coord": 9.39563664, "adm3_name": "Meta", "adm3_name1": null, "adm3_name2": null, "adm3_name3": null, "adm3_pcode": "ET041009", "adm2_name": "East Hararge", "adm2_name1": null, "adm2_name2": null, "adm2_name3": null, "adm2_pcode": "ET0410", "adm1_name": "Oromia", "adm1_name1": null, "adm1_name2": null, "adm1_name3": null, "adm1_pcode": "ET04", "adm0_name": null, "adm0_name1": null, "adm0_name2": null, "adm0_name3": null, "adm0_pcode": null, "valid_on": "2025-01-01", "valid_to": null, "version": "v04", "name_lng": "en", "name_lng1": null, "name_lng2": null, "name_lng3": null }, "geometry": { "type": "Point", "coordinates": [ 41.556899989000044, 9.395636639000145 ] } },
{ "type": "Feature", "properties": { "adm_p_lvl": 3, "name": "Gebadefeno", "name_1": null, "name_2": null, "name_3": null, "loc_pcode": null, "x_coord": 34.62413172, "y_coord": 9.39811984, "adm3_name": "Gudetu Kondole", "adm3_name1": null, "adm3_name2": null, "adm3_name3": null, "adm3_pcode": "ET040109", "adm2_name": "West Wellega", "adm2_name1": null, "adm2_name2": null, "adm2_name3": null, "adm2_pcode": "ET0401", "adm1_name": "Oromia", "adm1_name1": null, "adm1_name2": null, "adm1_name3": null, "adm1_pcode": "ET04", "adm0_name": null, "adm0_name1": null, "adm0_name2": null, "adm0_name3": null, "adm0_pcode": null, "valid_on": "2025-01-01", "valid_to": null, "version": "v04", "name_lng": "en", "name_lng1": null, "name_lng2": null, "name_lng3": null }, "geometry": { "type": "Point", "coordinates": [ 34.62413172100014, 9.398119842000142 ] } },
{ "type": "Feature", "properties": { "adm_p_lvl": 3, "name": "Kembolcha", "name_1": null, "name_2": null, "name_3": null, "loc_pcode": null, "x_coord": 42.11895823, "y_coord": 9.43365471, "adm3_name": "Kombolcha", "adm3_name1": null, "adm3_name2": null, "adm3_name3": null, "adm3_pcode": "ET041001", "adm2_name": "East Hararge", "adm2_name1": null, "adm2_name2": null, "adm2_name3": null, "adm2_pcode": "ET0410", "adm1_name": "Oromia", "adm1_name1": null, "adm1_name2": null, "adm1_name3": null, "adm1_pcode": "ET04", "adm0_name": null, "adm0_name1": null, "adm0_name2": null, "adm0_name3": null, "adm0_pcode": null, "valid_on": "2025-01-01", "valid_to": null, "version": "v04", "name_lng": "en", "name_lng1": null, "name_lng2": null, "name_lng3": null }, "geometry": { "type": "Point", "coordinates": [ 42.118958225000085, 9.433654704999981 ] } },
{ "type": "Feature", "properties": { "adm_p_lvl": 3, "name": "Haroreys", "name_1": null, "name_2": null, "name_3": null, "loc_pcode": null, "x_coord": 43.0918, "y_coord": 9.4373, "adm3_name": "Haroreys", "adm3_name1": null, "adm3_name2": null, "adm3_name3": null, "adm3_pcode": "ET050298", "adm2_name": "Fafan", "adm2_name1": null, "adm2_name2": null, "adm2_name3": null, "adm2_pcode": "ET0502", "adm1_name": "Somali", "adm1_name1": null, "adm1_name2": null, "adm1_name3": null, "adm1_pcode": "ET05", "adm0_name": null, "adm0_name1": null, "adm0_name2": null, "adm0_name3": null, "adm0_pcode": null, "valid_on": "2025-01-01", "valid_to": null, "version": "v04", "name_lng": "en", "name_lng1": null, "name_lng2": null, "name_lng3": null }, "geometry": { "type": "Point", "coordinates": [ 43.0918, 9.437300000000107 ] } },
{ "type": "Feature", "properties": { "adm_p_lvl": 3, "name": "Afdam", "name_1": null, "name_2": null, "name_3": null, "loc_pcode": null, "x_coord": 41.0, "y_coord": 9.466667, "adm3_name": "Miesso", "adm3_name1": null, "adm3_name2": null, "adm3_name3": null, "adm3_pcode": "ET050107", "adm2_name": "Siti", "adm2_name1": null, "adm2_name2": null, "adm2_name3": null, "adm2_pcode": "ET0501", "adm1_name": "Somali", "adm1_name1": null, "adm1_name2": null, "adm1_name3": null, "adm1_pcode": "ET05", "adm0_name": null, "adm0_name1": null, "adm0_name2": null, "adm0_name3": null, "adm0_pcode": null, "valid_on": "2025-01-01", "valid_to": null, "version": "v04", "name_lng": "en", "name_lng1": null, "name_lng2": null, "name_lng3": null }, "geometry": { "type": "Point", "coordinates": [ 41.000000000000171, 9.466667 ] } },
{ "type": "Feature", "properties": { "adm_p_lvl": 3, "name": "Debeka", "name_1": null, "name_2": null, "name_3": null, "loc_pcode": null, "x_coord": 35.19840843, "y_coord": 9.47187277, "adm3_name": "Babo", "adm3_name1": null, "adm3_name2": null, "adm3_name3": null, "adm3_pcode": "ET040111", "adm2_name": "West Wellega", "adm2_name1": null, "adm2_name2": null, "adm2_name3": null, "adm2_pcode": "ET0401", "adm1_name": "Oromia", "adm1_name1": null, "adm1_name2": null, "adm1_name3": null, "adm1_pcode": "ET04", "adm0_name": null, "adm0_name1": null, "adm0_name2": null, "adm0_name3": null, "adm0_pcode": null, "valid_on": "2025-01-01", "valid_to": null, "version": "v04", "name_lng": "en", "name_lng1": null, "name_lng2": null, "name_lng3": null }, "geometry": { "type": "Point", "coordinates": [ 35.198408427000061, 9.471872771999983 ] } },
{ "type": "Feature", "properties": { "adm_p_lvl": 3, "name": "Ijersa Goro", "name_1": null, "name_2": null, "name_3": null, "loc_pcode": null, "x_coord": 42.22561531, "y_coord": 9.48969438, "adm3_name": "Jarso (East Hararghe)", "adm3_name1": null, "adm3_name2": null, "adm3_name3": null, "adm3_pcode": "ET041002", "adm2_name": "East Hararge", "adm2_name1": null, "adm2_name2": null, "adm2_name3": null, "adm2_pcode": "ET0410", "adm1_name": "Oromia", "adm1_name1": null, "adm1_name2": null, "adm1_name3": null, "adm1_pcode": "ET04", "adm0_name": null, "adm0_name1": null, "adm0_name2": null, "adm0_name3": null, "adm0_pcode": null, "valid_on": "2025-01-01", "valid_to": null, "version": "v04", "name_lng": "en", "name_lng1": null, "name_lng2": null, "name_lng3": null }, "geometry": { "type": "Point", "coordinates": [ 42.225615306000122, 9.489694381000106 ] } },
{ "type": "Feature", "properties": { "adm_p_lvl": 3, "name": "Kombolchaa", "name_1": null, "name_2": null, "name_3": null, "loc_pcode": null, "x_coord": 37.47966444, "y_coord": 9.51028889, "adm3_name": "Guduru", "adm3_name1": null, "adm3_name2": null, "adm3_name3": null, "adm3_pcode": "ET041903", "adm2_name": "Horo Gudru Wellega", "adm2_name1": null, "adm2_name2": null, "adm2_name3": null, "adm2_pcode": "ET0419", "adm1_name": "Oromia", "adm1_name1": null, "adm1_name2": null, "adm1_name3": null, "adm1_pcode": "ET04", "adm0_name": null, "adm0_name1": null, "adm0_name2": null, "adm0_name3": null, "adm0_pcode": null, "valid_on": "2025-01-01", "valid_to": null, "version": "v04", "name_lng": "en", "name_lng1": null, "name_lng2": null, "name_lng3": null }, "geometry": { "type": "Point", "coordinates": [ 37.479664441000068, 9.510288891000016 ] } },
{ "type": "Feature", "properties": { "adm_p_lvl": 2, "name": "Kamashi", "name_1": null, "name_2": null, "name_3": null, "loc_pcode": null, "x_coord": 35.86269639, "y_coord": 9.50210074, "adm3_name": "Kamashi town", "adm3_name1": null, "adm3_name2": null, "adm3_name3": null, "adm3_pcode": "ET060400", "adm2_name": "Kamashi", "adm2_name1": null, "adm2_name2": null, "adm2_name3": null, "adm2_pcode": "ET0604", "adm1_name": "Benishangul-Gumuz", "adm1_name1": null, "adm1_name2": null, "adm1_name3": null, "adm1_pcode": "ET06", "adm0_name": null, "adm0_name1": null, "adm0_name2": null, "adm0_name3": null, "adm0_pcode": null, "valid_on": "2025-01-01", "valid_to": null, "version": "v04", "name_lng": "en", "name_lng1": null, "name_lng2": null, "name_lng3": null }, "geometry": { "type": "Point", "coordinates": [ 35.862696391000156, 9.50210073900007 ] } },
{ "type": "Feature", "properties": { "adm_p_lvl": 3, "name": "Nejo", "name_1": null, "name_2": null, "name_3": null, "loc_pcode": null, "x_coord": 35.50287765, "y_coord": 9.50698215, "adm3_name": "Nejo town", "adm3_name1": null, "adm3_name2": null, "adm3_name3": null, "adm3_pcode": "ET040199", "adm2_name": "West Wellega", "adm2_name1": null, "adm2_name2": null, "adm2_name3": null, "adm2_pcode": "ET0401", "adm1_name": "Oromia", "adm1_name1": null, "adm1_name2": null, "adm1_name3": null, "adm1_pcode": "ET04", "adm0_name": null, "adm0_name1": null, "adm0_name2": null, "adm0_name3": null, "adm0_pcode": null, "valid_on": "2025-01-01", "valid_to": null, "version": "v04", "name_lng": "en", "name_lng1": null, "name_lng2": null, "name_lng3": null }, "geometry": { "type": "Point", "coordinates": [ 35.502877652999985, 9.506982146000098 ] } },
{ "type": "Feature", "properties": { "adm_p_lvl": 3, "name": "Chinaksen", "name_1": null, "name_2": null, "name_3": null, "loc_pcode": null, "x_coord": 42.61212109, "y_coord": 9.50451344, "adm3_name": "Chinaksen", "adm3_name1": null, "adm3_name2": null, "adm3_name3": null, "adm3_pcode": "ET041015", "adm2_name": "East Hararge", "adm2_name1": null, "adm2_name2": null, "adm2_name3": null, "adm2_pcode": "ET0410", "adm1_name": "Oromia", "adm1_name1": null, "adm1_name2": null, "adm1_name3": null, "adm1_pcode": "ET04", "adm0_name": null, "adm0_name1": null, "adm0_name2": null, "adm0_name3": null, "adm0_pcode": null, "valid_on": "2025-01-01", "valid_to": null, "version": "v04", "name_lng": "en", "name_lng1": null, "name_lng2": null, "name_lng3": null }, "geometry": { "type": "Point", "coordinates": [ 42.612121094000145, 9.504513435000035 ] } },
{ "type": "Feature", "properties": { "adm_p_lvl": 3, "name": "Gota", "name_1": null, "name_2": null, "name_3": null, "loc_pcode": null, "x_coord": 41.337212, "y_coord": 9.518378, "adm3_name": "Gota-Biki", "adm3_name1": null, "adm3_name2": null, "adm3_name3": null, "adm3_pcode": "ET050198", "adm2_name": "Siti", "adm2_name1": null, "adm2_name2": null, "adm2_name3": null, "adm2_pcode": "ET0501", "adm1_name": "Somali", "adm1_name1": null, "adm1_name2": null, "adm1_name3": null, "adm1_pcode": "ET05", "adm0_name": null, "adm0_name1": null, "adm0_name2": null, "adm0_name3": null, "adm0_pcode": null, "valid_on": "2025-01-01", "valid_to": null, "version": "v04", "name_lng": "en", "name_lng1": null, "name_lng2": null, "name_lng3": null }, "geometry": { "type": "Point", "coordinates": [ 41.337212000000193, 9.518378 ] } },
{ "type": "Feature", "properties": { "adm_p_lvl": 3, "name": "Ch'ach'a", "name_1": null, "name_2": null, "name_3": null, "loc_pcode": null, "x_coord": 39.45376805, "y_coord": 9.53287021, "adm3_name": "Angolelana Tera", "adm3_name1": null, "adm3_name2": null, "adm3_name3": null, "adm3_pcode": "ET030513", "adm2_name": "North Shewa (AM)", "adm2_name1": null, "adm2_name2": null, "adm2_name3": null, "adm2_pcode": "ET0305", "adm1_name": "Amhara", "adm1_name1": null, "adm1_name2": null, "adm1_name3": null, "adm1_pcode": "ET03", "adm0_name": null, "adm0_name1": null, "adm0_name2": null, "adm0_name3": null, "adm0_pcode": null, "valid_on": "2025-01-01", "valid_to": null, "version": "v04", "name_lng": "en", "name_lng1": null, "name_lng2": null, "name_lng3": null }, "geometry": { "type": "Point", "coordinates": [ 39.453768045000174, 9.532870208000134 ] } },
{ "type": "Feature", "properties": { "adm_p_lvl": 3, "name": "Gachine", "name_1": null, "name_2": null, "name_3": null, "loc_pcode": null, "x_coord": 39.8783372, "y_coord": 9.54438073, "adm3_name": "Arguba", "adm3_name1": null, "adm3_name2": null, "adm3_name3": null, "adm3_pcode": "ET020306", "adm2_name": "Gabi /Zone 3", "adm2_name1": null, "adm2_name2": null, "adm2_name3": null, "adm2_pcode": "ET0203", "adm1_name": "Afar", "adm1_name1": null, "adm1_name2": null, "adm1_name3": null, "adm1_pcode": "ET02", "adm0_name": null, "adm0_name1": null, "adm0_name2": null, "adm0_name3": null, "adm0_pcode": null, "valid_on": "2025-01-01", "valid_to": null, "version": "v04", "name_lng": "en", "name_lng1": null, "name_lng2": null, "name_lng3": null }, "geometry": { "type": "Point", "coordinates": [ 39.878337195000142, 9.54438073100016 ] } },
{ "type": "Feature", "properties": { "adm_p_lvl": 3, "name": "Dulecha", "name_1": null, "name_2": null, "name_3": null, "loc_pcode": null, "x_coord": 39.94238242, "y_coord": 9.5472046, "adm3_name": "Dulecha", "adm3_name1": null, "adm3_name2": null, "adm3_name3": null, "adm3_pcode": "ET020304", "adm2_name": "Gabi /Zone 3", "adm2_name1": null, "adm2_name2": null, "adm2_name3": null, "adm2_pcode": "ET0203", "adm1_name": "Afar", "adm1_name1": null, "adm1_name2": null, "adm1_name3": null, "adm1_pcode": "ET02", "adm0_name": null, "adm0_name1": null, "adm0_name2": null, "adm0_name3": null, "adm0_pcode": null, "valid_on": "2025-01-01", "valid_to": null, "version": "v04", "name_lng": "en", "name_lng1": null, "name_lng2": null, "name_lng3": null }, "geometry": { "type": "Point", "coordinates": [ 39.942382419000182, 9.547204598000121 ] } },
{ "type": "Feature", "properties": { "adm_p_lvl": 3, "name": "Muke Turi", "name_1": null, "name_2": null, "name_3": null, "loc_pcode": null, "x_coord": 38.86954306, "y_coord": 9.5519033, "adm3_name": "Wuchale", "adm3_name1": null, "adm3_name2": null, "adm3_name3": null, "adm3_pcode": "ET040608", "adm2_name": "North Shewa (OR)", "adm2_name1": null, "adm2_name2": null, "adm2_name3": null, "adm2_pcode": "ET0406", "adm1_name": "Oromia", "adm1_name1": null, "adm1_name2": null, "adm1_name3": null, "adm1_pcode": "ET04", "adm0_name": null, "adm0_name1": null, "adm0_name2": null, "adm0_name3": null, "adm0_pcode": null, "valid_on": "2025-01-01", "valid_to": null, "version": "v04", "name_lng": "en", "name_lng1": null, "name_lng2": null, "name_lng3": null }, "geometry": { "type": "Point", "coordinates": [ 38.869543061000115, 9.551903299000116 ] } },
{ "type": "Feature", "properties": { "adm_p_lvl": 3, "name": "Erer", "name_1": null, "name_2": null, "name_3": null, "loc_pcode": null, "x_coord": 41.37730961, "y_coord": 9.56477921, "adm3_name": "Erer (SM)", "adm3_name1": null, "adm3_name2": null, "adm3_name3": null, "adm3_pcode": "ET050104", "adm2_name": "Siti", "adm2_name1": null, "adm2_name2": null, "adm2_name3": null, "adm2_pcode": "ET0501", "adm1_name": "Somali", "adm1_name1": null, "adm1_name2": null, "adm1_name3": null, "adm1_pcode": "ET05", "adm0_name": null, "adm0_name1": null, "adm0_name2": null, "adm0_name3": null, "adm0_pcode": null, "valid_on": "2025-01-01", "valid_to": null, "version": "v04", "name_lng": "en", "name_lng1": null, "name_lng2": null, "name_lng3": null }, "geometry": { "type": "Point", "coordinates": [ 41.377309609000065, 9.564779207000186 ] } },
{ "type": "Feature", "properties": { "adm_p_lvl": 2, "name": "Shambu", "name_1": null, "name_2": null, "name_3": null, "loc_pcode": null, "x_coord": 37.09889424, "y_coord": 9.56638024, "adm3_name": "Shambu town", "adm3_name1": null, "adm3_name2": null, "adm3_name3": null, "adm3_pcode": "ET041902", "adm2_name": "Horo Gudru Wellega", "adm2_name1": null, "adm2_name2": null, "adm2_name3": null, "adm2_pcode": "ET0419", "adm1_name": "Oromia", "adm1_name1": null, "adm1_name2": null, "adm1_name3": null, "adm1_pcode": "ET04", "adm0_name": null, "adm0_name1": null, "adm0_name2": null, "adm0_name3": null, "adm0_pcode": null, "valid_on": "2025-01-01", "valid_to": null, "version": "v04", "name_lng": "en", "name_lng1": null, "name_lng2": null, "name_lng3": null }, "geometry": { "type": "Point", "coordinates": [ 37.09889424000005, 9.566380240000058 ] } },
{ "type": "Feature", "properties": { "adm_p_lvl": 3, "name": "Finchaa", "name_1": null, "name_2": null, "name_3": null, "loc_pcode": null, "x_coord": 37.35950352, "y_coord": 9.56444926, "adm3_name": "Abay Chomen", "adm3_name1": null, "adm3_name2": null, "adm3_name3": null, "adm3_pcode": "ET041905", "adm2_name": "Horo Gudru Wellega", "adm2_name1": null, "adm2_name2": null, "adm2_name3": null, "adm2_pcode": "ET0419", "adm1_name": "Oromia", "adm1_name1": null, "adm1_name2": null, "adm1_name3": null, "adm1_pcode": "ET04", "adm0_name": null, "adm0_name1": null, "adm0_name2": null, "adm0_name3": null, "adm0_pcode": null, "valid_on": "2025-01-01", "valid_to": null, "version": "v04", "name_lng": "en", "name_lng1": null, "name_lng2": null, "name_lng3": null }, "geometry": { "type": "Point", "coordinates": [ 37.35950351800011, 9.564449260000174 ] } },
{ "type": "Feature", "properties": { "adm_p_lvl": 3, "name": "Gutin", "name_1": null, "name_2": null, "name_3": null, "loc_pcode": null, "x_coord": 36.63303358, "y_coord": 9.57438795, "adm3_name": "Gida Ayana", "adm3_name1": null, "adm3_name2": null, "adm3_name3": null, "adm3_pcode": "ET040203", "adm2_name": "East Wellega", "adm2_name1": null, "adm2_name2": null, "adm2_name3": null, "adm2_pcode": "ET0402", "adm1_name": "Oromia", "adm1_name1": null, "adm1_name2": null, "adm1_name3": null, "adm1_pcode": "ET04", "adm0_name": null, "adm0_name1": null, "adm0_name2": null, "adm0_name3": null, "adm0_pcode": null, "valid_on": "2025-01-01", "valid_to": null, "version": "v04", "name_lng": "en", "name_lng1": null, "name_lng2": null, "name_lng3": null }, "geometry": { "type": "Point", "coordinates": [ 36.633033575000127, 9.574387951000119 ] } },
{ "type": "Feature", "properties": { "adm_p_lvl": 3, "name": "Gorabel", "name_1": null, "name_2": null, "name_3": null, "loc_pcode": null, "x_coord": 39.73368576, "y_coord": 9.59551906, "adm3_name": "Ankober", "adm3_name1": null, "adm3_name2": null, "adm3_name3": null, "adm3_pcode": "ET030515", "adm2_name": "North Shewa (AM)", "adm2_name1": null, "adm2_name2": null, "adm2_name3": null, "adm2_pcode": "ET0305", "adm1_name": "Amhara", "adm1_name1": null, "adm1_name2": null, "adm1_name3": null, "adm1_pcode": "ET03", "adm0_name": null, "adm0_name1": null, "adm0_name2": null, "adm0_name3": null, "adm0_pcode": null, "valid_on": "2025-01-01", "valid_to": null, "version": "v04", "name_lng": "en", "name_lng1": null, "name_lng2": null, "name_lng3": null }, "geometry": { "type": "Point", "coordinates": [ 39.733685760000071, 9.595519061000061 ] } },
{ "type": "Feature", "properties": { "adm_p_lvl": 3, "name": "Ginde Beret", "name_1": null, "name_2": null, "name_3": null, "loc_pcode": null, "x_coord": 37.83874748, "y_coord": 9.5980173, "adm3_name": "Ginde Beret", "adm3_name1": null, "adm3_name2": null, "adm3_name3": null, "adm3_pcode": "ET040501", "adm2_name": "West Shewa", "adm2_name1": null, "adm2_name2": null, "adm2_name3": null, "adm2_pcode": "ET0405", "adm1_name": "Oromia", "adm1_name1": null, "adm1_name2": null, "adm1_name3": null, "adm1_pcode": "ET04", "adm0_name": null, "adm0_name1": null, "adm0_name2": null, "adm0_name3": null, "adm0_pcode": null, "valid_on": "2025-01-01", "valid_to": null, "version": "v04", "name_lng": "en", "name_lng1": null, "name_lng2": null, "name_lng3": null }, "geometry": { "type": "Point", "coordinates": [ 37.838747476000037, 9.598017294999977 ] } },
{ "type": "Feature", "properties": { "adm_p_lvl": 1, "name": "Dire Dawa", "name_1": null, "name_2": null, "name_3": null, "loc_pcode": null, "x_coord": 41.8604, "y_coord": 9.59285278, "adm3_name": "Addis Ketema (DD)", "adm3_name1": null, "adm3_name2": null, "adm3_name3": null, "adm3_pcode": "ET150109", "adm2_name": "Dire Dawa urban", "adm2_name1": null, "adm2_name2": null, "adm2_name3": null, "adm2_pcode": "ET1501", "adm1_name": "Dire Dawa", "adm1_name1": null, "adm1_name2": null, "adm1_name3": null, "adm1_pcode": "ET15", "adm0_name": null, "adm0_name1": null, "adm0_name2": null, "adm0_name3": null, "adm0_pcode": null, "valid_on": "2025-01-01", "valid_to": null, "version": "v04", "name_lng": "en", "name_lng1": null, "name_lng2": null, "name_lng3": null }, "geometry": { "type": "Point", "coordinates": [ 41.860399999000094, 9.592852778000179 ] } },
{ "type": "Feature", "properties": { "adm_p_lvl": 3, "name": "Beke Qelate", "name_1": null, "name_2": null, "name_3": null, "loc_pcode": null, "x_coord": 37.98545436, "y_coord": 9.60911106, "adm3_name": "Abuna Ginde Beret", "adm3_name1": null, "adm3_name2": null, "adm3_name3": null, "adm3_pcode": "ET040516", "adm2_name": "West Shewa", "adm2_name1": null, "adm2_name2": null, "adm2_name3": null, "adm2_pcode": "ET0405", "adm1_name": "Oromia", "adm1_name1": null, "adm1_name2": null, "adm1_name3": null, "adm1_pcode": "ET04", "adm0_name": null, "adm0_name1": null, "adm0_name2": null, "adm0_name3": null, "adm0_pcode": null, "valid_on": "2025-01-01", "valid_to": null, "version": "v04", "name_lng": "en", "name_lng1": null, "name_lng2": null, "name_lng3": null }, "geometry": { "type": "Point", "coordinates": [ 37.985454362000041, 9.609111056000131 ] } },
{ "type": "Feature", "properties": { "adm_p_lvl": 3, "name": "Tulu Wayo", "name_1": null, "name_2": null, "name_3": null, "loc_pcode": null, "x_coord": 36.93390864, "y_coord": 9.6086969, "adm3_name": "Abe Dongoro", "adm3_name1": null, "adm3_name2": null, "adm3_name3": null, "adm3_pcode": "ET041910", "adm2_name": "Horo Gudru Wellega", "adm2_name1": null, "adm2_name2": null, "adm2_name3": null, "adm2_pcode": "ET0419", "adm1_name": "Oromia", "adm1_name1": null, "adm1_name2": null, "adm1_name3": null, "adm1_pcode": "ET04", "adm0_name": null, "adm0_name1": null, "adm0_name2": null, "adm0_name3": null, "adm0_pcode": null, "valid_on": "2025-01-01", "valid_to": null, "version": "v04", "name_lng": "en", "name_lng1": null, "name_lng2": null, "name_lng3": null }, "geometry": { "type": "Point", "coordinates": [ 36.933908643999985, 9.608696898000176 ] } },
{ "type": "Feature", "properties": { "adm_p_lvl": 3, "name": "Debre Tsege", "name_1": null, "name_2": null, "name_3": null, "loc_pcode": null, "x_coord": 38.83029658, "y_coord": 9.63219288, "adm3_name": "Debre Libanos", "adm3_name1": null, "adm3_name2": null, "adm3_name3": null, "adm3_pcode": "ET040607", "adm2_name": "North Shewa (OR)", "adm2_name1": null, "adm2_name2": null, "adm2_name3": null, "adm2_pcode": "ET0406", "adm1_name": "Oromia", "adm1_name1": null, "adm1_name2": null, "adm1_name3": null, "adm1_pcode": "ET04", "adm0_name": null, "adm0_name1": null, "adm0_name2": null, "adm0_name3": null, "adm0_pcode": null, "valid_on": "2025-01-01", "valid_to": null, "version": "v04", "name_lng": "en", "name_lng1": null, "name_lng2": null, "name_lng3": null }, "geometry": { "type": "Point", "coordinates": [ 38.830296580000095, 9.632192878000183 ] } },
{ "type": "Feature", "properties": { "adm_p_lvl": 3, "name": "Tulu Guled", "name_1": null, "name_2": null, "name_3": null, "loc_pcode": null, "x_coord": 42.75322207, "y_coord": 9.61604125, "adm3_name": "Mekanisa Oromo", "adm3_name1": null, "adm3_name2": null, "adm3_name3": null, "adm3_pcode": "ET041020", "adm2_name": "East Hararge", "adm2_name1": null, "adm2_name2": null, "adm2_name3": null, "adm2_pcode": "ET0410", "adm1_name": "Oromia", "adm1_name1": null, "adm1_name2": null, "adm1_name3": null, "adm1_pcode": "ET04", "adm0_name": null, "adm0_name1": null, "adm0_name2": null, "adm0_name3": null, "adm0_pcode": null, "valid_on": "2025-01-01", "valid_to": null, "version": "v04", "name_lng": "en", "name_lng1": null, "name_lng2": null, "name_lng3": null }, "geometry": { "type": "Point", "coordinates": [ 42.753222067000081, 9.616041245000076 ] } },
{ "type": "Feature", "properties": { "adm_p_lvl": 3, "name": "Mendida", "name_1": null, "name_2": null, "name_3": null, "loc_pcode": null, "x_coord": 39.31426628, "y_coord": 9.654501, "adm3_name": "Abichugna Gne'a", "adm3_name1": null, "adm3_name2": null, "adm3_name3": null, "adm3_pcode": "ET040609", "adm2_name": "North Shewa (OR)", "adm2_name1": null, "adm2_name2": null, "adm2_name3": null, "adm2_pcode": "ET0406", "adm1_name": "Oromia", "adm1_name1": null, "adm1_name2": null, "adm1_name3": null, "adm1_pcode": "ET04", "adm0_name": null, "adm0_name1": null, "adm0_name2": null, "adm0_name3": null, "adm0_pcode": null, "valid_on": "2025-01-01", "valid_to": null, "version": "v04", "name_lng": "en", "name_lng1": null, "name_lng2": null, "name_lng3": null }, "geometry": { "type": "Point", "coordinates": [ 39.314266284000041, 9.654501001000085 ] } },
{ "type": "Feature", "properties": { "adm_p_lvl": 3, "name": "Dembe /Meti", "name_1": null, "name_2": null, "name_3": null, "loc_pcode": null, "x_coord": 35.77100783, "y_coord": 9.64788238, "adm3_name": "Dembe", "adm3_name1": null, "adm3_name2": null, "adm3_name3": null, "adm3_pcode": "ET060404", "adm2_name": "Kamashi", "adm2_name1": null, "adm2_name2": null, "adm2_name3": null, "adm2_pcode": "ET0604", "adm1_name": "Benishangul-Gumuz", "adm1_name1": null, "adm1_name2": null, "adm1_name3": null, "adm1_pcode": "ET06", "adm0_name": null, "adm0_name1": null, "adm0_name2": null, "adm0_name3": null, "adm0_pcode": null, "valid_on": "2025-01-01", "valid_to": null, "version": "v04", "name_lng": "en", "name_lng1": null, "name_lng2": null, "name_lng3": null }, "geometry": { "type": "Point", "coordinates": [ 35.771007828, 9.647882381000102 ] } },
{ "type": "Feature", "properties": { "adm_p_lvl": 2, "name": "Debre Berhan", "name_1": null, "name_2": null, "name_3": null, "loc_pcode": null, "x_coord": 39.5293971, "y_coord": 9.67221014, "adm3_name": "Debre Berhan town", "adm3_name1": null, "adm3_name2": null, "adm3_name3": null, "adm3_pcode": "ET030520", "adm2_name": "North Shewa (AM)", "adm2_name1": null, "adm2_name2": null, "adm2_name3": null, "adm2_pcode": "ET0305", "adm1_name": "Amhara", "adm1_name1": null, "adm1_name2": null, "adm1_name3": null, "adm1_pcode": "ET03", "adm0_name": null, "adm0_name1": null, "adm0_name2": null, "adm0_name3": null, "adm0_pcode": null, "valid_on": "2025-01-01", "valid_to": null, "version": "v04", "name_lng": "en", "name_lng1": null, "name_lng2": null, "name_lng3": null }, "geometry": { "type": "Point", "coordinates": [ 39.529397097000185, 9.672210136000103 ] } },
{ "type": "Feature", "properties": { "adm_p_lvl": 3, "name": "Dadu", "name_1": null, "name_2": null, "name_3": null, "loc_pcode": null, "x_coord": 37.53893064, "y_coord": 9.68633583, "adm3_name": "Ababo", "adm3_name1": null, "adm3_name2": null, "adm3_name3": null, "adm3_pcode": "ET041904", "adm2_name": "Horo Gudru Wellega", "adm2_name1": null, "adm2_name2": null, "adm2_name3": null, "adm2_pcode": "ET0419", "adm1_name": "Oromia", "adm1_name1": null, "adm1_name2": null, "adm1_name3": null, "adm1_pcode": "ET04", "adm0_name": null, "adm0_name1": null, "adm0_name2": null, "adm0_name3": null, "adm0_pcode": null, "valid_on": "2025-01-01", "valid_to": null, "version": "v04", "name_lng": "en", "name_lng1": null, "name_lng2": null, "name_lng3": null }, "geometry": { "type": "Point", "coordinates": [ 37.53893064100015, 9.686335834000033 ] } },
{ "type": "Feature", "properties": { "adm_p_lvl": 2, "name": "Shinile", "name_1": null, "name_2": null, "name_3": null, "loc_pcode": null, "x_coord": 41.84547689, "y_coord": 9.68660295, "adm3_name": "Shinile", "adm3_name1": null, "adm3_name2": null, "adm3_name3": null, "adm3_pcode": "ET050103", "adm2_name": "Siti", "adm2_name1": null, "adm2_name2": null, "adm2_name3": null, "adm2_pcode": "ET0501", "adm1_name": "Somali", "adm1_name1": null, "adm1_name2": null, "adm1_name3": null, "adm1_pcode": "ET05", "adm0_name": null, "adm0_name1": null, "adm0_name2": null, "adm0_name3": null, "adm0_pcode": null, "valid_on": "2025-01-01", "valid_to": null, "version": "v04", "name_lng": "en", "name_lng1": null, "name_lng2": null, "name_lng3": null }, "geometry": { "type": "Point", "coordinates": [ 41.845476889000111, 9.686602952999976 ] } },
{ "type": "Feature", "properties": { "adm_p_lvl": 3, "name": "Kiltu Kara", "name_1": null, "name_2": null, "name_3": null, "loc_pcode": null, "x_coord": 35.25826343, "y_coord": 9.68975379, "adm3_name": "Kiltu Kara", "adm3_name1": null, "adm3_name2": null, "adm3_name3": null, "adm3_pcode": "ET040105", "adm2_name": "West Wellega", "adm2_name1": null, "adm2_name2": null, "adm2_name3": null, "adm2_pcode": "ET0401", "adm1_name": "Oromia", "adm1_name1": null, "adm1_name2": null, "adm1_name3": null, "adm1_pcode": "ET04", "adm0_name": null, "adm0_name1": null, "adm0_name2": null, "adm0_name3": null, "adm0_pcode": null, "valid_on": "2025-01-01", "valid_to": null, "version": "v04", "name_lng": "en", "name_lng1": null, "name_lng2": null, "name_lng3": null }, "geometry": { "type": "Point", "coordinates": [ 35.258263429000181, 9.68975379 ] } },
{ "type": "Feature", "properties": { "adm_p_lvl": 3, "name": "Bambasi", "name_1": null, "name_2": null, "name_3": null, "loc_pcode": null, "x_coord": 34.72896222, "y_coord": 9.75515389, "adm3_name": "Bambasi town", "adm3_name1": null, "adm3_name2": null, "adm3_name3": null, "adm3_pcode": "ET060310", "adm2_name": "Assosa", "adm2_name1": null, "adm2_name2": null, "adm2_name3": null, "adm2_pcode": "ET0603", "adm1_name": "Benishangul-Gumuz", "adm1_name1": null, "adm1_name2": null, "adm1_name3": null, "adm1_pcode": "ET06", "adm0_name": null, "adm0_name1": null, "adm0_name2": null, "adm0_name3": null, "adm0_pcode": null, "valid_on": "2025-01-01", "valid_to": null, "version": "v04", "name_lng": "en", "name_lng1": null, "name_lng2": null, "name_lng3": null }, "geometry": { "type": "Point", "coordinates": [ 34.728962223000053, 9.755153888000109 ] } },
{ "type": "Feature", "properties": { "adm_p_lvl": 2, "name": "Fiche", "name_1": null, "name_2": null, "name_3": null, "loc_pcode": null, "x_coord": 38.73473, "y_coord": 9.797621, "adm3_name": "Fiche town", "adm3_name1": null, "adm3_name2": null, "adm3_name3": null, "adm3_pcode": "ET040613", "adm2_name": "North Shewa (OR)", "adm2_name1": null, "adm2_name2": null, "adm2_name3": null, "adm2_pcode": "ET0406", "adm1_name": "Oromia", "adm1_name1": null, "adm1_name2": null, "adm1_name3": null, "adm1_pcode": "ET04", "adm0_name": null, "adm0_name1": null, "adm0_name2": null, "adm0_name3": null, "adm0_pcode": null, "valid_on": "2025-01-01", "valid_to": null, "version": "v04", "name_lng": "en", "name_lng1": null, "name_lng2": null, "name_lng3": null }, "geometry": { "type": "Point", "coordinates": [ 38.734730000000184, 9.797621 ] } },
{ "type": "Feature", "properties": { "adm_p_lvl": 3, "name": "Lemi", "name_1": null, "name_2": null, "name_3": null, "loc_pcode": null, "x_coord": 38.91020703, "y_coord": 9.79927073, "adm3_name": "Ensaro", "adm3_name1": null, "adm3_name2": null, "adm3_name3": null, "adm3_pcode": "ET030503", "adm2_name": "North Shewa (AM)", "adm2_name1": null, "adm2_name2": null, "adm2_name3": null, "adm2_pcode": "ET0305", "adm1_name": "Amhara", "adm1_name1": null, "adm1_name2": null, "adm1_name3": null, "adm1_pcode": "ET03", "adm0_name": null, "adm0_name1": null, "adm0_name2": null, "adm0_name3": null, "adm0_pcode": null, "valid_on": "2025-01-01", "valid_to": null, "version": "v04", "name_lng": "en", "name_lng1": null, "name_lng2": null, "name_lng3": null }, "geometry": { "type": "Point", "coordinates": [ 38.910207028000173, 9.799270725000042 ] } },
{ "type": "Feature", "properties": { "adm_p_lvl": 3, "name": "Kuyu", "name_1": null, "name_2": null, "name_3": null, "loc_pcode": null, "x_coord": 38.41843272, "y_coord": 9.80601526, "adm3_name": "Garba Guracha", "adm3_name1": null, "adm3_name2": null, "adm3_name3": null, "adm3_pcode": "ET040616", "adm2_name": "North Shewa (OR)", "adm2_name1": null, "adm2_name2": null, "adm2_name3": null, "adm2_pcode": "ET0406", "adm1_name": "Oromia", "adm1_name1": null, "adm1_name2": null, "adm1_name3": null, "adm1_pcode": "ET04", "adm0_name": null, "adm0_name1": null, "adm0_name2": null, "adm0_name3": null, "adm0_pcode": null, "valid_on": "2025-01-01", "valid_to": null, "version": "v04", "name_lng": "en", "name_lng1": null, "name_lng2": null, "name_lng3": null }, "geometry": { "type": "Point", "coordinates": [ 38.418432716000154, 9.806015260000038 ] } },
{ "type": "Feature", "properties": { "adm_p_lvl": 3, "name": "Degem", "name_1": null, "name_2": null, "name_3": null, "loc_pcode": null, "x_coord": 38.63485158, "y_coord": 9.81111391, "adm3_name": "Degem", "adm3_name1": null, "adm3_name2": null, "adm3_name3": null, "adm3_pcode": "ET040605", "adm2_name": "North Shewa (OR)", "adm2_name1": null, "adm2_name2": null, "adm2_name3": null, "adm2_pcode": "ET0406", "adm1_name": "Oromia", "adm1_name1": null, "adm1_name2": null, "adm1_name3": null, "adm1_pcode": "ET04", "adm0_name": null, "adm0_name1": null, "adm0_name2": null, "adm0_name3": null, "adm0_pcode": null, "valid_on": "2025-01-01", "valid_to": null, "version": "v04", "name_lng": "en", "name_lng1": null, "name_lng2": null, "name_lng3": null }, "geometry": { "type": "Point", "coordinates": [ 38.634851578000166, 9.811113906 ] } },
{ "type": "Feature", "properties": { "adm_p_lvl": 3, "name": "Aw-Barre", "name_1": null, "name_2": null, "name_3": null, "loc_pcode": null, "x_coord": 43.20826, "y_coord": 9.78581, "adm3_name": "Aw-Bare", "adm3_name1": null, "adm3_name2": null, "adm3_name3": null, "adm3_pcode": "ET050205", "adm2_name": "Fafan", "adm2_name1": null, "adm2_name2": null, "adm2_name3": null, "adm2_pcode": "ET0502", "adm1_name": "Somali", "adm1_name1": null, "adm1_name2": null, "adm1_name3": null, "adm1_pcode": "ET05", "adm0_name": null, "adm0_name1": null, "adm0_name2": null, "adm0_name3": null, "adm0_pcode": null, "valid_on": "2025-01-01", "valid_to": null, "version": "v04", "name_lng": "en", "name_lng1": null, "name_lng2": null, "name_lng3": null }, "geometry": { "type": "Point", "coordinates": [ 43.208260000000109, 9.78581000000014 ] } },
{ "type": "Feature", "properties": { "adm_p_lvl": 3, "name": "Mendi", "name_1": null, "name_2": null, "name_3": null, "loc_pcode": null, "x_coord": 35.1046982, "y_coord": 9.798996, "adm3_name": "Mendi town", "adm3_name1": null, "adm3_name2": null, "adm3_name3": null, "adm3_pcode": "ET040198", "adm2_name": "West Wellega", "adm2_name1": null, "adm2_name2": null, "adm2_name3": null, "adm2_pcode": "ET0401", "adm1_name": "Oromia", "adm1_name1": null, "adm1_name2": null, "adm1_name3": null, "adm1_pcode": "ET04", "adm0_name": null, "adm0_name1": null, "adm0_name2": null, "adm0_name3": null, "adm0_pcode": null, "valid_on": "2025-01-01", "valid_to": null, "version": "v04", "name_lng": "en", "name_lng1": null, "name_lng2": null, "name_lng3": null }, "geometry": { "type": "Point", "coordinates": [ 35.104698195000026, 9.798996001000035 ] } },
{ "type": "Feature", "properties": { "adm_p_lvl": 3, "name": "Dambel", "name_1": null, "name_2": null, "name_3": null, "loc_pcode": null, "x_coord": 42.60241, "y_coord": 9.81078, "adm3_name": "Dembel", "adm3_name1": null, "adm3_name2": null, "adm3_name3": null, "adm3_pcode": "ET050102", "adm2_name": "Siti", "adm2_name1": null, "adm2_name2": null, "adm2_name3": null, "adm2_pcode": "ET0501", "adm1_name": "Somali", "adm1_name1": null, "adm1_name2": null, "adm1_name3": null, "adm1_pcode": "ET05", "adm0_name": null, "adm0_name1": null, "adm0_name2": null, "adm0_name3": null, "adm0_pcode": null, "valid_on": "2025-01-01", "valid_to": null, "version": "v04", "name_lng": "en", "name_lng1": null, "name_lng2": null, "name_lng3": null }, "geometry": { "type": "Point", "coordinates": [ 42.60241, 9.81078 ] } },
{ "type": "Feature", "properties": { "adm_p_lvl": 3, "name": "Debre Sina", "name_1": null, "name_2": null, "name_3": null, "loc_pcode": null, "x_coord": 39.75913794, "y_coord": 9.84980787, "adm3_name": "Debre Sina town", "adm3_name1": null, "adm3_name2": null, "adm3_name3": null, "adm3_pcode": "ET030527", "adm2_name": "North Shewa (AM)", "adm2_name1": null, "adm2_name2": null, "adm2_name3": null, "adm2_pcode": "ET0305", "adm1_name": "Amhara", "adm1_name1": null, "adm1_name2": null, "adm1_name3": null, "adm1_pcode": "ET03", "adm0_name": null, "adm0_name1": null, "adm0_name2": null, "adm0_name3": null, "adm0_pcode": null, "valid_on": "2025-01-01", "valid_to": null, "version": "v04", "name_lng": "en", "name_lng1": null, "name_lng2": null, "name_lng3": null }, "geometry": { "type": "Point", "coordinates": [ 39.759137939000027, 9.849807869000131 ] } },
{ "type": "Feature", "properties": { "adm_p_lvl": 3, "name": "Gelila", "name_1": null, "name_2": null, "name_3": null, "loc_pcode": null, "x_coord": 36.47788184, "y_coord": 9.84490068, "adm3_name": "Limu (OR)", "adm3_name1": null, "adm3_name2": null, "adm3_name3": null, "adm3_pcode": "ET040201", "adm2_name": "East Wellega", "adm2_name1": null, "adm2_name2": null, "adm2_name3": null, "adm2_pcode": "ET0402", "adm1_name": "Oromia", "adm1_name1": null, "adm1_name2": null, "adm1_name3": null, "adm1_pcode": "ET04", "adm0_name": null, "adm0_name1": null, "adm0_name2": null, "adm0_name3": null, "adm0_pcode": null, "valid_on": "2025-01-01", "valid_to": null, "version": "v04", "name_lng": "en", "name_lng1": null, "name_lng2": null, "name_lng3": null }, "geometry": { "type": "Point", "coordinates": [ 36.477881835000062, 9.84490068000008 ] } },
{ "type": "Feature", "properties": { "adm_p_lvl": 3, "name": "Deneba", "name_1": null, "name_2": null, "name_3": null, "loc_pcode": null, "x_coord": 39.19137745, "y_coord": 9.74986259, "adm3_name": "Siya Debirna Wayu", "adm3_name1": null, "adm3_name2": null, "adm3_name3": null, "adm3_pcode": "ET030523", "adm2_name": "North Shewa (AM)", "adm2_name1": null, "adm2_name2": null, "adm2_name3": null, "adm2_pcode": "ET0305", "adm1_name": "Amhara", "adm1_name1": null, "adm1_name2": null, "adm1_name3": null, "adm1_pcode": "ET03", "adm0_name": null, "adm0_name1": null, "adm0_name2": null, "adm0_name3": null, "adm0_pcode": null, "valid_on": "2025-01-01", "valid_to": null, "version": "v04", "name_lng": "en", "name_lng1": null, "name_lng2": null, "name_lng3": null }, "geometry": { "type": "Point", "coordinates": [ 39.19137744700015, 9.749862593000103 ] } },
{ "type": "Feature", "properties": { "adm_p_lvl": 3, "name": "Alibo", "name_1": null, "name_2": null, "name_3": null, "loc_pcode": null, "x_coord": 37.077122, "y_coord": 9.880157, "adm3_name": "Jarte Jardega", "adm3_name1": null, "adm3_name2": null, "adm3_name3": null, "adm3_pcode": "ET041908", "adm2_name": "Horo Gudru Wellega", "adm2_name1": null, "adm2_name2": null, "adm2_name3": null, "adm2_pcode": "ET0419", "adm1_name": "Oromia", "adm1_name1": null, "adm1_name2": null, "adm1_name3": null, "adm1_pcode": "ET04", "adm0_name": null, "adm0_name1": null, "adm0_name2": null, "adm0_name3": null, "adm0_pcode": null, "valid_on": "2025-01-01", "valid_to": null, "version": "v04", "name_lng": "en", "name_lng1": null, "name_lng2": null, "name_lng3": null }, "geometry": { "type": "Point", "coordinates": [ 37.077122000000145, 9.880157 ] } },
{ "type": "Feature", "properties": { "adm_p_lvl": 3, "name": "Enewari", "name_1": null, "name_2": null, "name_3": null, "loc_pcode": null, "x_coord": 39.14500037, "y_coord": 9.89465701, "adm3_name": "Enewari town", "adm3_name1": null, "adm3_name2": null, "adm3_name3": null, "adm3_pcode": "ET030528", "adm2_name": "North Shewa (AM)", "adm2_name1": null, "adm2_name2": null, "adm2_name3": null, "adm2_pcode": "ET0305", "adm1_name": "Amhara", "adm1_name1": null, "adm1_name2": null, "adm1_name3": null, "adm1_pcode": "ET03", "adm0_name": null, "adm0_name1": null, "adm0_name2": null, "adm0_name3": null, "adm0_pcode": null, "valid_on": "2025-01-01", "valid_to": null, "version": "v04", "name_lng": "en", "name_lng1": null, "name_lng2": null, "name_lng3": null }, "geometry": { "type": "Point", "coordinates": [ 39.145000373000187, 9.894657014000074 ] } },
{ "type": "Feature", "properties": { "adm_p_lvl": 3, "name": "Harawo", "name_1": null, "name_2": null, "name_3": null, "loc_pcode": null, "x_coord": 43.05, "y_coord": 9.86667, "adm3_name": "Harawo", "adm3_name1": null, "adm3_name2": null, "adm3_name3": null, "adm3_pcode": "ET050299", "adm2_name": "Fafan", "adm2_name1": null, "adm2_name2": null, "adm2_name3": null, "adm2_pcode": "ET0502", "adm1_name": "Somali", "adm1_name1": null, "adm1_name2": null, "adm1_name3": null, "adm1_pcode": "ET05", "adm0_name": null, "adm0_name1": null, "adm0_name2": null, "adm0_name3": null, "adm0_pcode": null, "valid_on": "2025-01-01", "valid_to": null, "version": "v04", "name_lng": "en", "name_lng1": null, "name_lng2": null, "name_lng3": null }, "geometry": { "type": "Point", "coordinates": [ 43.050000000000182, 9.86667 ] } },
{ "type": "Feature", "properties": { "adm_p_lvl": 3, "name": "Kiremu", "name_1": null, "name_2": null, "name_3": null, "loc_pcode": null, "x_coord": 36.86347147, "y_coord": 9.95486429, "adm3_name": "Kiremu", "adm3_name1": null, "adm3_name2": null, "adm3_name3": null, "adm3_pcode": "ET040217", "adm2_name": "East Wellega", "adm2_name1": null, "adm2_name2": null, "adm2_name3": null, "adm2_pcode": "ET0402", "adm1_name": "Oromia", "adm1_name1": null, "adm1_name2": null, "adm1_name3": null, "adm1_pcode": "ET04", "adm0_name": null, "adm0_name1": null, "adm0_name2": null, "adm0_name3": null, "adm0_pcode": null, "valid_on": "2025-01-01", "valid_to": null, "version": "v04", "name_lng": "en", "name_lng1": null, "name_lng2": null, "name_lng3": null }, "geometry": { "type": "Point", "coordinates": [ 36.863471470000036, 9.954864286000031 ] } },
{ "type": "Feature", "properties": { "adm_p_lvl": 3, "name": "Sela Dingay", "name_1": null, "name_2": null, "name_3": null, "loc_pcode": null, "x_coord": 39.62932841, "y_coord": 9.95703158, "adm3_name": "Mojan Wedera", "adm3_name1": null, "adm3_name2": null, "adm3_name3": null, "adm3_pcode": "ET030511", "adm2_name": "North Shewa (AM)", "adm2_name1": null, "adm2_name2": null, "adm2_name3": null, "adm2_pcode": "ET0305", "adm1_name": "Amhara", "adm1_name1": null, "adm1_name2": null, "adm1_name3": null, "adm1_pcode": "ET03", "adm0_name": null, "adm0_name1": null, "adm0_name2": null, "adm0_name3": null, "adm0_pcode": null, "valid_on": "2025-01-01", "valid_to": null, "version": "v04", "name_lng": "en", "name_lng1": null, "name_lng2": null, "name_lng3": null }, "geometry": { "type": "Point", "coordinates": [ 39.629328410000028, 9.957031583 ] } },
{ "type": "Feature", "properties": { "adm_p_lvl": 3, "name": "Kumame", "name_1": null, "name_2": null, "name_3": null, "loc_pcode": null, "x_coord": 40.14066304, "y_coord": 9.97375626, "adm3_name": "Samurobi", "adm3_name1": null, "adm3_name2": null, "adm3_name3": null, "adm3_pcode": "ET020502", "adm2_name": "Hari /Zone 5", "adm2_name1": null, "adm2_name2": null, "adm2_name3": null, "adm2_pcode": "ET0205", "adm1_name": "Afar", "adm1_name1": null, "adm1_name2": null, "adm1_name3": null, "adm1_pcode": "ET02", "adm0_name": null, "adm0_name1": null, "adm0_name2": null, "adm0_name3": null, "adm0_pcode": null, "valid_on": "2025-01-01", "valid_to": null, "version": "v04", "name_lng": "en", "name_lng1": null, "name_lng2": null, "name_lng3": null }, "geometry": { "type": "Point", "coordinates": [ 40.140663037000138, 9.973756255000069 ] } },
{ "type": "Feature", "properties": { "adm_p_lvl": 3, "name": "Hinde", "name_1": null, "name_2": null, "name_3": null, "loc_pcode": null, "x_coord": 36.44833204, "y_coord": 9.97466722, "adm3_name": "Ibantu", "adm3_name1": null, "adm3_name2": null, "adm3_name3": null, "adm3_pcode": "ET040202", "adm2_name": "East Wellega", "adm2_name1": null, "adm2_name2": null, "adm2_name3": null, "adm2_pcode": "ET0402", "adm1_name": "Oromia", "adm1_name1": null, "adm1_name2": null, "adm1_name3": null, "adm1_pcode": "ET04", "adm0_name": null, "adm0_name1": null, "adm0_name2": null, "adm0_name3": null, "adm0_pcode": null, "valid_on": "2025-01-01", "valid_to": null, "version": "v04", "name_lng": "en", "name_lng1": null, "name_lng2": null, "name_lng3": null }, "geometry": { "type": "Point", "coordinates": [ 36.448332040000139, 9.974667220000185 ] } },
{ "type": "Feature", "properties": { "adm_p_lvl": 3, "name": "Abora", "name_1": null, "name_2": null, "name_3": null, "loc_pcode": null, "x_coord": 37.03065135, "y_coord": 9.98975788, "adm3_name": "Amuru", "adm3_name1": null, "adm3_name2": null, "adm3_name3": null, "adm3_pcode": "ET041909", "adm2_name": "Horo Gudru Wellega", "adm2_name1": null, "adm2_name2": null, "adm2_name3": null, "adm2_pcode": "ET0419", "adm1_name": "Oromia", "adm1_name1": null, "adm1_name2": null, "adm1_name3": null, "adm1_pcode": "ET04", "adm0_name": null, "adm0_name1": null, "adm0_name2": null, "adm0_name3": null, "adm0_pcode": null, "valid_on": "2025-01-01", "valid_to": null, "version": "v04", "name_lng": "en", "name_lng1": null, "name_lng2": null, "name_lng3": null }, "geometry": { "type": "Point", "coordinates": [ 37.030651347000173, 9.989757880000184 ] } },
{ "type": "Feature", "properties": { "adm_p_lvl": 3, "name": "Shewa Robit", "name_1": null, "name_2": null, "name_3": null, "loc_pcode": null, "x_coord": 39.9, "y_coord": 10.0, "adm3_name": "Shoa Robit", "adm3_name1": null, "adm3_name2": null, "adm3_name3": null, "adm3_pcode": "ET030595", "adm2_name": "North Shewa (AM)", "adm2_name1": null, "adm2_name2": null, "adm2_name3": null, "adm2_pcode": "ET0305", "adm1_name": "Amhara", "adm1_name1": null, "adm1_name2": null, "adm1_name3": null, "adm1_pcode": "ET03", "adm0_name": null, "adm0_name1": null, "adm0_name2": null, "adm0_name3": null, "adm0_pcode": null, "valid_on": "2025-01-01", "valid_to": null, "version": "v04", "name_lng": "en", "name_lng1": null, "name_lng2": null, "name_lng3": null }, "geometry": { "type": "Point", "coordinates": [ 39.9, 10.000000000000114 ] } },
{ "type": "Feature", "properties": { "adm_p_lvl": 3, "name": "Gohatsiyon", "name_1": null, "name_2": null, "name_3": null, "loc_pcode": null, "x_coord": 38.24728661, "y_coord": 10.00144256, "adm3_name": "Wara Jarso", "adm3_name1": null, "adm3_name2": null, "adm3_name3": null, "adm3_pcode": "ET040601", "adm2_name": "North Shewa (OR)", "adm2_name1": null, "adm2_name2": null, "adm2_name3": null, "adm2_pcode": "ET0406", "adm1_name": "Oromia", "adm1_name1": null, "adm1_name2": null, "adm1_name3": null, "adm1_pcode": "ET04", "adm0_name": null, "adm0_name1": null, "adm0_name2": null, "adm0_name3": null, "adm0_pcode": null, "valid_on": "2025-01-01", "valid_to": null, "version": "v04", "name_lng": "en", "name_lng1": null, "name_lng2": null, "name_lng3": null }, "geometry": { "type": "Point", "coordinates": [ 38.247286609000128, 10.001442563000012 ] } },
{ "type": "Feature", "properties": { "adm_p_lvl": 3, "name": "YeLam Gej", "name_1": null, "name_2": null, "name_3": null, "loc_pcode": null, "x_coord": 37.733333, "y_coord": 10.033333, "adm3_name": "Baso Liben", "adm3_name1": null, "adm3_name2": null, "adm3_name3": null, "adm3_pcode": "ET030611", "adm2_name": "East Gojam", "adm2_name1": null, "adm2_name2": null, "adm2_name3": null, "adm2_pcode": "ET0306", "adm1_name": "Amhara", "adm1_name1": null, "adm1_name2": null, "adm1_name3": null, "adm1_pcode": "ET03", "adm0_name": null, "adm0_name1": null, "adm0_name2": null, "adm0_name3": null, "adm0_pcode": null, "valid_on": "2025-01-01", "valid_to": null, "version": "v04", "name_lng": "en", "name_lng1": null, "name_lng2": null, "name_lng3": null }, "geometry": { "type": "Point", "coordinates": [ 37.733333, 10.033333000000141 ] } },
{ "type": "Feature", "properties": { "adm_p_lvl": 3, "name": "Alem Ketema", "name_1": null, "name_2": null, "name_3": null, "loc_pcode": null, "x_coord": 38.99255851, "y_coord": 10.06075619, "adm3_name": "Aleme Ketma town", "adm3_name1": null, "adm3_name2": null, "adm3_name3": null, "adm3_pcode": "ET030599", "adm2_name": "North Shewa (AM)", "adm2_name1": null, "adm2_name2": null, "adm2_name3": null, "adm2_pcode": "ET0305", "adm1_name": "Amhara", "adm1_name1": null, "adm1_name2": null, "adm1_name3": null, "adm1_pcode": "ET03", "adm0_name": null, "adm0_name1": null, "adm0_name2": null, "adm0_name3": null, "adm0_pcode": null, "valid_on": "2025-01-01", "valid_to": null, "version": "v04", "name_lng": "en", "name_lng1": null, "name_lng2": null, "name_lng3": null }, "geometry": { "type": "Point", "coordinates": [ 38.992558508, 10.060756189000131 ] } },
{ "type": "Feature", "properties": { "adm_p_lvl": 1, "name": "Assosa", "name_1": null, "name_2": null, "name_3": null, "loc_pcode": null, "x_coord": 34.53830475, "y_coord": 10.06453838, "adm3_name": "Assosa town Administration", "adm3_name1": null, "adm3_name2": null, "adm3_name3": null, "adm3_pcode": "ET060309", "adm2_name": "Assosa", "adm2_name1": null, "adm2_name2": null, "adm2_name3": null, "adm2_pcode": "ET0603", "adm1_name": "Benishangul-Gumuz", "adm1_name1": null, "adm1_name2": null, "adm1_name3": null, "adm1_pcode": "ET06", "adm0_name": null, "adm0_name1": null, "adm0_name2": null, "adm0_name3": null, "adm0_pcode": null, "valid_on": "2025-01-01", "valid_to": null, "version": "v04", "name_lng": "en", "name_lng1": null, "name_lng2": null, "name_lng3": null }, "geometry": { "type": "Point", "coordinates": [ 34.53830475, 10.064538379000055 ] } },
{ "type": "Feature", "properties": { "adm_p_lvl": 3, "name": "Molale", "name_1": null, "name_2": null, "name_3": null, "loc_pcode": null, "x_coord": 39.65774448, "y_coord": 10.11917584, "adm3_name": "Molale town", "adm3_name1": null, "adm3_name2": null, "adm3_name3": null, "adm3_pcode": "ET030526", "adm2_name": "North Shewa (AM)", "adm2_name1": null, "adm2_name2": null, "adm2_name3": null, "adm2_pcode": "ET0305", "adm1_name": "Amhara", "adm1_name1": null, "adm1_name2": null, "adm1_name3": null, "adm1_pcode": "ET03", "adm0_name": null, "adm0_name1": null, "adm0_name2": null, "adm0_name3": null, "adm0_pcode": null, "valid_on": "2025-01-01", "valid_to": null, "version": "v04", "name_lng": "en", "name_lng1": null, "name_lng2": null, "name_lng3": null }, "geometry": { "type": "Point", "coordinates": [ 39.657744482000169, 10.119175836000068 ] } },
{ "type": "Feature", "properties": { "adm_p_lvl": 3, "name": "Yejube", "name_1": null, "name_2": null, "name_3": null, "loc_pcode": null, "x_coord": 37.74667807, "y_coord": 10.15262898, "adm3_name": "Baso Liben", "adm3_name1": null, "adm3_name2": null, "adm3_name3": null, "adm3_pcode": "ET030611", "adm2_name": "East Gojam", "adm2_name1": null, "adm2_name2": null, "adm2_name3": null, "adm2_pcode": "ET0306", "adm1_name": "Amhara", "adm1_name1": null, "adm1_name2": null, "adm1_name3": null, "adm1_pcode": "ET03", "adm0_name": null, "adm0_name1": null, "adm0_name2": null, "adm0_name3": null, "adm0_pcode": null, "valid_on": "2025-01-01", "valid_to": null, "version": "v04", "name_lng": "en", "name_lng1": null, "name_lng2": null, "name_lng3": null }, "geometry": { "type": "Point", "coordinates": [ 37.746678066000072, 10.152628982000067 ] } },
{ "type": "Feature", "properties": { "adm_p_lvl": 3, "name": "Gewane", "name_1": null, "name_2": null, "name_3": null, "loc_pcode": null, "x_coord": 40.66110064, "y_coord": 10.15836461, "adm3_name": "Gewane", "adm3_name1": null, "adm3_name2": null, "adm3_name3": null, "adm3_pcode": "ET020303", "adm2_name": "Gabi /Zone 3", "adm2_name1": null, "adm2_name2": null, "adm2_name3": null, "adm2_pcode": "ET0203", "adm1_name": "Afar", "adm1_name1": null, "adm1_name2": null, "adm1_name3": null, "adm1_pcode": "ET02", "adm0_name": null, "adm0_name1": null, "adm0_name2": null, "adm0_name3": null, "adm0_pcode": null, "valid_on": "2025-01-01", "valid_to": null, "version": "v04", "name_lng": "en", "name_lng1": null, "name_lng2": null, "name_lng3": null }, "geometry": { "type": "Point", "coordinates": [ 40.661100637000118, 10.158364609000046 ] } },
{ "type": "Feature", "properties": { "adm_p_lvl": 3, "name": "Dejen", "name_1": null, "name_2": null, "name_3": null, "loc_pcode": null, "x_coord": 38.14478488, "y_coord": 10.1679582, "adm3_name": "Dejen town", "adm3_name1": null, "adm3_name2": null, "adm3_name3": null, "adm3_pcode": "ET030698", "adm2_name": "East Gojam", "adm2_name1": null, "adm2_name2": null, "adm2_name3": null, "adm2_pcode": "ET0306", "adm1_name": "Amhara", "adm1_name1": null, "adm1_name2": null, "adm1_name3": null, "adm1_pcode": "ET03", "adm0_name": null, "adm0_name1": null, "adm0_name2": null, "adm0_name3": null, "adm0_pcode": null, "valid_on": "2025-01-01", "valid_to": null, "version": "v04", "name_lng": "en", "name_lng1": null, "name_lng2": null, "name_lng3": null }, "geometry": { "type": "Point", "coordinates": [ 38.14478487700012, 10.167958197000189 ] } },
{ "type": "Feature", "properties": { "adm_p_lvl": 3, "name": "Hadeleala", "name_1": null, "name_2": null, "name_3": null, "loc_pcode": null, "x_coord": 40.10160637, "y_coord": 10.21204728, "adm3_name": "Jilye Tumuga", "adm3_name1": null, "adm3_name2": null, "adm3_name3": null, "adm3_pcode": "ET031003", "adm2_name": "Oromia", "adm2_name1": null, "adm2_name2": null, "adm2_name3": null, "adm2_pcode": "ET0310", "adm1_name": "Amhara", "adm1_name1": null, "adm1_name2": null, "adm1_name3": null, "adm1_pcode": "ET03", "adm0_name": null, "adm0_name1": null, "adm0_name2": null, "adm0_name3": null, "adm0_pcode": null, "valid_on": "2025-01-01", "valid_to": null, "version": "v04", "name_lng": "en", "name_lng1": null, "name_lng2": null, "name_lng3": null }, "geometry": { "type": "Point", "coordinates": [ 40.101606374000028, 10.212047280000093 ] } },
{ "type": "Feature", "properties": { "adm_p_lvl": 3, "name": "Gundo Meskel", "name_1": null, "name_2": null, "name_3": null, "loc_pcode": null, "x_coord": 38.69939199, "y_coord": 10.22189147, "adm3_name": "Dera (OR)", "adm3_name1": null, "adm3_name2": null, "adm3_name3": null, "adm3_pcode": "ET040602", "adm2_name": "North Shewa (OR)", "adm2_name1": null, "adm2_name2": null, "adm2_name3": null, "adm2_pcode": "ET0406", "adm1_name": "Oromia", "adm1_name1": null, "adm1_name2": null, "adm1_name3": null, "adm1_pcode": "ET04", "adm0_name": null, "adm0_name1": null, "adm0_name2": null, "adm0_name3": null, "adm0_pcode": null, "valid_on": "2025-01-01", "valid_to": null, "version": "v04", "name_lng": "en", "name_lng1": null, "name_lng2": null, "name_lng3": null }, "geometry": { "type": "Point", "coordinates": [ 38.699391992000187, 10.221891473000085 ] } },
{ "type": "Feature", "properties": { "adm_p_lvl": 3, "name": "Zemero", "name_1": null, "name_2": null, "name_3": null, "loc_pcode": null, "x_coord": 39.4480078, "y_coord": 10.22267777, "adm3_name": "Menze Keya Gabriel", "adm3_name1": null, "adm3_name2": null, "adm3_name3": null, "adm3_pcode": "ET030521", "adm2_name": "North Shewa (AM)", "adm2_name1": null, "adm2_name2": null, "adm2_name3": null, "adm2_pcode": "ET0305", "adm1_name": "Amhara", "adm1_name1": null, "adm1_name2": null, "adm1_name3": null, "adm1_pcode": "ET03", "adm0_name": null, "adm0_name1": null, "adm0_name2": null, "adm0_name3": null, "adm0_pcode": null, "valid_on": "2025-01-01", "valid_to": null, "version": "v04", "name_lng": "en", "name_lng1": null, "name_lng2": null, "name_lng3": null }, "geometry": { "type": "Point", "coordinates": [ 39.448007803000166, 10.222677772 ] } },
{ "type": "Feature", "properties": { "adm_p_lvl": 3, "name": "Amber", "name_1": null, "name_2": null, "name_3": null, "loc_pcode": null, "x_coord": 37.84345531, "y_coord": 10.25200518, "adm3_name": "Aneded", "adm3_name1": null, "adm3_name2": null, "adm3_name3": null, "adm3_pcode": "ET030617", "adm2_name": "East Gojam", "adm2_name1": null, "adm2_name2": null, "adm2_name3": null, "adm2_pcode": "ET0306", "adm1_name": "Amhara", "adm1_name1": null, "adm1_name2": null, "adm1_name3": null, "adm1_pcode": "ET03", "adm0_name": null, "adm0_name1": null, "adm0_name2": null, "adm0_name3": null, "adm0_pcode": null, "valid_on": "2025-01-01", "valid_to": null, "version": "v04", "name_lng": "en", "name_lng1": null, "name_lng2": null, "name_lng3": null }, "geometry": { "type": "Point", "coordinates": [ 37.84345531300005, 10.252005177000171 ] } },
{ "type": "Feature", "properties": { "adm_p_lvl": 3, "name": "Lumamie /Dengora", "name_1": null, "name_2": null, "name_3": null, "loc_pcode": null, "x_coord": 37.93890778, "y_coord": 10.25235123, "adm3_name": "Lumame town", "adm3_name1": null, "adm3_name2": null, "adm3_name3": null, "adm3_pcode": "ET030622", "adm2_name": "East Gojam", "adm2_name1": null, "adm2_name2": null, "adm2_name3": null, "adm2_pcode": "ET0306", "adm1_name": "Amhara", "adm1_name1": null, "adm1_name2": null, "adm1_name3": null, "adm1_pcode": "ET03", "adm0_name": null, "adm0_name1": null, "adm0_name2": null, "adm0_name3": null, "adm0_pcode": null, "valid_on": "2025-01-01", "valid_to": null, "version": "v04", "name_lng": "en", "name_lng1": null, "name_lng2": null, "name_lng3": null }, "geometry": { "type": "Point", "coordinates": [ 37.938907776000065, 10.25235122700019 ] } },
{ "type": "Feature", "properties": { "adm_p_lvl": 3, "name": "Rema", "name_1": null, "name_2": null, "name_3": null, "loc_pcode": null, "x_coord": 38.92094341, "y_coord": 10.2739036, "adm3_name": "Mida Woremo", "adm3_name1": null, "adm3_name2": null, "adm3_name3": null, "adm3_pcode": "ET030501", "adm2_name": "North Shewa (AM)", "adm2_name1": null, "adm2_name2": null, "adm2_name3": null, "adm2_pcode": "ET0305", "adm1_name": "Amhara", "adm1_name1": null, "adm1_name2": null, "adm1_name3": null, "adm1_pcode": "ET03", "adm0_name": null, "adm0_name1": null, "adm0_name2": null, "adm0_name3": null, "adm0_pcode": null, "valid_on": "2025-01-01", "valid_to": null, "version": "v04", "name_lng": "en", "name_lng1": null, "name_lng2": null, "name_lng3": null }, "geometry": { "type": "Point", "coordinates": [ 38.920943413000032, 10.273903603000178 ] } },
{ "type": "Feature", "properties": { "adm_p_lvl": 3, "name": "Gablalu", "name_1": null, "name_2": null, "name_3": null, "loc_pcode": null, "x_coord": 41.24537114, "y_coord": 10.49205236, "adm3_name": "Gablalu", "adm3_name1": null, "adm3_name2": null, "adm3_name3": null, "adm3_pcode": "ET050199", "adm2_name": "Siti", "adm2_name1": null, "adm2_name2": null, "adm2_name3": null, "adm2_pcode": "ET0501", "adm1_name": "Somali", "adm1_name1": null, "adm1_name2": null, "adm1_name3": null, "adm1_pcode": "ET05", "adm0_name": null, "adm0_name1": null, "adm0_name2": null, "adm0_name3": null, "adm0_pcode": null, "valid_on": "2025-01-01", "valid_to": null, "version": "v04", "name_lng": "en", "name_lng1": null, "name_lng2": null, "name_lng3": null }, "geometry": { "type": "Point", "coordinates": [ 41.245371140000145, 10.492052360000059 ] } },
{ "type": "Feature", "properties": { "adm_p_lvl": 3, "name": "Senbete", "name_1": null, "name_2": null, "name_3": null, "loc_pcode": null, "x_coord": 39.98851664, "y_coord": 10.30642234, "adm3_name": "Jilye Tumuga", "adm3_name1": null, "adm3_name2": null, "adm3_name3": null, "adm3_pcode": "ET031003", "adm2_name": "Oromia", "adm2_name1": null, "adm2_name2": null, "adm2_name3": null, "adm2_pcode": "ET0310", "adm1_name": "Amhara", "adm1_name1": null, "adm1_name2": null, "adm1_name3": null, "adm1_pcode": "ET03", "adm0_name": null, "adm0_name1": null, "adm0_name2": null, "adm0_name3": null, "adm0_pcode": null, "valid_on": "2025-01-01", "valid_to": null, "version": "v04", "name_lng": "en", "name_lng1": null, "name_lng2": null, "name_lng3": null }, "geometry": { "type": "Point", "coordinates": [ 39.988516643000139, 10.306422342000019 ] } },
{ "type": "Feature", "properties": { "adm_p_lvl": 3, "name": "Debre Eliyas", "name_1": null, "name_2": null, "name_3": null, "loc_pcode": null, "x_coord": 37.46436655, "y_coord": 10.29919411, "adm3_name": "Debre Elias", "adm3_name1": null, "adm3_name2": null, "adm3_name3": null, "adm3_pcode": "ET030608", "adm2_name": "East Gojam", "adm2_name1": null, "adm2_name2": null, "adm2_name3": null, "adm2_pcode": "ET0306", "adm1_name": "Amhara", "adm1_name1": null, "adm1_name2": null, "adm1_name3": null, "adm1_pcode": "ET03", "adm0_name": null, "adm0_name1": null, "adm0_name2": null, "adm0_name3": null, "adm0_pcode": null, "valid_on": "2025-01-01", "valid_to": null, "version": "v04", "name_lng": "en", "name_lng1": null, "name_lng2": null, "name_lng3": null }, "geometry": { "type": "Point", "coordinates": [ 37.464366550000079, 10.299194108000052 ] } },
{ "type": "Feature", "properties": { "adm_p_lvl": 3, "name": "Mehal Meda", "name_1": null, "name_2": null, "name_3": null, "loc_pcode": null, "x_coord": 39.66042572, "y_coord": 10.30857073, "adm3_name": "Mehal Meda town", "adm3_name1": null, "adm3_name2": null, "adm3_name3": null, "adm3_pcode": "ET030597", "adm2_name": "North Shewa (AM)", "adm2_name1": null, "adm2_name2": null, "adm2_name3": null, "adm2_pcode": "ET0305", "adm1_name": "Amhara", "adm1_name1": null, "adm1_name2": null, "adm1_name3": null, "adm1_pcode": "ET03", "adm0_name": null, "adm0_name1": null, "adm0_name2": null, "adm0_name3": null, "adm0_pcode": null, "valid_on": "2025-01-01", "valid_to": null, "version": "v04", "name_lng": "en", "name_lng1": null, "name_lng2": null, "name_lng3": null }, "geometry": { "type": "Point", "coordinates": [ 39.660425724000163, 10.308570727000074 ] } },
{ "type": "Feature", "properties": { "adm_p_lvl": 2, "name": "Debre Markos", "name_1": null, "name_2": null, "name_3": null, "loc_pcode": null, "x_coord": 37.72834, "y_coord": 10.33207222, "adm3_name": "Debre Markos town", "adm3_name1": null, "adm3_name2": null, "adm3_name3": null, "adm3_pcode": "ET030615", "adm2_name": "East Gojam", "adm2_name1": null, "adm2_name2": null, "adm2_name3": null, "adm2_pcode": "ET0306", "adm1_name": "Amhara", "adm1_name1": null, "adm1_name2": null, "adm1_name3": null, "adm1_pcode": "ET03", "adm0_name": null, "adm0_name1": null, "adm0_name2": null, "adm0_name3": null, "adm0_pcode": null, "valid_on": "2025-01-01", "valid_to": null, "version": "v04", "name_lng": "en", "name_lng1": null, "name_lng2": null, "name_lng3": null }, "geometry": { "type": "Point", "coordinates": [ 37.728340000000117, 10.332072222000136 ] } },
{ "type": "Feature", "properties": { "adm_p_lvl": 3, "name": "Ataye", "name_1": null, "name_2": null, "name_3": null, "loc_pcode": null, "x_coord": 39.9591429, "y_coord": 10.34602783, "adm3_name": "Ataye town", "adm3_name1": null, "adm3_name2": null, "adm3_name3": null, "adm3_pcode": "ET030598", "adm2_name": "North Shewa (AM)", "adm2_name1": null, "adm2_name2": null, "adm2_name3": null, "adm2_pcode": "ET0305", "adm1_name": "Amhara", "adm1_name1": null, "adm1_name2": null, "adm1_name3": null, "adm1_pcode": "ET03", "adm0_name": null, "adm0_name1": null, "adm0_name2": null, "adm0_name3": null, "adm0_pcode": null, "valid_on": "2025-01-01", "valid_to": null, "version": "v04", "name_lng": "en", "name_lng1": null, "name_lng2": null, "name_lng3": null }, "geometry": { "type": "Point", "coordinates": [ 39.959142900000074, 10.346027831000072 ] } },
{ "type": "Feature", "properties": { "adm_p_lvl": 3, "name": "Menge", "name_1": null, "name_2": null, "name_3": null, "loc_pcode": null, "x_coord": 34.76121348, "y_coord": 10.35420147, "adm3_name": "Menge", "adm3_name1": null, "adm3_name2": null, "adm3_name3": null, "adm3_pcode": "ET060301", "adm2_name": "Assosa", "adm2_name1": null, "adm2_name2": null, "adm2_name3": null, "adm2_pcode": "ET0603", "adm1_name": "Benishangul-Gumuz", "adm1_name1": null, "adm1_name2": null, "adm1_name3": null, "adm1_pcode": "ET06", "adm0_name": null, "adm0_name1": null, "adm0_name2": null, "adm0_name3": null, "adm0_pcode": null, "valid_on": "2025-01-01", "valid_to": null, "version": "v04", "name_lng": "en", "name_lng1": null, "name_lng2": null, "name_lng3": null }, "geometry": { "type": "Point", "coordinates": [ 34.761213479000105, 10.354201467000109 ] } },
{ "type": "Feature", "properties": { "adm_p_lvl": 3, "name": "Degolo", "name_1": null, "name_2": null, "name_3": null, "loc_pcode": null, "x_coord": 39.25417618, "y_coord": 10.4228419, "adm3_name": "Degolo town", "adm3_name1": null, "adm3_name2": null, "adm3_name3": null, "adm3_pcode": "ET030425", "adm2_name": "South Wello", "adm2_name1": null, "adm2_name2": null, "adm2_name3": null, "adm2_pcode": "ET0304", "adm1_name": "Amhara", "adm1_name1": null, "adm1_name2": null, "adm1_name3": null, "adm1_pcode": "ET03", "adm0_name": null, "adm0_name1": null, "adm0_name2": null, "adm0_name3": null, "adm0_pcode": null, "valid_on": "2025-01-01", "valid_to": null, "version": "v04", "name_lng": "en", "name_lng1": null, "name_lng2": null, "name_lng3": null }, "geometry": { "type": "Point", "coordinates": [ 39.254176175000111, 10.422841901000083 ] } },
{ "type": "Feature", "properties": { "adm_p_lvl": 3, "name": "Adigala", "name_1": null, "name_2": null, "name_3": null, "loc_pcode": null, "x_coord": 42.24020196, "y_coord": 10.42506858, "adm3_name": "Hadhagala", "adm3_name1": null, "adm3_name2": null, "adm3_name3": null, "adm3_pcode": "ET050106", "adm2_name": "Siti", "adm2_name1": null, "adm2_name2": null, "adm2_name3": null, "adm2_pcode": "ET0501", "adm1_name": "Somali", "adm1_name1": null, "adm1_name2": null, "adm1_name3": null, "adm1_pcode": "ET05", "adm0_name": null, "adm0_name1": null, "adm0_name2": null, "adm0_name3": null, "adm0_pcode": null, "valid_on": "2025-01-01", "valid_to": null, "version": "v04", "name_lng": "en", "name_lng1": null, "name_lng2": null, "name_lng3": null }, "geometry": { "type": "Point", "coordinates": [ 42.240201955000032, 10.425068577000104 ] } },
{ "type": "Feature", "properties": { "adm_p_lvl": 3, "name": "Yebok'la", "name_1": null, "name_2": null, "name_3": null, "loc_pcode": null, "x_coord": 37.88899152, "y_coord": 10.44105992, "adm3_name": "Guzamn", "adm3_name1": null, "adm3_name2": null, "adm3_name3": null, "adm3_pcode": "ET030610", "adm2_name": "East Gojam", "adm2_name1": null, "adm2_name2": null, "adm2_name3": null, "adm2_pcode": "ET0306", "adm1_name": "Amhara", "adm1_name1": null, "adm1_name2": null, "adm1_name3": null, "adm1_pcode": "ET03", "adm0_name": null, "adm0_name1": null, "adm0_name2": null, "adm0_name3": null, "adm0_pcode": null, "valid_on": "2025-01-01", "valid_to": null, "version": "v04", "name_lng": "en", "name_lng1": null, "name_lng2": null, "name_lng3": null }, "geometry": { "type": "Point", "coordinates": [ 37.888991518000182, 10.441059919000054 ] } },
{ "type": "Feature", "properties": { "adm_p_lvl": 3, "name": "Amanuel", "name_1": null, "name_2": null, "name_3": null, "loc_pcode": null, "x_coord": 37.56753504, "y_coord": 10.44172632, "adm3_name": "Amanuel town", "adm3_name1": null, "adm3_name2": null, "adm3_name3": null, "adm3_pcode": "ET030618", "adm2_name": "East Gojam", "adm2_name1": null, "adm2_name2": null, "adm2_name3": null, "adm2_pcode": "ET0306", "adm1_name": "Amhara", "adm1_name1": null, "adm1_name2": null, "adm1_name3": null, "adm1_pcode": "ET03", "adm0_name": null, "adm0_name1": null, "adm0_name2": null, "adm0_name3": null, "adm0_pcode": null, "valid_on": "2025-01-01", "valid_to": null, "version": "v04", "name_lng": "en", "name_lng1": null, "name_lng2": null, "name_lng3": null }, "geometry": { "type": "Point", "coordinates": [ 37.567535037000084, 10.441726318000178 ] } },
{ "type": "Feature", "properties": { "adm_p_lvl": 3, "name": "Yed Wuha", "name_1": null, "name_2": null, "name_3": null, "loc_pcode": null, "x_coord": 38.34546194, "y_coord": 10.44688186, "adm3_name": "Shebel Bernta", "adm3_name1": null, "adm3_name2": null, "adm3_name3": null, "adm3_pcode": "ET030614", "adm2_name": "East Gojam", "adm2_name1": null, "adm2_name2": null, "adm2_name3": null, "adm2_pcode": "ET0306", "adm1_name": "Amhara", "adm1_name1": null, "adm1_name2": null, "adm1_name3": null, "adm1_pcode": "ET03", "adm0_name": null, "adm0_name1": null, "adm0_name2": null, "adm0_name3": null, "adm0_pcode": null, "valid_on": "2025-01-01", "valid_to": null, "version": "v04", "name_lng": "en", "name_lng1": null, "name_lng2": null, "name_lng3": null }, "geometry": { "type": "Point", "coordinates": [ 38.345461935000117, 10.446881855000186 ] } },
{ "type": "Feature", "properties": { "adm_p_lvl": 3, "name": "Bechena", "name_1": null, "name_2": null, "name_3": null, "loc_pcode": null, "x_coord": 38.202679, "y_coord": 10.44783, "adm3_name": "Bechena town", "adm3_name1": null, "adm3_name2": null, "adm3_name3": null, "adm3_pcode": "ET030699", "adm2_name": "East Gojam", "adm2_name1": null, "adm2_name2": null, "adm2_name3": null, "adm2_pcode": "ET0306", "adm1_name": "Amhara", "adm1_name1": null, "adm1_name2": null, "adm1_name3": null, "adm1_pcode": "ET03", "adm0_name": null, "adm0_name1": null, "adm0_name2": null, "adm0_name3": null, "adm0_pcode": null, "valid_on": "2025-01-01", "valid_to": null, "version": "v04", "name_lng": "en", "name_lng1": null, "name_lng2": null, "name_lng3": null }, "geometry": { "type": "Point", "coordinates": [ 38.202679000000103, 10.447830000000181 ] } },
{ "type": "Feature", "properties": { "adm_p_lvl": 3, "name": "Kuchi", "name_1": null, "name_2": null, "name_3": null, "loc_pcode": null, "x_coord": 37.02096567, "y_coord": 10.48382853, "adm3_name": "Bure (AM)", "adm3_name1": null, "adm3_name2": null, "adm3_name3": null, "adm3_pcode": "ET030710", "adm2_name": "West Gojam", "adm2_name1": null, "adm2_name2": null, "adm2_name3": null, "adm2_pcode": "ET0307", "adm1_name": "Amhara", "adm1_name1": null, "adm1_name2": null, "adm1_name3": null, "adm1_pcode": "ET03", "adm0_name": null, "adm0_name1": null, "adm0_name2": null, "adm0_name3": null, "adm0_pcode": null, "valid_on": "2025-01-01", "valid_to": null, "version": "v04", "name_lng": "en", "name_lng1": null, "name_lng2": null, "name_lng3": null }, "geometry": { "type": "Point", "coordinates": [ 37.020965668000031, 10.483828530000153 ] } },
{ "type": "Feature", "properties": { "adm_p_lvl": 3, "name": "Kuy", "name_1": null, "name_2": null, "name_3": null, "loc_pcode": null, "x_coord": 37.99223296, "y_coord": 10.50231061, "adm3_name": "Debay Telatgen", "adm3_name1": null, "adm3_name2": null, "adm3_name3": null, "adm3_pcode": "ET030607", "adm2_name": "East Gojam", "adm2_name1": null, "adm2_name2": null, "adm2_name3": null, "adm2_pcode": "ET0306", "adm1_name": "Amhara", "adm1_name1": null, "adm1_name2": null, "adm1_name3": null, "adm1_pcode": "ET03", "adm0_name": null, "adm0_name1": null, "adm0_name2": null, "adm0_name3": null, "adm0_pcode": null, "valid_on": "2025-01-01", "valid_to": null, "version": "v04", "name_lng": "en", "name_lng1": null, "name_lng2": null, "name_lng3": null }, "geometry": { "type": "Point", "coordinates": [ 37.992232963, 10.502310610000052 ] } },
{ "type": "Feature", "properties": { "adm_p_lvl": 3, "name": "Robe Gebaya", "name_1": null, "name_2": null, "name_3": null, "loc_pcode": null, "x_coord": 37.76263473, "y_coord": 10.54630349, "adm3_name": "Senan", "adm3_name1": null, "adm3_name2": null, "adm3_name3": null, "adm3_pcode": "ET030616", "adm2_name": "East Gojam", "adm2_name1": null, "adm2_name2": null, "adm2_name3": null, "adm2_pcode": "ET0306", "adm1_name": "Amhara", "adm1_name1": null, "adm1_name2": null, "adm1_name3": null, "adm1_pcode": "ET03", "adm0_name": null, "adm0_name1": null, "adm0_name2": null, "adm0_name3": null, "adm0_pcode": null, "valid_on": "2025-01-01", "valid_to": null, "version": "v04", "name_lng": "en", "name_lng1": null, "name_lng2": null, "name_lng3": null }, "geometry": { "type": "Point", "coordinates": [ 37.762634731000048, 10.546303490000128 ] } },
{ "type": "Feature", "properties": { "adm_p_lvl": 3, "name": "Rabel", "name_1": null, "name_2": null, "name_3": null, "loc_pcode": null, "x_coord": 39.6, "y_coord": 10.55, "adm3_name": "Gishe Rabel", "adm3_name1": null, "adm3_name2": null, "adm3_name3": null, "adm3_pcode": "ET030506", "adm2_name": "North Shewa (AM)", "adm2_name1": null, "adm2_name2": null, "adm2_name3": null, "adm2_pcode": "ET0305", "adm1_name": "Amhara", "adm1_name1": null, "adm1_name2": null, "adm1_name3": null, "adm1_pcode": "ET03", "adm0_name": null, "adm0_name1": null, "adm0_name2": null, "adm0_name3": null, "adm0_pcode": null, "valid_on": "2025-01-01", "valid_to": null, "version": "v04", "name_lng": "en", "name_lng1": null, "name_lng2": null, "name_lng3": null }, "geometry": { "type": "Point", "coordinates": [ 39.6, 10.55 ] } },
{ "type": "Feature", "properties": { "adm_p_lvl": 3, "name": "Chef Robit", "name_1": null, "name_2": null, "name_3": null, "loc_pcode": null, "x_coord": 39.93638819, "y_coord": 10.55287621, "adm3_name": "Chef Robit town", "adm3_name1": null, "adm3_name2": null, "adm3_name3": null, "adm3_pcode": "ET031007", "adm2_name": "Oromia", "adm2_name1": null, "adm2_name2": null, "adm2_name3": null, "adm2_pcode": "ET0310", "adm1_name": "Amhara", "adm1_name1": null, "adm1_name2": null, "adm1_name3": null, "adm1_pcode": "ET03", "adm0_name": null, "adm0_name1": null, "adm0_name2": null, "adm0_name3": null, "adm0_pcode": null, "valid_on": "2025-01-01", "valid_to": null, "version": "v04", "name_lng": "en", "name_lng1": null, "name_lng2": null, "name_lng3": null }, "geometry": { "type": "Point", "coordinates": [ 39.936388193000028, 10.552876211000125 ] } },
{ "type": "Feature", "properties": { "adm_p_lvl": 3, "name": "Denbecha", "name_1": null, "name_2": null, "name_3": null, "loc_pcode": null, "x_coord": 37.48130167, "y_coord": 10.56757556, "adm3_name": "Denbecha town", "adm3_name1": null, "adm3_name2": null, "adm3_name3": null, "adm3_pcode": "ET030717", "adm2_name": "West Gojam", "adm2_name1": null, "adm2_name2": null, "adm2_name3": null, "adm2_pcode": "ET0307", "adm1_name": "Amhara", "adm1_name1": null, "adm1_name2": null, "adm1_name3": null, "adm1_pcode": "ET03", "adm0_name": null, "adm0_name1": null, "adm0_name2": null, "adm0_name3": null, "adm0_pcode": null, "valid_on": "2025-01-01", "valid_to": null, "version": "v04", "name_lng": "en", "name_lng1": null, "name_lng2": null, "name_lng3": null }, "geometry": { "type": "Point", "coordinates": [ 37.481301667000025, 10.567575555000076 ] } },
{ "type": "Feature", "properties": { "adm_p_lvl": 3, "name": "Kelala", "name_1": null, "name_2": null, "name_3": null, "loc_pcode": null, "x_coord": 38.99773166, "y_coord": 10.58364653, "adm3_name": "Kelala town", "adm3_name1": null, "adm3_name2": null, "adm3_name3": null, "adm3_pcode": "ET030426", "adm2_name": "South Wello", "adm2_name1": null, "adm2_name2": null, "adm2_name3": null, "adm2_pcode": "ET0304", "adm1_name": "Amhara", "adm1_name1": null, "adm1_name2": null, "adm1_name3": null, "adm1_pcode": "ET03", "adm0_name": null, "adm0_name1": null, "adm0_name2": null, "adm0_name3": null, "adm0_pcode": null, "valid_on": "2025-01-01", "valid_to": null, "version": "v04", "name_lng": "en", "name_lng1": null, "name_lng2": null, "name_lng3": null }, "geometry": { "type": "Point", "coordinates": [ 38.997731658000134, 10.583646531 ] } },
{ "type": "Feature", "properties": { "adm_p_lvl": 3, "name": "Wereilu", "name_1": null, "name_2": null, "name_3": null, "loc_pcode": null, "x_coord": 39.43565571, "y_coord": 10.59189038, "adm3_name": "Wereilu town", "adm3_name1": null, "adm3_name2": null, "adm3_name3": null, "adm3_pcode": "ET030423", "adm2_name": "South Wello", "adm2_name1": null, "adm2_name2": null, "adm2_name3": null, "adm2_pcode": "ET0304", "adm1_name": "Amhara", "adm1_name1": null, "adm1_name2": null, "adm1_name3": null, "adm1_pcode": "ET03", "adm0_name": null, "adm0_name1": null, "adm0_name2": null, "adm0_name3": null, "adm0_pcode": null, "valid_on": "2025-01-01", "valid_to": null, "version": "v04", "name_lng": "en", "name_lng1": null, "name_lng2": null, "name_lng3": null }, "geometry": { "type": "Point", "coordinates": [ 39.435655711999971, 10.591890383000191 ] } },
{ "type": "Feature", "properties": { "adm_p_lvl": 3, "name": "Mahidere Selam", "name_1": null, "name_2": null, "name_3": null, "loc_pcode": null, "x_coord": 38.7650788, "y_coord": 10.59472754, "adm3_name": "Wegedi town", "adm3_name1": null, "adm3_name2": null, "adm3_name3": null, "adm3_pcode": "ET030430", "adm2_name": "South Wello", "adm2_name1": null, "adm2_name2": null, "adm2_name3": null, "adm2_pcode": "ET0304", "adm1_name": "Amhara", "adm1_name1": null, "adm1_name2": null, "adm1_name3": null, "adm1_pcode": "ET03", "adm0_name": null, "adm0_name1": null, "adm0_name2": null, "adm0_name3": null, "adm0_pcode": null, "valid_on": "2025-01-01", "valid_to": null, "version": "v04", "name_lng": "en", "name_lng1": null, "name_lng2": null, "name_lng3": null }, "geometry": { "type": "Point", "coordinates": [ 38.765078795000079, 10.594727541999987 ] } },
{ "type": "Feature", "properties": { "adm_p_lvl": 3, "name": "Debre Zeit", "name_1": null, "name_2": null, "name_3": null, "loc_pcode": null, "x_coord": 35.66559678, "y_coord": 10.62425699, "adm3_name": "Wembera", "adm3_name1": null, "adm3_name2": null, "adm3_name3": null, "adm3_pcode": "ET060203", "adm2_name": "Metekel", "adm2_name1": null, "adm2_name2": null, "adm2_name3": null, "adm2_pcode": "ET0602", "adm1_name": "Benishangul-Gumuz", "adm1_name1": null, "adm1_name2": null, "adm1_name3": null, "adm1_pcode": "ET06", "adm0_name": null, "adm0_name1": null, "adm0_name2": null, "adm0_name3": null, "adm0_pcode": null, "valid_on": "2025-01-01", "valid_to": null, "version": "v04", "name_lng": "en", "name_lng1": null, "name_lng2": null, "name_lng3": null }, "geometry": { "type": "Point", "coordinates": [ 35.665596777000076, 10.624256990999982 ] } },
{ "type": "Feature", "properties": { "adm_p_lvl": 3, "name": "Sherkole", "name_1": null, "name_2": null, "name_3": null, "loc_pcode": null, "x_coord": 34.77866613, "y_coord": 10.59935317, "adm3_name": "Sherkole", "adm3_name1": null, "adm3_name2": null, "adm3_name3": null, "adm3_pcode": "ET060304", "adm2_name": "Assosa", "adm2_name1": null, "adm2_name2": null, "adm2_name3": null, "adm2_pcode": "ET0603", "adm1_name": "Benishangul-Gumuz", "adm1_name1": null, "adm1_name2": null, "adm1_name3": null, "adm1_pcode": "ET06", "adm0_name": null, "adm0_name1": null, "adm0_name2": null, "adm0_name3": null, "adm0_pcode": null, "valid_on": "2025-01-01", "valid_to": null, "version": "v04", "name_lng": "en", "name_lng1": null, "name_lng2": null, "name_lng3": null }, "geometry": { "type": "Point", "coordinates": [ 34.778666130000033, 10.599353170000086 ] } },
{ "type": "Feature", "properties": { "adm_p_lvl": 2, "name": "Dalifagi", "name_1": null, "name_2": null, "name_3": null, "loc_pcode": null, "x_coord": 40.31231618, "y_coord": 10.61725074, "adm3_name": "Dalefage", "adm3_name1": null, "adm3_name2": null, "adm3_name3": null, "adm3_pcode": "ET020504", "adm2_name": "Hari /Zone 5", "adm2_name1": null, "adm2_name2": null, "adm2_name3": null, "adm2_pcode": "ET0205", "adm1_name": "Afar", "adm1_name1": null, "adm1_name2": null, "adm1_name3": null, "adm1_pcode": "ET02", "adm0_name": null, "adm0_name1": null, "adm0_name2": null, "adm0_name3": null, "adm0_pcode": null, "valid_on": "2025-01-01", "valid_to": null, "version": "v04", "name_lng": "en", "name_lng1": null, "name_lng2": null, "name_lng3": null }, "geometry": { "type": "Point", "coordinates": [ 40.312316184000167, 10.617250740000031 ] } },
{ "type": "Feature", "properties": { "adm_p_lvl": 3, "name": "Shendi", "name_1": null, "name_2": null, "name_3": null, "loc_pcode": null, "x_coord": 36.94245727, "y_coord": 10.64292169, "adm3_name": "Shendi town", "adm3_name1": null, "adm3_name2": null, "adm3_name3": null, "adm3_pcode": "ET030716", "adm2_name": "West Gojam", "adm2_name1": null, "adm2_name2": null, "adm2_name3": null, "adm2_pcode": "ET0307", "adm1_name": "Amhara", "adm1_name1": null, "adm1_name2": null, "adm1_name3": null, "adm1_pcode": "ET03", "adm0_name": null, "adm0_name1": null, "adm0_name2": null, "adm0_name3": null, "adm0_pcode": null, "valid_on": "2025-01-01", "valid_to": null, "version": "v04", "name_lng": "en", "name_lng1": null, "name_lng2": null, "name_lng3": null }, "geometry": { "type": "Point", "coordinates": [ 36.942457266000133, 10.642921687000126 ] } },
{ "type": "Feature", "properties": { "adm_p_lvl": 3, "name": "Debrework", "name_1": null, "name_2": null, "name_3": null, "loc_pcode": null, "x_coord": 38.16670016, "y_coord": 10.65450059, "adm3_name": "Debrework town", "adm3_name1": null, "adm3_name2": null, "adm3_name3": null, "adm3_pcode": "ET030621", "adm2_name": "East Gojam", "adm2_name1": null, "adm2_name2": null, "adm2_name3": null, "adm2_pcode": "ET0306", "adm1_name": "Amhara", "adm1_name1": null, "adm1_name2": null, "adm1_name3": null, "adm1_pcode": "ET03", "adm0_name": null, "adm0_name1": null, "adm0_name2": null, "adm0_name3": null, "adm0_pcode": null, "valid_on": "2025-01-01", "valid_to": null, "version": "v04", "name_lng": "en", "name_lng1": null, "name_lng2": null, "name_lng3": null }, "geometry": { "type": "Point", "coordinates": [ 38.166700158000026, 10.654500594000069 ] } },
{ "type": "Feature", "properties": { "adm_p_lvl": 3, "name": "Dibate", "name_1": null, "name_2": null, "name_3": null, "loc_pcode": null, "x_coord": 36.26319843, "y_coord": 10.7761783, "adm3_name": "Dibate", "adm3_name1": null, "adm3_name2": null, "adm3_name3": null, "adm3_pcode": "ET060205", "adm2_name": "Metekel", "adm2_name1": null, "adm2_name2": null, "adm2_name3": null, "adm2_pcode": "ET0602", "adm1_name": "Benishangul-Gumuz", "adm1_name1": null, "adm1_name2": null, "adm1_name3": null, "adm1_pcode": "ET06", "adm0_name": null, "adm0_name1": null, "adm0_name2": null, "adm0_name3": null, "adm0_pcode": null, "valid_on": "2025-01-01", "valid_to": null, "version": "v04", "name_lng": "en", "name_lng1": null, "name_lng2": null, "name_lng3": null }, "geometry": { "type": "Point", "coordinates": [ 36.263198430000159, 10.776178297000172 ] } },
{ "type": "Feature", "properties": { "adm_p_lvl": 3, "name": "Azena", "name_1": null, "name_2": null, "name_3": null, "loc_pcode": null, "x_coord": 36.78001, "y_coord": 10.66403, "adm3_name": "Ayehu Guwagusa", "adm3_name1": null, "adm3_name2": null, "adm3_name3": null, "adm3_pcode": "ET030908", "adm2_name": "Awi", "adm2_name1": null, "adm2_name2": null, "adm2_name3": null, "adm2_pcode": "ET0309", "adm1_name": "Amhara", "adm1_name1": null, "adm1_name2": null, "adm1_name3": null, "adm1_pcode": "ET03", "adm0_name": null, "adm0_name1": null, "adm0_name2": null, "adm0_name3": null, "adm0_pcode": null, "valid_on": "2025-01-01", "valid_to": null, "version": "v04", "name_lng": "en", "name_lng1": null, "name_lng2": null, "name_lng3": null }, "geometry": { "type": "Point", "coordinates": [ 36.780010000000175, 10.66403 ] } },
{ "type": "Feature", "properties": { "adm_p_lvl": 3, "name": "Jiga", "name_1": null, "name_2": null, "name_3": null, "loc_pcode": null, "x_coord": 37.37544152, "y_coord": 10.67796619, "adm3_name": "Jiga town", "adm3_name1": null, "adm3_name2": null, "adm3_name3": null, "adm3_pcode": "ET030720", "adm2_name": "West Gojam", "adm2_name1": null, "adm2_name2": null, "adm2_name3": null, "adm2_pcode": "ET0307", "adm1_name": "Amhara", "adm1_name1": null, "adm1_name2": null, "adm1_name3": null, "adm1_pcode": "ET03", "adm0_name": null, "adm0_name1": null, "adm0_name2": null, "adm0_name3": null, "adm0_pcode": null, "valid_on": "2025-01-01", "valid_to": null, "version": "v04", "name_lng": "en", "name_lng1": null, "name_lng2": null, "name_lng3": null }, "geometry": { "type": "Point", "coordinates": [ 37.375441518000059, 10.677966188000084 ] } },
{ "type": "Feature", "properties": { "adm_p_lvl": 3, "name": "Bora", "name_1": null, "name_2": null, "name_3": null, "loc_pcode": null, "x_coord": 40.04300518, "y_coord": 10.68412781, "adm3_name": "Dewa Harewa", "adm3_name1": null, "adm3_name2": null, "adm3_name3": null, "adm3_pcode": "ET031005", "adm2_name": "Oromia", "adm2_name1": null, "adm2_name2": null, "adm2_name3": null, "adm2_pcode": "ET0310", "adm1_name": "Amhara", "adm1_name1": null, "adm1_name2": null, "adm1_name3": null, "adm1_pcode": "ET03", "adm0_name": null, "adm0_name1": null, "adm0_name2": null, "adm0_name3": null, "adm0_pcode": null, "valid_on": "2025-01-01", "valid_to": null, "version": "v04", "name_lng": "en", "name_lng1": null, "name_lng2": null, "name_lng3": null }, "geometry": { "type": "Point", "coordinates": [ 40.043005182000059, 10.684127808000085 ] } },
{ "type": "Feature", "properties": { "adm_p_lvl": 2, "name": "Finote Selam", "name_1": null, "name_2": null, "name_3": null, "loc_pcode": null, "x_coord": 37.25889195, "y_coord": 10.68377361, "adm3_name": "Finote Selam town", "adm3_name1": null, "adm3_name2": null, "adm3_name3": null, "adm3_pcode": "ET030714", "adm2_name": "West Gojam", "adm2_name1": null, "adm2_name2": null, "adm2_name3": null, "adm2_pcode": "ET0307", "adm1_name": "Amhara", "adm1_name1": null, "adm1_name2": null, "adm1_name3": null, "adm1_pcode": "ET03", "adm0_name": null, "adm0_name1": null, "adm0_name2": null, "adm0_name3": null, "adm0_pcode": null, "valid_on": "2025-01-01", "valid_to": null, "version": "v04", "name_lng": "en", "name_lng1": null, "name_lng2": null, "name_lng3": null }, "geometry": { "type": "Point", "coordinates": [ 37.25889195200017, 10.683773605000169 ] } },
{ "type": "Feature", "properties": { "adm_p_lvl": 3, "name": "Mekoy", "name_1": null, "name_2": null, "name_3": null, "loc_pcode": null, "x_coord": 39.78121688, "y_coord": 10.69682751, "adm3_name": "Antsokiya", "adm3_name1": null, "adm3_name2": null, "adm3_name3": null, "adm3_pcode": "ET030507", "adm2_name": "North Shewa (AM)", "adm2_name1": null, "adm2_name2": null, "adm2_name3": null, "adm2_pcode": "ET0305", "adm1_name": "Amhara", "adm1_name1": null, "adm1_name2": null, "adm1_name3": null, "adm1_pcode": "ET03", "adm0_name": null, "adm0_name1": null, "adm0_name2": null, "adm0_name3": null, "adm0_pcode": null, "valid_on": "2025-01-01", "valid_to": null, "version": "v04", "name_lng": "en", "name_lng1": null, "name_lng2": null, "name_lng3": null }, "geometry": { "type": "Point", "coordinates": [ 39.781216876000144, 10.696827512000141 ] } },
{ "type": "Feature", "properties": { "adm_p_lvl": 3, "name": "Weyinamba", "name_1": null, "name_2": null, "name_3": null, "loc_pcode": null, "x_coord": 39.26973998, "y_coord": 10.70256737, "adm3_name": "Legehida", "adm3_name1": null, "adm3_name2": null, "adm3_name3": null, "adm3_pcode": "ET030420", "adm2_name": "South Wello", "adm2_name1": null, "adm2_name2": null, "adm2_name3": null, "adm2_pcode": "ET0304", "adm1_name": "Amhara", "adm1_name1": null, "adm1_name2": null, "adm1_name3": null, "adm1_pcode": "ET03", "adm0_name": null, "adm0_name1": null, "adm0_name2": null, "adm0_name3": null, "adm0_pcode": null, "valid_on": "2025-01-01", "valid_to": null, "version": "v04", "name_lng": "en", "name_lng1": null, "name_lng2": null, "name_lng3": null }, "geometry": { "type": "Point", "coordinates": [ 39.269739983000193, 10.70256737200009 ] } },
{ "type": "Feature", "properties": { "adm_p_lvl": 3, "name": "Bure", "name_1": null, "name_2": null, "name_3": null, "loc_pcode": null, "x_coord": 37.06010536, "y_coord": 10.7038233, "adm3_name": "Bure town", "adm3_name1": null, "adm3_name2": null, "adm3_name3": null, "adm3_pcode": "ET030798", "adm2_name": "West Gojam", "adm2_name1": null, "adm2_name2": null, "adm2_name3": null, "adm2_pcode": "ET0307", "adm1_name": "Amhara", "adm1_name1": null, "adm1_name2": null, "adm1_name3": null, "adm1_pcode": "ET03", "adm0_name": null, "adm0_name1": null, "adm0_name2": null, "adm0_name3": null, "adm0_pcode": null, "valid_on": "2025-01-01", "valid_to": null, "version": "v04", "name_lng": "en", "name_lng1": null, "name_lng2": null, "name_lng3": null }, "geometry": { "type": "Point", "coordinates": [ 37.060105357000054, 10.70382330100017 ] } },
{ "type": "Feature", "properties": { "adm_p_lvl": 3, "name": "Qilaj", "name_1": null, "name_2": null, "name_3": null, "loc_pcode": null, "x_coord": 36.4902385, "y_coord": 10.70968697, "adm3_name": "Zigem", "adm3_name1": null, "adm3_name2": null, "adm3_name3": null, "adm3_pcode": "ET030997", "adm2_name": "Awi", "adm2_name1": null, "adm2_name2": null, "adm2_name3": null, "adm2_pcode": "ET0309", "adm1_name": "Amhara", "adm1_name1": null, "adm1_name2": null, "adm1_name3": null, "adm1_pcode": "ET03", "adm0_name": null, "adm0_name1": null, "adm0_name2": null, "adm0_name3": null, "adm0_pcode": null, "valid_on": "2025-01-01", "valid_to": null, "version": "v04", "name_lng": "en", "name_lng1": null, "name_lng2": null, "name_lng3": null }, "geometry": { "type": "Point", "coordinates": [ 36.490238503000114, 10.709686971 ] } },
{ "type": "Feature", "properties": { "adm_p_lvl": 2, "name": "Kemisie", "name_1": null, "name_2": null, "name_3": null, "loc_pcode": null, "x_coord": 39.8729806, "y_coord": 10.71957352, "adm3_name": "Kemisie town", "adm3_name1": null, "adm3_name2": null, "adm3_name3": null, "adm3_pcode": "ET031006", "adm2_name": "Oromia", "adm2_name1": null, "adm2_name2": null, "adm2_name3": null, "adm2_pcode": "ET0310", "adm1_name": "Amhara", "adm1_name1": null, "adm1_name2": null, "adm1_name3": null, "adm1_pcode": "ET03", "adm0_name": null, "adm0_name1": null, "adm0_name2": null, "adm0_name3": null, "adm0_pcode": null, "valid_on": "2025-01-01", "valid_to": null, "version": "v04", "name_lng": "en", "name_lng1": null, "name_lng2": null, "name_lng3": null }, "geometry": { "type": "Point", "coordinates": [ 39.872980601000108, 10.719573523 ] } },
{ "type": "Feature", "properties": { "adm_p_lvl": 3, "name": "Mekane Selam", "name_1": null, "name_2": null, "name_3": null, "loc_pcode": null, "x_coord": 38.76021007, "y_coord": 10.74999509, "adm3_name": "Borena /Debresina", "adm3_name1": null, "adm3_name2": null, "adm3_name3": null, "adm3_pcode": "ET030412", "adm2_name": "South Wello", "adm2_name1": null, "adm2_name2": null, "adm2_name3": null, "adm2_pcode": "ET0304", "adm1_name": "Amhara", "adm1_name1": null, "adm1_name2": null, "adm1_name3": null, "adm1_pcode": "ET03", "adm0_name": null, "adm0_name1": null, "adm0_name2": null, "adm0_name3": null, "adm0_pcode": null, "valid_on": "2025-01-01", "valid_to": null, "version": "v04", "name_lng": "en", "name_lng1": null, "name_lng2": null, "name_lng3": null }, "geometry": { "type": "Point", "coordinates": [ 38.760210068000049, 10.749995089000038 ] } },
{ "type": "Feature", "properties": { "adm_p_lvl": 3, "name": "Aysha", "name_1": null, "name_2": null, "name_3": null, "loc_pcode": null, "x_coord": 42.57177538, "y_coord": 10.75188163, "adm3_name": "Ayisha", "adm3_name1": null, "adm3_name2": null, "adm3_name3": null, "adm3_pcode": "ET050101", "adm2_name": "Siti", "adm2_name1": null, "adm2_name2": null, "adm2_name3": null, "adm2_pcode": "ET0501", "adm1_name": "Somali", "adm1_name1": null, "adm1_name2": null, "adm1_name3": null, "adm1_pcode": "ET05", "adm0_name": null, "adm0_name1": null, "adm0_name2": null, "adm0_name3": null, "adm0_pcode": null, "valid_on": "2025-01-01", "valid_to": null, "version": "v04", "name_lng": "en", "name_lng1": null, "name_lng2": null, "name_lng3": null }, "geometry": { "type": "Point", "coordinates": [ 42.571775378000041, 10.751881631000174 ] } },
{ "type": "Feature", "properties": { "adm_p_lvl": 3, "name": "Wedarage", "name_1": null, "name_2": null, "name_3": null, "loc_pcode": null, "x_coord": 40.18094388, "y_coord": 10.81150061, "adm3_name": "Dawe", "adm3_name1": null, "adm3_name2": null, "adm3_name3": null, "adm3_pcode": "ET020503", "adm2_name": "Hari /Zone 5", "adm2_name1": null, "adm2_name2": null, "adm2_name3": null, "adm2_pcode": "ET0205", "adm1_name": "Afar", "adm1_name1": null, "adm1_name2": null, "adm1_name3": null, "adm1_pcode": "ET02", "adm0_name": null, "adm0_name1": null, "adm0_name2": null, "adm0_name3": null, "adm0_pcode": null, "valid_on": "2025-01-01", "valid_to": null, "version": "v04", "name_lng": "en", "name_lng1": null, "name_lng2": null, "name_lng3": null }, "geometry": { "type": "Point", "coordinates": [ 40.180943879000154, 10.81150061 ] } },
{ "type": "Feature", "properties": { "adm_p_lvl": 3, "name": "Feres Bet", "name_1": null, "name_2": null, "name_3": null, "loc_pcode": null, "x_coord": 37.594898, "y_coord": 10.84869, "adm3_name": "Dega Damot", "adm3_name1": null, "adm3_name2": null, "adm3_name3": null, "adm3_pcode": "ET030707", "adm2_name": "West Gojam", "adm2_name1": null, "adm2_name2": null, "adm2_name3": null, "adm2_pcode": "ET0307", "adm1_name": "Amhara", "adm1_name1": null, "adm1_name2": null, "adm1_name3": null, "adm1_pcode": "ET03", "adm0_name": null, "adm0_name1": null, "adm0_name2": null, "adm0_name3": null, "adm0_pcode": null, "valid_on": "2025-01-01", "valid_to": null, "version": "v04", "name_lng": "en", "name_lng1": null, "name_lng2": null, "name_lng3": null }, "geometry": { "type": "Point", "coordinates": [ 37.594898, 10.84869 ] } },
{ "type": "Feature", "properties": { "adm_p_lvl": 3, "name": "Digua Tseyon", "name_1": null, "name_2": null, "name_3": null, "loc_pcode": null, "x_coord": 37.7389889, "y_coord": 10.85049116, "adm3_name": "Bibugn", "adm3_name1": null, "adm3_name2": null, "adm3_name3": null, "adm3_pcode": "ET030601", "adm2_name": "East Gojam", "adm2_name1": null, "adm2_name2": null, "adm2_name3": null, "adm2_pcode": "ET0306", "adm1_name": "Amhara", "adm1_name1": null, "adm1_name2": null, "adm1_name3": null, "adm1_pcode": "ET03", "adm0_name": null, "adm0_name1": null, "adm0_name2": null, "adm0_name3": null, "adm0_pcode": null, "valid_on": "2025-01-01", "valid_to": null, "version": "v04", "name_lng": "en", "name_lng1": null, "name_lng2": null, "name_lng3": null }, "geometry": { "type": "Point", "coordinates": [ 37.738988903000063, 10.850491155000157 ] } },
{ "type": "Feature", "properties": { "adm_p_lvl": 3, "name": "Agew Gimija Bet", "name_1": null, "name_2": null, "name_3": null, "loc_pcode": null, "x_coord": 36.89556364, "y_coord": 10.85125179, "adm3_name": "Agew Gimija Bet town", "adm3_name1": null, "adm3_name2": null, "adm3_name3": null, "adm3_pcode": "ET030909", "adm2_name": "Awi", "adm2_name1": null, "adm2_name2": null, "adm2_name3": null, "adm2_pcode": "ET0309", "adm1_name": "Amhara", "adm1_name1": null, "adm1_name2": null, "adm1_name3": null, "adm1_pcode": "ET03", "adm0_name": null, "adm0_name1": null, "adm0_name2": null, "adm0_name3": null, "adm0_pcode": null, "valid_on": "2025-01-01", "valid_to": null, "version": "v04", "name_lng": "en", "name_lng1": null, "name_lng2": null, "name_lng3": null }, "geometry": { "type": "Point", "coordinates": [ 36.895563638000056, 10.851251785000045 ] } },
{ "type": "Feature", "properties": { "adm_p_lvl": 3, "name": "Tilili", "name_1": null, "name_2": null, "name_3": null, "loc_pcode": null, "x_coord": 37.02191711, "y_coord": 10.85185461, "adm3_name": "Tilili town", "adm3_name1": null, "adm3_name2": null, "adm3_name3": null, "adm3_pcode": "ET030911", "adm2_name": "Awi", "adm2_name1": null, "adm2_name2": null, "adm2_name3": null, "adm2_pcode": "ET0309", "adm1_name": "Amhara", "adm1_name1": null, "adm1_name2": null, "adm1_name3": null, "adm1_pcode": "ET03", "adm0_name": null, "adm0_name1": null, "adm0_name2": null, "adm0_name3": null, "adm0_pcode": null, "valid_on": "2025-01-01", "valid_to": null, "version": "v04", "name_lng": "en", "name_lng1": null, "name_lng2": null, "name_lng3": null }, "geometry": { "type": "Point", "coordinates": [ 37.021917107000149, 10.851854614000104 ] } },
{ "type": "Feature", "properties": { "adm_p_lvl": 3, "name": "Akeseta", "name_1": null, "name_2": null, "name_3": null, "loc_pcode": null, "x_coord": 39.18084936, "y_coord": 10.86463442, "adm3_name": "Akeseta town", "adm3_name1": null, "adm3_name2": null, "adm3_name3": null, "adm3_pcode": "ET030427", "adm2_name": "South Wello", "adm2_name1": null, "adm2_name2": null, "adm2_name3": null, "adm2_pcode": "ET0304", "adm1_name": "Amhara", "adm1_name1": null, "adm1_name2": null, "adm1_name3": null, "adm1_pcode": "ET03", "adm0_name": null, "adm0_name1": null, "adm0_name2": null, "adm0_name3": null, "adm0_pcode": null, "valid_on": "2025-01-01", "valid_to": null, "version": "v04", "name_lng": "en", "name_lng1": null, "name_lng2": null, "name_lng3": null }, "geometry": { "type": "Point", "coordinates": [ 39.180849361000185, 10.864634415000126 ] } },
{ "type": "Feature", "properties": { "adm_p_lvl": 3, "name": "Merto Lemariyam", "name_1": null, "name_2": null, "name_3": null, "loc_pcode": null, "x_coord": 38.27415983, "y_coord": 10.86971051, "adm3_name": "Merto Lemariyam town", "adm3_name1": null, "adm3_name2": null, "adm3_name3": null, "adm3_pcode": "ET030623", "adm2_name": "East Gojam", "adm2_name1": null, "adm2_name2": null, "adm2_name3": null, "adm2_pcode": "ET0306", "adm1_name": "Amhara", "adm1_name1": null, "adm1_name2": null, "adm1_name3": null, "adm1_pcode": "ET03", "adm0_name": null, "adm0_name1": null, "adm0_name2": null, "adm0_name3": null, "adm0_pcode": null, "valid_on": "2025-01-01", "valid_to": null, "version": "v04", "name_lng": "en", "name_lng1": null, "name_lng2": null, "name_lng3": null }, "geometry": { "type": "Point", "coordinates": [ 38.274159829000155, 10.869710511000164 ] } },
{ "type": "Feature", "properties": { "adm_p_lvl": 3, "name": "Medina", "name_1": null, "name_2": null, "name_3": null, "loc_pcode": null, "x_coord": 40.00555154, "y_coord": 10.92079395, "adm3_name": "Argoba", "adm3_name1": null, "adm3_name2": null, "adm3_name3": null, "adm3_pcode": "ET030401", "adm2_name": "South Wello", "adm2_name1": null, "adm2_name2": null, "adm2_name3": null, "adm2_pcode": "ET0304", "adm1_name": "Amhara", "adm1_name1": null, "adm1_name2": null, "adm1_name3": null, "adm1_pcode": "ET03", "adm0_name": null, "adm0_name1": null, "adm0_name2": null, "adm0_name3": null, "adm0_pcode": null, "valid_on": "2025-01-01", "valid_to": null, "version": "v04", "name_lng": "en", "name_lng1": null, "name_lng2": null, "name_lng3": null }, "geometry": { "type": "Point", "coordinates": [ 40.005551543000081, 10.92079394600006 ] } },
{ "type": "Feature", "properties": { "adm_p_lvl": 3, "name": "Harbu", "name_1": null, "name_2": null, "name_3": null, "loc_pcode": null, "x_coord": 39.7841354, "y_coord": 10.92254452, "adm3_name": "Harbu town", "adm3_name1": null, "adm3_name2": null, "adm3_name3": null, "adm3_pcode": "ET030429", "adm2_name": "South Wello", "adm2_name1": null, "adm2_name2": null, "adm2_name3": null, "adm2_pcode": "ET0304", "adm1_name": "Amhara", "adm1_name1": null, "adm1_name2": null, "adm1_name3": null, "adm1_pcode": "ET03", "adm0_name": null, "adm0_name1": null, "adm0_name2": null, "adm0_name3": null, "adm0_pcode": null, "valid_on": "2025-01-01", "valid_to": null, "version": "v04", "name_lng": "en", "name_lng1": null, "name_lng2": null, "name_lng3": null }, "geometry": { "type": "Point", "coordinates": [ 39.784135402000061, 10.922544517000063 ] } },
{ "type": "Feature", "properties": { "adm_p_lvl": 3, "name": "Gundwoin", "name_1": null, "name_2": null, "name_3": null, "loc_pcode": null, "x_coord": 38.08797693, "y_coord": 10.92422236, "adm3_name": "Gundwoin town", "adm3_name1": null, "adm3_name2": null, "adm3_name3": null, "adm3_pcode": "ET030620", "adm2_name": "East Gojam", "adm2_name1": null, "adm2_name2": null, "adm2_name3": null, "adm2_pcode": "ET0306", "adm1_name": "Amhara", "adm1_name1": null, "adm1_name2": null, "adm1_name3": null, "adm1_pcode": "ET03", "adm0_name": null, "adm0_name1": null, "adm0_name2": null, "adm0_name3": null, "adm0_pcode": null, "valid_on": "2025-01-01", "valid_to": null, "version": "v04", "name_lng": "en", "name_lng1": null, "name_lng2": null, "name_lng3": null }, "geometry": { "type": "Point", "coordinates": [ 38.087976934000153, 10.924222364000059 ] } },
{ "type": "Feature", "properties": { "adm_p_lvl": 3, "name": "Chagni", "name_1": null, "name_2": null, "name_3": null, "loc_pcode": null, "x_coord": 36.50684397, "y_coord": 10.95501645, "adm3_name": "Chagni town", "adm3_name1": null, "adm3_name2": null, "adm3_name3": null, "adm3_pcode": "ET030999", "adm2_name": "Awi", "adm2_name1": null, "adm2_name2": null, "adm2_name3": null, "adm2_pcode": "ET0309", "adm1_name": "Amhara", "adm1_name1": null, "adm1_name2": null, "adm1_name3": null, "adm1_pcode": "ET03", "adm0_name": null, "adm0_name1": null, "adm0_name2": null, "adm0_name3": null, "adm0_pcode": null, "valid_on": "2025-01-01", "valid_to": null, "version": "v04", "name_lng": "en", "name_lng1": null, "name_lng2": null, "name_lng3": null }, "geometry": { "type": "Point", "coordinates": [ 36.506843972000183, 10.955016445000069 ] } },
{ "type": "Feature", "properties": { "adm_p_lvl": 2, "name": "Enjebara", "name_1": null, "name_2": null, "name_3": null, "loc_pcode": null, "x_coord": 36.9346806, "y_coord": 10.95513784, "adm3_name": "Injibara town", "adm3_name1": null, "adm3_name2": null, "adm3_name3": null, "adm3_pcode": "ET030996", "adm2_name": "Awi", "adm2_name1": null, "adm2_name2": null, "adm2_name3": null, "adm2_pcode": "ET0309", "adm1_name": "Amhara", "adm1_name1": null, "adm1_name2": null, "adm1_name3": null, "adm1_pcode": "ET03", "adm0_name": null, "adm0_name1": null, "adm0_name2": null, "adm0_name3": null, "adm0_pcode": null, "valid_on": "2025-01-01", "valid_to": null, "version": "v04", "name_lng": "en", "name_lng1": null, "name_lng2": null, "name_lng3": null }, "geometry": { "type": "Point", "coordinates": [ 36.934680602000128, 10.955137844000092 ] } },
{ "type": "Feature", "properties": { "adm_p_lvl": 3, "name": "Gesh Abai Michael", "name_1": null, "name_2": null, "name_3": null, "loc_pcode": null, "x_coord": 37.21777754, "y_coord": 10.99113936, "adm3_name": "Sekela", "adm3_name1": null, "adm3_name2": null, "adm3_name3": null, "adm3_pcode": "ET030705", "adm2_name": "West Gojam", "adm2_name1": null, "adm2_name2": null, "adm2_name3": null, "adm2_pcode": "ET0307", "adm1_name": "Amhara", "adm1_name1": null, "adm1_name2": null, "adm1_name3": null, "adm1_pcode": "ET03", "adm0_name": null, "adm0_name1": null, "adm0_name2": null, "adm0_name3": null, "adm0_pcode": null, "valid_on": "2025-01-01", "valid_to": null, "version": "v04", "name_lng": "en", "name_lng1": null, "name_lng2": null, "name_lng3": null }, "geometry": { "type": "Point", "coordinates": [ 37.217777542000078, 10.991139360999966 ] } },
{ "type": "Feature", "properties": { "adm_p_lvl": 3, "name": "Gebez Maryam", "name_1": null, "name_2": null, "name_3": null, "loc_pcode": null, "x_coord": 37.42316912, "y_coord": 10.99663971, "adm3_name": "Quarit", "adm3_name1": null, "adm3_name2": null, "adm3_name3": null, "adm3_pcode": "ET030706", "adm2_name": "West Gojam", "adm2_name1": null, "adm2_name2": null, "adm2_name3": null, "adm2_pcode": "ET0307", "adm1_name": "Amhara", "adm1_name1": null, "adm1_name2": null, "adm1_name3": null, "adm1_pcode": "ET03", "adm0_name": null, "adm0_name1": null, "adm0_name2": null, "adm0_name3": null, "adm0_pcode": null, "valid_on": "2025-01-01", "valid_to": null, "version": "v04", "name_lng": "en", "name_lng1": null, "name_lng2": null, "name_lng3": null }, "geometry": { "type": "Point", "coordinates": [ 37.423169115000121, 10.996639708999965 ] } },
{ "type": "Feature", "properties": { "adm_p_lvl": 3, "name": "Ajibar", "name_1": null, "name_2": null, "name_3": null, "loc_pcode": null, "x_coord": 38.76862631, "y_coord": 11.03175044, "adm3_name": "Sayint", "adm3_name1": null, "adm3_name2": null, "adm3_name3": null, "adm3_pcode": "ET030411", "adm2_name": "South Wello", "adm2_name1": null, "adm2_name2": null, "adm2_name3": null, "adm2_pcode": "ET0304", "adm1_name": "Amhara", "adm1_name1": null, "adm1_name2": null, "adm1_name3": null, "adm1_pcode": "ET03", "adm0_name": null, "adm0_name1": null, "adm0_name2": null, "adm0_name3": null, "adm0_pcode": null, "valid_on": "2025-01-01", "valid_to": null, "version": "v04", "name_lng": "en", "name_lng1": null, "name_lng2": null, "name_lng3": null }, "geometry": { "type": "Point", "coordinates": [ 38.768626309000183, 11.031750438000074 ] } },
{ "type": "Feature", "properties": { "adm_p_lvl": 3, "name": "Kombolcha", "name_1": null, "name_2": null, "name_3": null, "loc_pcode": null, "x_coord": 39.74369, "y_coord": 11.08005, "adm3_name": "Kombolcha town", "adm3_name1": null, "adm3_name2": null, "adm3_name3": null, "adm3_pcode": "ET030417", "adm2_name": "South Wello", "adm2_name1": null, "adm2_name2": null, "adm2_name3": null, "adm2_pcode": "ET0304", "adm1_name": "Amhara", "adm1_name1": null, "adm1_name2": null, "adm1_name3": null, "adm1_pcode": "ET03", "adm0_name": null, "adm0_name1": null, "adm0_name2": null, "adm0_name3": null, "adm0_pcode": null, "valid_on": "2025-01-01", "valid_to": null, "version": "v04", "name_lng": "en", "name_lng1": null, "name_lng2": null, "name_lng3": null }, "geometry": { "type": "Point", "coordinates": [ 39.74369, 11.080050000000142 ] } },
{ "type": "Feature", "properties": { "adm_p_lvl": 3, "name": "Mota", "name_1": null, "name_2": null, "name_3": null, "loc_pcode": null, "x_coord": 37.87308889, "y_coord": 11.07994167, "adm3_name": "Mota town", "adm3_name1": null, "adm3_name2": null, "adm3_name3": null, "adm3_pcode": "ET030694", "adm2_name": "East Gojam", "adm2_name1": null, "adm2_name2": null, "adm2_name3": null, "adm2_pcode": "ET0306", "adm1_name": "Amhara", "adm1_name1": null, "adm1_name2": null, "adm1_name3": null, "adm1_pcode": "ET03", "adm0_name": null, "adm0_name1": null, "adm0_name2": null, "adm0_name3": null, "adm0_pcode": null, "valid_on": "2025-01-01", "valid_to": null, "version": "v04", "name_lng": "en", "name_lng1": null, "name_lng2": null, "name_lng3": null }, "geometry": { "type": "Point", "coordinates": [ 37.873088889000087, 11.079941667000185 ] } },
{ "type": "Feature", "properties": { "adm_p_lvl": 3, "name": "Addis Kidame", "name_1": null, "name_2": null, "name_3": null, "loc_pcode": null, "x_coord": 36.885311, "y_coord": 11.07891, "adm3_name": "Adiss Kidame town", "adm3_name1": null, "adm3_name2": null, "adm3_name3": null, "adm3_pcode": "ET030910", "adm2_name": "Awi", "adm2_name1": null, "adm2_name2": null, "adm2_name3": null, "adm2_pcode": "ET0309", "adm1_name": "Amhara", "adm1_name1": null, "adm1_name2": null, "adm1_name3": null, "adm1_pcode": "ET03", "adm0_name": null, "adm0_name1": null, "adm0_name2": null, "adm0_name3": null, "adm0_pcode": null, "valid_on": "2025-01-01", "valid_to": null, "version": "v04", "name_lng": "en", "name_lng1": null, "name_lng2": null, "name_lng3": null }, "geometry": { "type": "Point", "coordinates": [ 36.885311000000172, 11.078910000000178 ] } },
{ "type": "Feature", "properties": { "adm_p_lvl": 2, "name": "Dessie", "name_1": null, "name_2": null, "name_3": null, "loc_pcode": null, "x_coord": 39.631321, "y_coord": 11.12813, "adm3_name": "Dessie town", "adm3_name1": null, "adm3_name2": null, "adm3_name3": null, "adm3_pcode": "ET030418", "adm2_name": "South Wello", "adm2_name1": null, "adm2_name2": null, "adm2_name3": null, "adm2_pcode": "ET0304", "adm1_name": "Amhara", "adm1_name1": null, "adm1_name2": null, "adm1_name3": null, "adm1_pcode": "ET03", "adm0_name": null, "adm0_name1": null, "adm0_name2": null, "adm0_name3": null, "adm0_pcode": null, "valid_on": "2025-01-01", "valid_to": null, "version": "v04", "name_lng": "en", "name_lng1": null, "name_lng2": null, "name_lng3": null }, "geometry": { "type": "Point", "coordinates": [ 39.631321, 11.128130000000169 ] } },
{ "type": "Feature", "properties": { "adm_p_lvl": 3, "name": "Bati", "name_1": null, "name_2": null, "name_3": null, "loc_pcode": null, "x_coord": 40.02022895, "y_coord": 11.19058, "adm3_name": "Bati town", "adm3_name1": null, "adm3_name2": null, "adm3_name3": null, "adm3_pcode": "ET031099", "adm2_name": "Oromia", "adm2_name1": null, "adm2_name2": null, "adm2_name3": null, "adm2_pcode": "ET0310", "adm1_name": "Amhara", "adm1_name1": null, "adm1_name2": null, "adm1_name3": null, "adm1_pcode": "ET03", "adm0_name": null, "adm0_name1": null, "adm0_name2": null, "adm0_name3": null, "adm0_pcode": null, "valid_on": "2025-01-01", "valid_to": null, "version": "v04", "name_lng": "en", "name_lng1": null, "name_lng2": null, "name_lng3": null }, "geometry": { "type": "Point", "coordinates": [ 40.020228948000067, 11.190579995000121 ] } },
{ "type": "Feature", "properties": { "adm_p_lvl": 3, "name": "Gonji", "name_1": null, "name_2": null, "name_3": null, "loc_pcode": null, "x_coord": 37.6758169, "y_coord": 11.21868225, "adm3_name": "Gonje", "adm3_name1": null, "adm3_name2": null, "adm3_name3": null, "adm3_pcode": "ET031307", "adm2_name": "North Gojam", "adm2_name1": null, "adm2_name2": null, "adm2_name3": null, "adm2_pcode": "ET0313", "adm1_name": "Amhara", "adm1_name1": null, "adm1_name2": null, "adm1_name3": null, "adm1_pcode": "ET03", "adm0_name": null, "adm0_name1": null, "adm0_name2": null, "adm0_name3": null, "adm0_pcode": null, "valid_on": "2025-01-01", "valid_to": null, "version": "v04", "name_lng": "en", "name_lng1": null, "name_lng2": null, "name_lng3": null }, "geometry": { "type": "Point", "coordinates": [ 37.675816902, 11.218682246000185 ] } },
{ "type": "Feature", "properties": { "adm_p_lvl": 3, "name": "Masha", "name_1": null, "name_2": null, "name_3": null, "loc_pcode": null, "x_coord": 39.06791759, "y_coord": 11.23533156, "adm3_name": "Mekdela", "adm3_name1": null, "adm3_name2": null, "adm3_name3": null, "adm3_pcode": "ET030421", "adm2_name": "South Wello", "adm2_name1": null, "adm2_name2": null, "adm2_name3": null, "adm2_pcode": "ET0304", "adm1_name": "Amhara", "adm1_name1": null, "adm1_name2": null, "adm1_name3": null, "adm1_pcode": "ET03", "adm0_name": null, "adm0_name1": null, "adm0_name2": null, "adm0_name3": null, "adm0_pcode": null, "valid_on": "2025-01-01", "valid_to": null, "version": "v04", "name_lng": "en", "name_lng1": null, "name_lng2": null, "name_lng3": null }, "geometry": { "type": "Point", "coordinates": [ 39.067917586000078, 11.235331562000169 ] } },
{ "type": "Feature", "properties": { "adm_p_lvl": 3, "name": "Dangila", "name_1": null, "name_2": null, "name_3": null, "loc_pcode": null, "x_coord": 36.84807248, "y_coord": 11.25923109, "adm3_name": "Dangila town", "adm3_name1": null, "adm3_name2": null, "adm3_name3": null, "adm3_pcode": "ET030998", "adm2_name": "Awi", "adm2_name1": null, "adm2_name2": null, "adm2_name3": null, "adm2_pcode": "ET0309", "adm1_name": "Amhara", "adm1_name1": null, "adm1_name2": null, "adm1_name3": null, "adm1_pcode": "ET03", "adm0_name": null, "adm0_name1": null, "adm0_name2": null, "adm0_name3": null, "adm0_pcode": null, "valid_on": "2025-01-01", "valid_to": null, "version": "v04", "name_lng": "en", "name_lng1": null, "name_lng2": null, "name_lng3": null }, "geometry": { "type": "Point", "coordinates": [ 36.848072477000187, 11.259231087000103 ] } },
{ "type": "Feature", "properties": { "adm_p_lvl": 3, "name": "Adete", "name_1": null, "name_2": null, "name_3": null, "loc_pcode": null, "x_coord": 37.48857111, "y_coord": 11.26371167, "adm3_name": "Adete town", "adm3_name1": null, "adm3_name2": null, "adm3_name3": null, "adm3_pcode": "ET031309", "adm2_name": "North Gojam", "adm2_name1": null, "adm2_name2": null, "adm2_name3": null, "adm2_pcode": "ET0313", "adm1_name": "Amhara", "adm1_name1": null, "adm1_name2": null, "adm1_name3": null, "adm1_pcode": "ET03", "adm0_name": null, "adm0_name1": null, "adm0_name2": null, "adm0_name3": null, "adm0_pcode": null, "valid_on": "2025-01-01", "valid_to": null, "version": "v04", "name_lng": "en", "name_lng1": null, "name_lng2": null, "name_lng3": null }, "geometry": { "type": "Point", "coordinates": [ 37.488571112000102, 11.263711667000109 ] } },
{ "type": "Feature", "properties": { "adm_p_lvl": 3, "name": "Kuta Ber", "name_1": null, "name_2": null, "name_3": null, "loc_pcode": null, "x_coord": 39.542969, "y_coord": 11.27272, "adm3_name": "Kutaber", "adm3_name1": null, "adm3_name2": null, "adm3_name3": null, "adm3_pcode": "ET030403", "adm2_name": "South Wello", "adm2_name1": null, "adm2_name2": null, "adm2_name3": null, "adm2_pcode": "ET0304", "adm1_name": "Amhara", "adm1_name1": null, "adm1_name2": null, "adm1_name3": null, "adm1_pcode": "ET03", "adm0_name": null, "adm0_name1": null, "adm0_name2": null, "adm0_name3": null, "adm0_pcode": null, "valid_on": "2025-01-01", "valid_to": null, "version": "v04", "name_lng": "en", "name_lng1": null, "name_lng2": null, "name_lng3": null }, "geometry": { "type": "Point", "coordinates": [ 39.542969, 11.27272 ] } },
{ "type": "Feature", "properties": { "adm_p_lvl": 3, "name": "Mankush", "name_1": null, "name_2": null, "name_3": null, "loc_pcode": null, "x_coord": 35.28604434, "y_coord": 11.2700595, "adm3_name": "Guba", "adm3_name1": null, "adm3_name2": null, "adm3_name3": null, "adm3_pcode": "ET060202", "adm2_name": "Metekel", "adm2_name1": null, "adm2_name2": null, "adm2_name3": null, "adm2_pcode": "ET0602", "adm1_name": "Benishangul-Gumuz", "adm1_name1": null, "adm1_name2": null, "adm1_name3": null, "adm1_pcode": "ET06", "adm0_name": null, "adm0_name1": null, "adm0_name2": null, "adm0_name3": null, "adm0_pcode": null, "valid_on": "2025-01-01", "valid_to": null, "version": "v04", "name_lng": "en", "name_lng1": null, "name_lng2": null, "name_lng3": null }, "geometry": { "type": "Point", "coordinates": [ 35.286044336000089, 11.270059502000151 ] } },
{ "type": "Feature", "properties": { "adm_p_lvl": 3, "name": "Haik", "name_1": null, "name_2": null, "name_3": null, "loc_pcode": null, "x_coord": 39.678261, "y_coord": 11.31272, "adm3_name": "Hike town", "adm3_name1": null, "adm3_name2": null, "adm3_name3": null, "adm3_pcode": "ET030499", "adm2_name": "South Wello", "adm2_name1": null, "adm2_name2": null, "adm2_name3": null, "adm2_pcode": "ET0304", "adm1_name": "Amhara", "adm1_name1": null, "adm1_name2": null, "adm1_name3": null, "adm1_pcode": "ET03", "adm0_name": null, "adm0_name1": null, "adm0_name2": null, "adm0_name3": null, "adm0_pcode": null, "valid_on": "2025-01-01", "valid_to": null, "version": "v04", "name_lng": "en", "name_lng1": null, "name_lng2": null, "name_lng3": null }, "geometry": { "type": "Point", "coordinates": [ 39.678261, 11.31272 ] } },
{ "type": "Feature", "properties": { "adm_p_lvl": 3, "name": "Tenta Ajibar", "name_1": null, "name_2": null, "name_3": null, "loc_pcode": null, "x_coord": 39.24843791, "y_coord": 11.3220113, "adm3_name": "Tenta", "adm3_name1": null, "adm3_name2": null, "adm3_name3": null, "adm3_pcode": "ET030402", "adm2_name": "South Wello", "adm2_name1": null, "adm2_name2": null, "adm2_name3": null, "adm2_pcode": "ET0304", "adm1_name": "Amhara", "adm1_name1": null, "adm1_name2": null, "adm1_name3": null, "adm1_pcode": "ET03", "adm0_name": null, "adm0_name1": null, "adm0_name2": null, "adm0_name3": null, "adm0_pcode": null, "valid_on": "2025-01-01", "valid_to": null, "version": "v04", "name_lng": "en", "name_lng1": null, "name_lng2": null, "name_lng3": null }, "geometry": { "type": "Point", "coordinates": [ 39.248437912000043, 11.322011301000146 ] } },
{ "type": "Feature", "properties": { "adm_p_lvl": 3, "name": "Bestima", "name_1": null, "name_2": null, "name_3": null, "loc_pcode": null, "x_coord": 39.77081511, "y_coord": 11.33782614, "adm3_name": "Worebabu", "adm3_name1": null, "adm3_name2": null, "adm3_name3": null, "adm3_pcode": "ET030422", "adm2_name": "South Wello", "adm2_name1": null, "adm2_name2": null, "adm2_name3": null, "adm2_pcode": "ET0304", "adm1_name": "Amhara", "adm1_name1": null, "adm1_name2": null, "adm1_name3": null, "adm1_pcode": "ET03", "adm0_name": null, "adm0_name1": null, "adm0_name2": null, "adm0_name3": null, "adm0_pcode": null, "valid_on": "2025-01-01", "valid_to": null, "version": "v04", "name_lng": "en", "name_lng1": null, "name_lng2": null, "name_lng3": null }, "geometry": { "type": "Point", "coordinates": [ 39.770815106000157, 11.337826138000082 ] } },
{ "type": "Feature", "properties": { "adm_p_lvl": 3, "name": "Dure Bete", "name_1": null, "name_2": null, "name_3": null, "loc_pcode": null, "x_coord": 36.95715403, "y_coord": 11.35786869, "adm3_name": "Dure Bete", "adm3_name1": null, "adm3_name2": null, "adm3_name3": null, "adm3_pcode": "ET031308", "adm2_name": "North Gojam", "adm2_name1": null, "adm2_name2": null, "adm2_name3": null, "adm2_pcode": "ET0313", "adm1_name": "Amhara", "adm1_name1": null, "adm1_name2": null, "adm1_name3": null, "adm1_pcode": "ET03", "adm0_name": null, "adm0_name1": null, "adm0_name2": null, "adm0_name3": null, "adm0_pcode": null, "valid_on": "2025-01-01", "valid_to": null, "version": "v04", "name_lng": "en", "name_lng1": null, "name_lng2": null, "name_lng3": null }, "geometry": { "type": "Point", "coordinates": [ 36.957154029000151, 11.357868691000135 ] } },
{ "type": "Feature", "properties": { "adm_p_lvl": 3, "name": "Wegada", "name_1": null, "name_2": null, "name_3": null, "loc_pcode": null, "x_coord": 38.23758044, "y_coord": 11.39749003, "adm3_name": "Wegeda town", "adm3_name1": null, "adm3_name2": null, "adm3_name3": null, "adm3_pcode": "ET030216", "adm2_name": "South Gondar", "adm2_name1": null, "adm2_name2": null, "adm2_name3": null, "adm2_pcode": "ET0302", "adm1_name": "Amhara", "adm1_name1": null, "adm1_name2": null, "adm1_name3": null, "adm1_pcode": "ET03", "adm0_name": null, "adm0_name1": null, "adm0_name2": null, "adm0_name3": null, "adm0_pcode": null, "valid_on": "2025-01-01", "valid_to": null, "version": "v04", "name_lng": "en", "name_lng1": null, "name_lng2": null, "name_lng3": null }, "geometry": { "type": "Point", "coordinates": [ 38.237580439000112, 11.397490030000029 ] } },
{ "type": "Feature", "properties": { "adm_p_lvl": 3, "name": "Welesh /Andabet", "name_1": null, "name_2": null, "name_3": null, "loc_pcode": null, "x_coord": 37.9548396, "y_coord": 11.4109148, "adm3_name": "Andabet/ West Esite", "adm3_name1": null, "adm3_name2": null, "adm3_name3": null, "adm3_pcode": "ET030211", "adm2_name": "South Gondar", "adm2_name1": null, "adm2_name2": null, "adm2_name3": null, "adm2_pcode": "ET0302", "adm1_name": "Amhara", "adm1_name1": null, "adm1_name2": null, "adm1_name3": null, "adm1_pcode": "ET03", "adm0_name": null, "adm0_name1": null, "adm0_name2": null, "adm0_name3": null, "adm0_pcode": null, "valid_on": "2025-01-01", "valid_to": null, "version": "v04", "name_lng": "en", "name_lng1": null, "name_lng2": null, "name_lng3": null }, "geometry": { "type": "Point", "coordinates": [ 37.954839600000071, 11.41091480100016 ] } },
{ "type": "Feature", "properties": { "adm_p_lvl": 3, "name": "Merawi", "name_1": null, "name_2": null, "name_3": null, "loc_pcode": null, "x_coord": 37.15833543, "y_coord": 11.41587224, "adm3_name": "Merawi town", "adm3_name1": null, "adm3_name2": null, "adm3_name3": null, "adm3_pcode": "ET031302", "adm2_name": "North Gojam", "adm2_name1": null, "adm2_name2": null, "adm2_name3": null, "adm2_pcode": "ET0313", "adm1_name": "Amhara", "adm1_name1": null, "adm1_name2": null, "adm1_name3": null, "adm1_pcode": "ET03", "adm0_name": null, "adm0_name1": null, "adm0_name2": null, "adm0_name3": null, "adm0_pcode": null, "valid_on": "2025-01-01", "valid_to": null, "version": "v04", "name_lng": "en", "name_lng1": null, "name_lng2": null, "name_lng3": null }, "geometry": { "type": "Point", "coordinates": [ 37.158335432000172, 11.415872240000056 ] } },
{ "type": "Feature", "properties": { "adm_p_lvl": 3, "name": "Mile", "name_1": null, "name_2": null, "name_3": null, "loc_pcode": null, "x_coord": 40.761223, "y_coord": 11.420041, "adm3_name": "Mile town", "adm3_name1": null, "adm3_name2": null, "adm3_name3": null, "adm3_pcode": "ET020112", "adm2_name": "Awsi /Zone 1", "adm2_name1": null, "adm2_name2": null, "adm2_name3": null, "adm2_pcode": "ET0201", "adm1_name": "Afar", "adm1_name1": null, "adm1_name2": null, "adm1_name3": null, "adm1_pcode": "ET02", "adm0_name": null, "adm0_name1": null, "adm0_name2": null, "adm0_name3": null, "adm0_pcode": null, "valid_on": "2025-01-01", "valid_to": null, "version": "v04", "name_lng": "en", "name_lng1": null, "name_lng2": null, "name_lng3": null }, "geometry": { "type": "Point", "coordinates": [ 40.761223000000143, 11.420041 ] } },
{ "type": "Feature", "properties": { "adm_p_lvl": 3, "name": "Wuchale", "name_1": null, "name_2": null, "name_3": null, "loc_pcode": null, "x_coord": 39.6083186, "y_coord": 11.5154379, "adm3_name": "Ambasel", "adm3_name1": null, "adm3_name2": null, "adm3_name3": null, "adm3_pcode": "ET030404", "adm2_name": "South Wello", "adm2_name1": null, "adm2_name2": null, "adm2_name3": null, "adm2_pcode": "ET0304", "adm1_name": "Amhara", "adm1_name1": null, "adm1_name2": null, "adm1_name3": null, "adm1_pcode": "ET03", "adm0_name": null, "adm0_name1": null, "adm0_name2": null, "adm0_name3": null, "adm0_pcode": null, "valid_on": "2025-01-01", "valid_to": null, "version": "v04", "name_lng": "en", "name_lng1": null, "name_lng2": null, "name_lng3": null }, "geometry": { "type": "Point", "coordinates": [ 39.608318596000174, 11.515437903000077 ] } },
{ "type": "Feature", "properties": { "adm_p_lvl": 3, "name": "Arb Gebeya", "name_1": null, "name_2": null, "name_3": null, "loc_pcode": null, "x_coord": 38.666667, "y_coord": 11.516667, "adm3_name": "Tach Gayint", "adm3_name1": null, "adm3_name2": null, "adm3_name3": null, "adm3_pcode": "ET030206", "adm2_name": "South Gondar", "adm2_name1": null, "adm2_name2": null, "adm2_name3": null, "adm2_pcode": "ET0302", "adm1_name": "Amhara", "adm1_name1": null, "adm1_name2": null, "adm1_name3": null, "adm1_pcode": "ET03", "adm0_name": null, "adm0_name1": null, "adm0_name2": null, "adm0_name3": null, "adm0_pcode": null, "valid_on": "2025-01-01", "valid_to": null, "version": "v04", "name_lng": "en", "name_lng1": null, "name_lng2": null, "name_lng3": null }, "geometry": { "type": "Point", "coordinates": [ 38.666667000000189, 11.516667 ] } },
{ "type": "Feature", "properties": { "adm_p_lvl": 3, "name": "Afambo", "name_1": null, "name_2": null, "name_3": null, "loc_pcode": null, "x_coord": 41.58265417, "y_coord": 11.52066183, "adm3_name": "Afambo", "adm3_name1": null, "adm3_name2": null, "adm3_name3": null, "adm3_pcode": "ET020104", "adm2_name": "Awsi /Zone 1", "adm2_name1": null, "adm2_name2": null, "adm2_name3": null, "adm2_pcode": "ET0201", "adm1_name": "Afar", "adm1_name1": null, "adm1_name2": null, "adm1_name3": null, "adm1_pcode": "ET02", "adm0_name": null, "adm0_name1": null, "adm0_name2": null, "adm0_name3": null, "adm0_pcode": null, "valid_on": "2025-01-01", "valid_to": null, "version": "v04", "name_lng": "en", "name_lng1": null, "name_lng2": null, "name_lng3": null }, "geometry": { "type": "Point", "coordinates": [ 41.582654170000126, 11.52066183400018 ] } },
{ "type": "Feature", "properties": { "adm_p_lvl": 3, "name": "Fendka", "name_1": null, "name_2": null, "name_3": null, "loc_pcode": null, "x_coord": 36.48945837, "y_coord": 11.56670229, "adm3_name": "Fendika town", "adm3_name1": null, "adm3_name2": null, "adm3_name3": null, "adm3_pcode": "ET030912", "adm2_name": "Awi", "adm2_name1": null, "adm2_name2": null, "adm2_name3": null, "adm2_pcode": "ET0309", "adm1_name": "Amhara", "adm1_name1": null, "adm1_name2": null, "adm1_name3": null, "adm1_pcode": "ET03", "adm0_name": null, "adm0_name1": null, "adm0_name2": null, "adm0_name3": null, "adm0_pcode": null, "valid_on": "2025-01-01", "valid_to": null, "version": "v04", "name_lng": "en", "name_lng1": null, "name_lng2": null, "name_lng3": null }, "geometry": { "type": "Point", "coordinates": [ 36.48945836900009, 11.566702290000023 ] } },
{ "type": "Feature", "properties": { "adm_p_lvl": 2, "name": "Asayita", "name_1": null, "name_2": null, "name_3": null, "loc_pcode": null, "x_coord": 41.43365392, "y_coord": 11.57443921, "adm3_name": "Asayita town", "adm3_name1": null, "adm3_name2": null, "adm3_name3": null, "adm3_pcode": "ET020111", "adm2_name": "Awsi /Zone 1", "adm2_name1": null, "adm2_name2": null, "adm2_name3": null, "adm2_pcode": "ET0201", "adm1_name": "Afar", "adm1_name1": null, "adm1_name2": null, "adm1_name3": null, "adm1_pcode": "ET02", "adm0_name": null, "adm0_name1": null, "adm0_name2": null, "adm0_name3": null, "adm0_pcode": null, "valid_on": "2025-01-01", "valid_to": null, "version": "v04", "name_lng": "en", "name_lng1": null, "name_lng2": null, "name_lng3": null }, "geometry": { "type": "Point", "coordinates": [ 41.43365392000004, 11.574439210000151 ] } },
{ "type": "Feature", "properties": { "adm_p_lvl": 3, "name": "Wegel Tena", "name_1": null, "name_2": null, "name_3": null, "loc_pcode": null, "x_coord": 39.21667479, "y_coord": 11.59344978, "adm3_name": "Wegel tena town", "adm3_name1": null, "adm3_name2": null, "adm3_name3": null, "adm3_pcode": "ET030424", "adm2_name": "South Wello", "adm2_name1": null, "adm2_name2": null, "adm2_name3": null, "adm2_pcode": "ET0304", "adm1_name": "Amhara", "adm1_name1": null, "adm1_name2": null, "adm1_name3": null, "adm1_pcode": "ET03", "adm0_name": null, "adm0_name1": null, "adm0_name2": null, "adm0_name3": null, "adm0_pcode": null, "valid_on": "2025-01-01", "valid_to": null, "version": "v04", "name_lng": "en", "name_lng1": null, "name_lng2": null, "name_lng3": null }, "geometry": { "type": "Point", "coordinates": [ 39.216674786000112, 11.593449778000149 ] } },
{ "type": "Feature", "properties": { "adm_p_lvl": 1, "name": "Bahir Dar", "name_1": null, "name_2": null, "name_3": null, "loc_pcode": null, "x_coord": 37.38705681, "y_coord": 11.59180284, "adm3_name": "Bahir Dar town", "adm3_name1": null, "adm3_name2": null, "adm3_name3": null, "adm3_pcode": "ET031401", "adm2_name": "Bahir Dar town Admin", "adm2_name1": null, "adm2_name2": null, "adm2_name3": null, "adm2_pcode": "ET0314", "adm1_name": "Amhara", "adm1_name1": null, "adm1_name2": null, "adm1_name3": null, "adm1_pcode": "ET03", "adm0_name": null, "adm0_name1": null, "adm0_name2": null, "adm0_name3": null, "adm0_pcode": null, "valid_on": "2025-01-01", "valid_to": null, "version": "v04", "name_lng": "en", "name_lng1": null, "name_lng2": null, "name_lng3": null }, "geometry": { "type": "Point", "coordinates": [ 37.387056807000192, 11.591802842000106 ] } },
{ "type": "Feature", "properties": { "adm_p_lvl": 3, "name": "Chifra", "name_1": null, "name_2": null, "name_3": null, "loc_pcode": null, "x_coord": 40.01602167, "y_coord": 11.60158333, "adm3_name": "Chifra town", "adm3_name1": null, "adm3_name2": null, "adm3_name3": null, "adm3_pcode": "ET020113", "adm2_name": "Awsi /Zone 1", "adm2_name1": null, "adm2_name2": null, "adm2_name3": null, "adm2_pcode": "ET0201", "adm1_name": "Afar", "adm1_name1": null, "adm1_name2": null, "adm1_name3": null, "adm1_pcode": "ET02", "adm0_name": null, "adm0_name1": null, "adm0_name2": null, "adm0_name3": null, "adm0_pcode": null, "valid_on": "2025-01-01", "valid_to": null, "version": "v04", "name_lng": "en", "name_lng1": null, "name_lng2": null, "name_lng3": null }, "geometry": { "type": "Point", "coordinates": [ 40.016021667000075, 11.601583333000121 ] } },
{ "type": "Feature", "properties": { "adm_p_lvl": 3, "name": "Kon", "name_1": null, "name_2": null, "name_3": null, "loc_pcode": null, "x_coord": 38.93120337, "y_coord": 11.6072079, "adm3_name": "Wadla", "adm3_name1": null, "adm3_name2": null, "adm3_name3": null, "adm3_pcode": "ET030305", "adm2_name": "North Wello", "adm2_name1": null, "adm2_name2": null, "adm2_name3": null, "adm2_pcode": "ET0303", "adm1_name": "Amhara", "adm1_name1": null, "adm1_name2": null, "adm1_name3": null, "adm1_pcode": "ET03", "adm0_name": null, "adm0_name1": null, "adm0_name2": null, "adm0_name3": null, "adm0_pcode": null, "valid_on": "2025-01-01", "valid_to": null, "version": "v04", "name_lng": "en", "name_lng1": null, "name_lng2": null, "name_lng3": null }, "geometry": { "type": "Point", "coordinates": [ 38.931203373000017, 11.607207896000034 ] } },
{ "type": "Feature", "properties": { "adm_p_lvl": 3, "name": "Mekaneyesus", "name_1": null, "name_2": null, "name_3": null, "loc_pcode": null, "x_coord": 38.06133333, "y_coord": 11.61321463, "adm3_name": "East Esite", "adm3_name1": null, "adm3_name2": null, "adm3_name3": null, "adm3_pcode": "ET030208", "adm2_name": "South Gondar", "adm2_name1": null, "adm2_name2": null, "adm2_name3": null, "adm2_pcode": "ET0302", "adm1_name": "Amhara", "adm1_name1": null, "adm1_name2": null, "adm1_name3": null, "adm1_pcode": "ET03", "adm0_name": null, "adm0_name1": null, "adm0_name2": null, "adm0_name3": null, "adm0_pcode": null, "valid_on": "2025-01-01", "valid_to": null, "version": "v04", "name_lng": "en", "name_lng1": null, "name_lng2": null, "name_lng3": null }, "geometry": { "type": "Point", "coordinates": [ 38.061333329000036, 11.613214626000172 ] } },
{ "type": "Feature", "properties": { "adm_p_lvl": 3, "name": "Mersa", "name_1": null, "name_2": null, "name_3": null, "loc_pcode": null, "x_coord": 39.6586203, "y_coord": 11.66075704, "adm3_name": "Mersa town", "adm3_name1": null, "adm3_name2": null, "adm3_name3": null, "adm3_pcode": "ET030397", "adm2_name": "North Wello", "adm2_name1": null, "adm2_name2": null, "adm2_name3": null, "adm2_pcode": "ET0303", "adm1_name": "Amhara", "adm1_name1": null, "adm1_name2": null, "adm1_name3": null, "adm1_pcode": "ET03", "adm0_name": null, "adm0_name1": null, "adm0_name2": null, "adm0_name3": null, "adm0_pcode": null, "valid_on": "2025-01-01", "valid_to": null, "version": "v04", "name_lng": "en", "name_lng1": null, "name_lng2": null, "name_lng3": null }, "geometry": { "type": "Point", "coordinates": [ 39.658620301000099, 11.660757040000078 ] } },
{ "type": "Feature", "properties": { "adm_p_lvl": 3, "name": "Anbesame", "name_1": null, "name_2": null, "name_3": null, "loc_pcode": null, "x_coord": 37.63016263, "y_coord": 11.70801537, "adm3_name": "Dera (AM)", "adm3_name1": null, "adm3_name2": null, "adm3_name3": null, "adm3_pcode": "ET030209", "adm2_name": "South Gondar", "adm2_name1": null, "adm2_name2": null, "adm2_name3": null, "adm2_pcode": "ET0302", "adm1_name": "Amhara", "adm1_name1": null, "adm1_name2": null, "adm1_name3": null, "adm1_pcode": "ET03", "adm0_name": null, "adm0_name1": null, "adm0_name2": null, "adm0_name3": null, "adm0_pcode": null, "valid_on": "2025-01-01", "valid_to": null, "version": "v04", "name_lng": "en", "name_lng1": null, "name_lng2": null, "name_lng3": null }, "geometry": { "type": "Point", "coordinates": [ 37.630162626000185, 11.708015374000183 ] } },
{ "type": "Feature", "properties": { "adm_p_lvl": 3, "name": "Nefas Mewicha", "name_1": null, "name_2": null, "name_3": null, "loc_pcode": null, "x_coord": 38.47194453, "y_coord": 11.73727252, "adm3_name": "Nefas Mewicha town", "adm3_name1": null, "adm3_name2": null, "adm3_name3": null, "adm3_pcode": "ET030215", "adm2_name": "South Gondar", "adm2_name1": null, "adm2_name2": null, "adm2_name3": null, "adm2_pcode": "ET0302", "adm1_name": "Amhara", "adm1_name1": null, "adm1_name2": null, "adm1_name3": null, "adm1_pcode": "ET03", "adm0_name": null, "adm0_name1": null, "adm0_name2": null, "adm0_name3": null, "adm0_pcode": null, "valid_on": "2025-01-01", "valid_to": null, "version": "v04", "name_lng": "en", "name_lng1": null, "name_lng2": null, "name_lng3": null }, "geometry": { "type": "Point", "coordinates": [ 38.471944525000083, 11.737272521000023 ] } },
{ "type": "Feature", "properties": { "adm_p_lvl": 3, "name": "Dubti", "name_1": null, "name_2": null, "name_3": null, "loc_pcode": null, "x_coord": 41.07789096, "y_coord": 11.7471724, "adm3_name": "Dubti town", "adm3_name1": null, "adm3_name2": null, "adm3_name3": null, "adm3_pcode": "ET020107", "adm2_name": "Awsi /Zone 1", "adm2_name1": null, "adm2_name2": null, "adm2_name3": null, "adm2_pcode": "ET0201", "adm1_name": "Afar", "adm1_name1": null, "adm1_name2": null, "adm1_name3": null, "adm1_pcode": "ET02", "adm0_name": null, "adm0_name1": null, "adm0_name2": null, "adm0_name3": null, "adm0_pcode": null, "valid_on": "2025-01-01", "valid_to": null, "version": "v04", "name_lng": "en", "name_lng1": null, "name_lng2": null, "name_lng3": null }, "geometry": { "type": "Point", "coordinates": [ 41.077890957000193, 11.747172399000021 ] } },
{ "type": "Feature", "properties": { "adm_p_lvl": 3, "name": "Filahit", "name_1": null, "name_2": null, "name_3": null, "loc_pcode": null, "x_coord": 38.75441588, "y_coord": 11.76050301, "adm3_name": "Filakit town", "adm3_name1": null, "adm3_name2": null, "adm3_name3": null, "adm3_pcode": "ET030314", "adm2_name": "North Wello", "adm2_name1": null, "adm2_name2": null, "adm2_name3": null, "adm2_pcode": "ET0303", "adm1_name": "Amhara", "adm1_name1": null, "adm1_name2": null, "adm1_name3": null, "adm1_pcode": "ET03", "adm0_name": null, "adm0_name1": null, "adm0_name2": null, "adm0_name3": null, "adm0_pcode": null, "valid_on": "2025-01-01", "valid_to": null, "version": "v04", "name_lng": "en", "name_lng1": null, "name_lng2": null, "name_lng3": null }, "geometry": { "type": "Point", "coordinates": [ 38.754415879000135, 11.760503009999979 ] } },
{ "type": "Feature", "properties": { "adm_p_lvl": 3, "name": "Hamusit", "name_1": null, "name_2": null, "name_3": null, "loc_pcode": null, "x_coord": 37.55849296, "y_coord": 11.78214022, "adm3_name": "Hamusit town", "adm3_name1": null, "adm3_name2": null, "adm3_name3": null, "adm3_pcode": "ET030218", "adm2_name": "South Gondar", "adm2_name1": null, "adm2_name2": null, "adm2_name3": null, "adm2_pcode": "ET0302", "adm1_name": "Amhara", "adm1_name1": null, "adm1_name2": null, "adm1_name3": null, "adm1_pcode": "ET03", "adm0_name": null, "adm0_name1": null, "adm0_name2": null, "adm0_name3": null, "adm0_pcode": null, "valid_on": "2025-01-01", "valid_to": null, "version": "v04", "name_lng": "en", "name_lng1": null, "name_lng2": null, "name_lng3": null }, "geometry": { "type": "Point", "coordinates": [ 37.558492956, 11.782140219000155 ] } },
{ "type": "Feature", "properties": { "adm_p_lvl": 1, "name": "Semera", "name_1": null, "name_2": null, "name_3": null, "loc_pcode": null, "x_coord": 41.0065706, "y_coord": 11.78818581, "adm3_name": "Samera Logiya town", "adm3_name1": null, "adm3_name2": null, "adm3_name3": null, "adm3_pcode": "ET020198", "adm2_name": "Awsi /Zone 1", "adm2_name1": null, "adm2_name2": null, "adm2_name3": null, "adm2_pcode": "ET0201", "adm1_name": "Afar", "adm1_name1": null, "adm1_name2": null, "adm1_name3": null, "adm1_pcode": "ET02", "adm0_name": null, "adm0_name1": null, "adm0_name2": null, "adm0_name3": null, "adm0_pcode": null, "valid_on": "2025-01-01", "valid_to": null, "version": "v04", "name_lng": "en", "name_lng1": null, "name_lng2": null, "name_lng3": null }, "geometry": { "type": "Point", "coordinates": [ 41.006570598999986, 11.788185807000104 ] } },
{ "type": "Feature", "properties": { "adm_p_lvl": 3, "name": "Alele Subula", "name_1": null, "name_2": null, "name_3": null, "loc_pcode": null, "x_coord": 39.9195914, "y_coord": 11.8222232, "adm3_name": "Euwa", "adm3_name1": null, "adm3_name2": null, "adm3_name3": null, "adm3_pcode": "ET020402", "adm2_name": "Fanti /Zone 4", "adm2_name1": null, "adm2_name2": null, "adm2_name3": null, "adm2_pcode": "ET0204", "adm1_name": "Afar", "adm1_name1": null, "adm1_name2": null, "adm1_name3": null, "adm1_pcode": "ET02", "adm0_name": null, "adm0_name1": null, "adm0_name2": null, "adm0_name3": null, "adm0_pcode": null, "valid_on": "2025-01-01", "valid_to": null, "version": "v04", "name_lng": "en", "name_lng1": null, "name_lng2": null, "name_lng3": null }, "geometry": { "type": "Point", "coordinates": [ 39.919591400000172, 11.822223200000053 ] } },
{ "type": "Feature", "properties": { "adm_p_lvl": 2, "name": "Woldiya", "name_1": null, "name_2": null, "name_3": null, "loc_pcode": null, "x_coord": 39.592609, "y_coord": 11.82607, "adm3_name": "Woldiya town", "adm3_name1": null, "adm3_name2": null, "adm3_name3": null, "adm3_pcode": "ET030309", "adm2_name": "North Wello", "adm2_name1": null, "adm2_name2": null, "adm2_name3": null, "adm2_pcode": "ET0303", "adm1_name": "Amhara", "adm1_name1": null, "adm1_name2": null, "adm1_name3": null, "adm1_pcode": "ET03", "adm0_name": null, "adm0_name1": null, "adm0_name2": null, "adm0_name3": null, "adm0_pcode": null, "valid_on": "2025-01-01", "valid_to": null, "version": "v04", "name_lng": "en", "name_lng1": null, "name_lng2": null, "name_lng3": null }, "geometry": { "type": "Point", "coordinates": [ 39.592609000000152, 11.82607 ] } },
{ "type": "Feature", "properties": { "adm_p_lvl": 3, "name": "Hara", "name_1": null, "name_2": null, "name_3": null, "loc_pcode": null, "x_coord": 39.74002298, "y_coord": 11.83938664, "adm3_name": "Hara town", "adm3_name1": null, "adm3_name2": null, "adm3_name3": null, "adm3_pcode": "ET030306", "adm2_name": "North Wello", "adm2_name1": null, "adm2_name2": null, "adm2_name3": null, "adm2_pcode": "ET0303", "adm1_name": "Amhara", "adm1_name1": null, "adm1_name2": null, "adm1_name3": null, "adm1_pcode": "ET03", "adm0_name": null, "adm0_name1": null, "adm0_name2": null, "adm0_name3": null, "adm0_pcode": null, "valid_on": "2025-01-01", "valid_to": null, "version": "v04", "name_lng": "en", "name_lng1": null, "name_lng2": null, "name_lng3": null }, "geometry": { "type": "Point", "coordinates": [ 39.740022984000063, 11.839386639000054 ] } },
{ "type": "Feature", "properties": { "adm_p_lvl": 2, "name": "Debre Tabor", "name_1": null, "name_2": null, "name_3": null, "loc_pcode": null, "x_coord": 38.00988, "y_coord": 11.8522, "adm3_name": "Debre Tabor town", "adm3_name1": null, "adm3_name2": null, "adm3_name3": null, "adm3_pcode": "ET030210", "adm2_name": "South Gondar", "adm2_name1": null, "adm2_name2": null, "adm2_name3": null, "adm2_pcode": "ET0302", "adm1_name": "Amhara", "adm1_name1": null, "adm1_name2": null, "adm1_name3": null, "adm1_pcode": "ET03", "adm0_name": null, "adm0_name1": null, "adm0_name2": null, "adm0_name3": null, "adm0_pcode": null, "valid_on": "2025-01-01", "valid_to": null, "version": "v04", "name_lng": "en", "name_lng1": null, "name_lng2": null, "name_lng3": null }, "geometry": { "type": "Point", "coordinates": [ 38.00988, 11.8522 ] } },
{ "type": "Feature", "properties": { "adm_p_lvl": 3, "name": "Woreta", "name_1": null, "name_2": null, "name_3": null, "loc_pcode": null, "x_coord": 37.69523415, "y_coord": 11.92468407, "adm3_name": "Woreta town", "adm3_name1": null, "adm3_name2": null, "adm3_name3": null, "adm3_pcode": "ET030293", "adm2_name": "South Gondar", "adm2_name1": null, "adm2_name2": null, "adm2_name3": null, "adm2_pcode": "ET0302", "adm1_name": "Amhara", "adm1_name1": null, "adm1_name2": null, "adm1_name3": null, "adm1_pcode": "ET03", "adm0_name": null, "adm0_name1": null, "adm0_name2": null, "adm0_name3": null, "adm0_pcode": null, "valid_on": "2025-01-01", "valid_to": null, "version": "v04", "name_lng": "en", "name_lng1": null, "name_lng2": null, "name_lng3": null }, "geometry": { "type": "Point", "coordinates": [ 37.695234148000054, 11.924684072000048 ] } },
{ "type": "Feature", "properties": { "adm_p_lvl": 3, "name": "Shawra", "name_1": null, "name_2": null, "name_3": null, "loc_pcode": null, "x_coord": 36.87071791, "y_coord": 11.93156379, "adm3_name": "Shawra town", "adm3_name1": null, "adm3_name2": null, "adm3_name3": null, "adm3_pcode": "ET031104", "adm2_name": "Central Gondar", "adm2_name1": null, "adm2_name2": null, "adm2_name3": null, "adm2_pcode": "ET0311", "adm1_name": "Amhara", "adm1_name1": null, "adm1_name2": null, "adm1_name3": null, "adm1_pcode": "ET03", "adm0_name": null, "adm0_name1": null, "adm0_name2": null, "adm0_name3": null, "adm0_pcode": null, "valid_on": "2025-01-01", "valid_to": null, "version": "v04", "name_lng": "en", "name_lng1": null, "name_lng2": null, "name_lng3": null }, "geometry": { "type": "Point", "coordinates": [ 36.870717909000177, 11.931563793000066 ] } },
{ "type": "Feature", "properties": { "adm_p_lvl": 3, "name": "Muja", "name_1": null, "name_2": null, "name_3": null, "loc_pcode": null, "x_coord": 39.28460241, "y_coord": 12.00629332, "adm3_name": "Gidan", "adm3_name1": null, "adm3_name2": null, "adm3_name3": null, "adm3_pcode": "ET030303", "adm2_name": "North Wello", "adm2_name1": null, "adm2_name2": null, "adm2_name3": null, "adm2_pcode": "ET0303", "adm1_name": "Amhara", "adm1_name1": null, "adm1_name2": null, "adm1_name3": null, "adm1_pcode": "ET03", "adm0_name": null, "adm0_name1": null, "adm0_name2": null, "adm0_name3": null, "adm0_pcode": null, "valid_on": "2025-01-01", "valid_to": null, "version": "v04", "name_lng": "en", "name_lng1": null, "name_lng2": null, "name_lng3": null }, "geometry": { "type": "Point", "coordinates": [ 39.284602410000048, 12.006293324000126 ] } },
{ "type": "Feature", "properties": { "adm_p_lvl": 3, "name": "Lalibela", "name_1": null, "name_2": null, "name_3": null, "loc_pcode": null, "x_coord": 39.04136752, "y_coord": 12.03247811, "adm3_name": "Lalibela town", "adm3_name1": null, "adm3_name2": null, "adm3_name3": null, "adm3_pcode": "ET030398", "adm2_name": "North Wello", "adm2_name1": null, "adm2_name2": null, "adm2_name3": null, "adm2_pcode": "ET0303", "adm1_name": "Amhara", "adm1_name1": null, "adm1_name2": null, "adm1_name3": null, "adm1_pcode": "ET03", "adm0_name": null, "adm0_name1": null, "adm0_name2": null, "adm0_name3": null, "adm0_pcode": null, "valid_on": "2025-01-01", "valid_to": null, "version": "v04", "name_lng": "en", "name_lng1": null, "name_lng2": null, "name_lng3": null }, "geometry": { "type": "Point", "coordinates": [ 39.041367524000123, 12.032478106000042 ] } },
{ "type": "Feature", "properties": { "adm_p_lvl": 3, "name": "Elida'ar", "name_1": null, "name_2": null, "name_3": null, "loc_pcode": null, "x_coord": 41.92645046, "y_coord": 12.04792123, "adm3_name": "Elidar", "adm3_name1": null, "adm3_name2": null, "adm3_name3": null, "adm3_pcode": "ET020102", "adm2_name": "Awsi /Zone 1", "adm2_name1": null, "adm2_name2": null, "adm2_name3": null, "adm2_pcode": "ET0201", "adm1_name": "Afar", "adm1_name1": null, "adm1_name2": null, "adm1_name3": null, "adm1_pcode": "ET02", "adm0_name": null, "adm0_name1": null, "adm0_name2": null, "adm0_name3": null, "adm0_pcode": null, "valid_on": "2025-01-01", "valid_to": null, "version": "v04", "name_lng": "en", "name_lng1": null, "name_lng2": null, "name_lng3": null }, "geometry": { "type": "Point", "coordinates": [ 41.926450464000084, 12.047921228000121 ] } },
{ "type": "Feature", "properties": { "adm_p_lvl": 3, "name": "Aghissa", "name_1": null, "name_2": null, "name_3": null, "loc_pcode": null, "x_coord": 38.366667, "y_coord": 12.066667, "adm3_name": "Mena Meketewa", "adm3_name1": null, "adm3_name2": null, "adm3_name3": null, "adm3_pcode": "ET030213", "adm2_name": "South Gondar", "adm2_name1": null, "adm2_name2": null, "adm2_name3": null, "adm2_pcode": "ET0302", "adm1_name": "Amhara", "adm1_name1": null, "adm1_name2": null, "adm1_name3": null, "adm1_pcode": "ET03", "adm0_name": null, "adm0_name1": null, "adm0_name2": null, "adm0_name3": null, "adm0_pcode": null, "valid_on": "2025-01-01", "valid_to": null, "version": "v04", "name_lng": "en", "name_lng1": null, "name_lng2": null, "name_lng3": null }, "geometry": { "type": "Point", "coordinates": [ 38.366667000000177, 12.066667 ] } },
{ "type": "Feature", "properties": { "adm_p_lvl": 3, "name": "Derayitu", "name_1": null, "name_2": null, "name_3": null, "loc_pcode": null, "x_coord": 40.07083173, "y_coord": 12.0786744, "adm3_name": "Awra (AF)", "adm3_name1": null, "adm3_name2": null, "adm3_name3": null, "adm3_pcode": "ET020401", "adm2_name": "Fanti /Zone 4", "adm2_name1": null, "adm2_name2": null, "adm2_name3": null, "adm2_pcode": "ET0204", "adm1_name": "Afar", "adm1_name1": null, "adm1_name2": null, "adm1_name3": null, "adm1_pcode": "ET02", "adm0_name": null, "adm0_name1": null, "adm0_name2": null, "adm0_name3": null, "adm0_pcode": null, "valid_on": "2025-01-01", "valid_to": null, "version": "v04", "name_lng": "en", "name_lng1": null, "name_lng2": null, "name_lng3": null }, "geometry": { "type": "Point", "coordinates": [ 40.070831730000123, 12.078674395000064 ] } },
{ "type": "Feature", "properties": { "adm_p_lvl": 3, "name": "Addis Zemen", "name_1": null, "name_2": null, "name_3": null, "loc_pcode": null, "x_coord": 37.78409675, "y_coord": 12.12499527, "adm3_name": "Adiss Zemen town", "adm3_name1": null, "adm3_name2": null, "adm3_name3": null, "adm3_pcode": "ET030299", "adm2_name": "South Gondar", "adm2_name1": null, "adm2_name2": null, "adm2_name3": null, "adm2_pcode": "ET0302", "adm1_name": "Amhara", "adm1_name1": null, "adm1_name2": null, "adm1_name3": null, "adm1_pcode": "ET03", "adm0_name": null, "adm0_name1": null, "adm0_name2": null, "adm0_name3": null, "adm0_pcode": null, "valid_on": "2025-01-01", "valid_to": null, "version": "v04", "name_lng": "en", "name_lng1": null, "name_lng2": null, "name_lng3": null }, "geometry": { "type": "Point", "coordinates": [ 37.784096748000081, 12.124995274000128 ] } },
{ "type": "Feature", "properties": { "adm_p_lvl": 3, "name": "Ebenat", "name_1": null, "name_2": null, "name_3": null, "loc_pcode": null, "x_coord": 38.04704398, "y_coord": 12.12935501, "adm3_name": "Ebenat town", "adm3_name1": null, "adm3_name2": null, "adm3_name3": null, "adm3_pcode": "ET030217", "adm2_name": "South Gondar", "adm2_name1": null, "adm2_name2": null, "adm2_name3": null, "adm2_pcode": "ET0302", "adm1_name": "Amhara", "adm1_name1": null, "adm1_name2": null, "adm1_name3": null, "adm1_pcode": "ET03", "adm0_name": null, "adm0_name1": null, "adm0_name2": null, "adm0_name3": null, "adm0_pcode": null, "valid_on": "2025-01-01", "valid_to": null, "version": "v04", "name_lng": "en", "name_lng1": null, "name_lng2": null, "name_lng3": null }, "geometry": { "type": "Point", "coordinates": [ 38.047043976000168, 12.129355011000143 ] } },
{ "type": "Feature", "properties": { "adm_p_lvl": 2, "name": "Keliwan", "name_1": null, "name_2": null, "name_3": null, "loc_pcode": null, "x_coord": 39.98491937, "y_coord": 12.14331423, "adm3_name": "Gulina", "adm3_name1": null, "adm3_name2": null, "adm3_name3": null, "adm3_pcode": "ET020405", "adm2_name": "Fanti /Zone 4", "adm2_name1": null, "adm2_name2": null, "adm2_name3": null, "adm2_pcode": "ET0204", "adm1_name": "Afar", "adm1_name1": null, "adm1_name2": null, "adm1_name3": null, "adm1_pcode": "ET02", "adm0_name": null, "adm0_name1": null, "adm0_name2": null, "adm0_name3": null, "adm0_pcode": null, "valid_on": "2025-01-01", "valid_to": null, "version": "v04", "name_lng": "en", "name_lng1": null, "name_lng2": null, "name_lng3": null }, "geometry": { "type": "Point", "coordinates": [ 39.984919366000156, 12.143314233000183 ] } },
{ "type": "Feature", "properties": { "adm_p_lvl": 3, "name": "Kobo", "name_1": null, "name_2": null, "name_3": null, "loc_pcode": null, "x_coord": 39.63281891, "y_coord": 12.1616396, "adm3_name": "Kobo town", "adm3_name1": null, "adm3_name2": null, "adm3_name3": null, "adm3_pcode": "ET030399", "adm2_name": "North Wello", "adm2_name1": null, "adm2_name2": null, "adm2_name3": null, "adm2_pcode": "ET0303", "adm1_name": "Amhara", "adm1_name1": null, "adm1_name2": null, "adm1_name3": null, "adm1_pcode": "ET03", "adm0_name": null, "adm0_name1": null, "adm0_name2": null, "adm0_name3": null, "adm0_pcode": null, "valid_on": "2025-01-01", "valid_to": null, "version": "v04", "name_lng": "en", "name_lng1": null, "name_lng2": null, "name_lng3": null }, "geometry": { "type": "Point", "coordinates": [ 39.632818912000175, 12.161639603000083 ] } },
{ "type": "Feature", "properties": { "adm_p_lvl": 3, "name": "Delgi", "name_1": null, "name_2": null, "name_3": null, "loc_pcode": null, "x_coord": 37.05145919, "y_coord": 12.19508323, "adm3_name": "Takusa", "adm3_name1": null, "adm3_name2": null, "adm3_name3": null, "adm3_pcode": "ET031121", "adm2_name": "Central Gondar", "adm2_name1": null, "adm2_name2": null, "adm2_name3": null, "adm2_pcode": "ET0311", "adm1_name": "Amhara", "adm1_name1": null, "adm1_name2": null, "adm1_name3": null, "adm1_pcode": "ET03", "adm0_name": null, "adm0_name1": null, "adm0_name2": null, "adm0_name3": null, "adm0_pcode": null, "valid_on": "2025-01-01", "valid_to": null, "version": "v04", "name_lng": "en", "name_lng1": null, "name_lng2": null, "name_lng3": null }, "geometry": { "type": "Point", "coordinates": [ 37.051459191000163, 12.195083232000115 ] } },
{ "type": "Feature", "properties": { "adm_p_lvl": 3, "name": "Gelegu", "name_1": null, "name_2": null, "name_3": null, "loc_pcode": null, "x_coord": 35.9, "y_coord": 12.2, "adm3_name": "Quara", "adm3_name1": null, "adm3_name2": null, "adm3_name3": null, "adm3_pcode": "ET031214", "adm2_name": "West Gondar", "adm2_name1": null, "adm2_name2": null, "adm2_name3": null, "adm2_pcode": "ET0312", "adm1_name": "Amhara", "adm1_name1": null, "adm1_name2": null, "adm1_name3": null, "adm1_pcode": "ET03", "adm0_name": null, "adm0_name1": null, "adm0_name2": null, "adm0_name3": null, "adm0_pcode": null, "valid_on": "2025-01-01", "valid_to": null, "version": "v04", "name_lng": "en", "name_lng1": null, "name_lng2": null, "name_lng3": null }, "geometry": { "type": "Point", "coordinates": [ 35.900000000000148, 12.200000000000159 ] } },
{ "type": "Feature", "properties": { "adm_p_lvl": 3, "name": "Chwahit", "name_1": null, "name_2": null, "name_3": null, "loc_pcode": null, "x_coord": 37.22678, "y_coord": 12.33191, "adm3_name": "West Dembiya", "adm3_name1": null, "adm3_name2": null, "adm3_name3": null, "adm3_pcode": "ET031125", "adm2_name": "Central Gondar", "adm2_name1": null, "adm2_name2": null, "adm2_name3": null, "adm2_pcode": "ET0311", "adm1_name": "Amhara", "adm1_name1": null, "adm1_name2": null, "adm1_name3": null, "adm1_pcode": "ET03", "adm0_name": null, "adm0_name1": null, "adm0_name2": null, "adm0_name3": null, "adm0_pcode": null, "valid_on": "2025-01-01", "valid_to": null, "version": "v04", "name_lng": "en", "name_lng1": null, "name_lng2": null, "name_lng3": null }, "geometry": { "type": "Point", "coordinates": [ 37.226780000000133, 12.331910000000164 ] } },
{ "type": "Feature", "properties": { "adm_p_lvl": 3, "name": "Maksenyit", "name_1": null, "name_2": null, "name_3": null, "loc_pcode": null, "x_coord": 37.55480367, "y_coord": 12.38203362, "adm3_name": "Gonder Zuria", "adm3_name1": null, "adm3_name2": null, "adm3_name3": null, "adm3_pcode": "ET031110", "adm2_name": "Central Gondar", "adm2_name1": null, "adm2_name2": null, "adm2_name3": null, "adm2_pcode": "ET0311", "adm1_name": "Amhara", "adm1_name1": null, "adm1_name2": null, "adm1_name3": null, "adm1_pcode": "ET03", "adm0_name": null, "adm0_name1": null, "adm0_name2": null, "adm0_name3": null, "adm0_pcode": null, "valid_on": "2025-01-01", "valid_to": null, "version": "v04", "name_lng": "en", "name_lng1": null, "name_lng2": null, "name_lng3": null }, "geometry": { "type": "Point", "coordinates": [ 37.554803672000162, 12.382033615000068 ] } },
{ "type": "Feature", "properties": { "adm_p_lvl": 3, "name": "Guhala", "name_1": null, "name_2": null, "name_3": null, "loc_pcode": null, "x_coord": 38.08623943, "y_coord": 12.40718826, "adm3_name": "East Belesa", "adm3_name1": null, "adm3_name2": null, "adm3_name3": null, "adm3_pcode": "ET031117", "adm2_name": "Central Gondar", "adm2_name1": null, "adm2_name2": null, "adm2_name3": null, "adm2_pcode": "ET0311", "adm1_name": "Amhara", "adm1_name1": null, "adm1_name2": null, "adm1_name3": null, "adm1_pcode": "ET03", "adm0_name": null, "adm0_name1": null, "adm0_name2": null, "adm0_name3": null, "adm0_pcode": null, "valid_on": "2025-01-01", "valid_to": null, "version": "v04", "name_lng": "en", "name_lng1": null, "name_lng2": null, "name_lng3": null }, "geometry": { "type": "Point", "coordinates": [ 38.086239430000091, 12.407188264000069 ] } },
{ "type": "Feature", "properties": { "adm_p_lvl": 3, "name": "Alamata", "name_1": null, "name_2": null, "name_3": null, "loc_pcode": null, "x_coord": 39.559662, "y_coord": 12.41531, "adm3_name": "Alamata town", "adm3_name1": null, "adm3_name2": null, "adm3_name3": null, "adm3_pcode": "ET010411", "adm2_name": "Southern", "adm2_name1": null, "adm2_name2": null, "adm2_name3": null, "adm2_pcode": "ET0104", "adm1_name": "Contested", "adm1_name1": null, "adm1_name2": null, "adm1_name3": null, "adm1_pcode": "ET01", "adm0_name": null, "adm0_name1": null, "adm0_name2": null, "adm0_name3": null, "adm0_pcode": null, "valid_on": "2025-01-01", "valid_to": null, "version": "v04", "name_lng": "en", "name_lng1": null, "name_lng2": null, "name_lng3": null }, "geometry": { "type": "Point", "coordinates": [ 39.559662, 12.41531 ] } },
{ "type": "Feature", "properties": { "adm_p_lvl": 3, "name": "Amde Work", "name_1": null, "name_2": null, "name_3": null, "loc_pcode": null, "x_coord": 38.71610484, "y_coord": 12.43017972, "adm3_name": "Amde Work town", "adm3_name1": null, "adm3_name2": null, "adm3_name3": null, "adm3_pcode": "ET030809", "adm2_name": "Wag Hamra", "adm2_name1": null, "adm2_name2": null, "adm2_name3": null, "adm2_pcode": "ET0308", "adm1_name": "Amhara", "adm1_name1": null, "adm1_name2": null, "adm1_name3": null, "adm1_pcode": "ET03", "adm0_name": null, "adm0_name1": null, "adm0_name2": null, "adm0_name3": null, "adm0_pcode": null, "valid_on": "2025-01-01", "valid_to": null, "version": "v04", "name_lng": "en", "name_lng1": null, "name_lng2": null, "name_lng3": null }, "geometry": { "type": "Point", "coordinates": [ 38.716104839000025, 12.430179716000112 ] } },
{ "type": "Feature", "properties": { "adm_p_lvl": 3, "name": "Kolla Debba", "name_1": null, "name_2": null, "name_3": null, "loc_pcode": null, "x_coord": 37.32690213, "y_coord": 12.42771938, "adm3_name": "Kolla Debba town", "adm3_name1": null, "adm3_name2": null, "adm3_name3": null, "adm3_pcode": "ET031105", "adm2_name": "Central Gondar", "adm2_name1": null, "adm2_name2": null, "adm2_name3": null, "adm2_pcode": "ET0311", "adm1_name": "Amhara", "adm1_name1": null, "adm1_name2": null, "adm1_name3": null, "adm1_pcode": "ET03", "adm0_name": null, "adm0_name1": null, "adm0_name2": null, "adm0_name3": null, "adm0_pcode": null, "valid_on": "2025-01-01", "valid_to": null, "version": "v04", "name_lng": "en", "name_lng1": null, "name_lng2": null, "name_lng3": null }, "geometry": { "type": "Point", "coordinates": [ 37.326902134000022, 12.427719377000187 ] } },
{ "type": "Feature", "properties": { "adm_p_lvl": 3, "name": "Arbaya", "name_1": null, "name_2": null, "name_3": null, "loc_pcode": null, "x_coord": 37.82708403, "y_coord": 12.47666424, "adm3_name": "West Belesa", "adm3_name1": null, "adm3_name2": null, "adm3_name3": null, "adm3_pcode": "ET031116", "adm2_name": "Central Gondar", "adm2_name1": null, "adm2_name2": null, "adm2_name3": null, "adm2_pcode": "ET0311", "adm1_name": "Amhara", "adm1_name1": null, "adm1_name2": null, "adm1_name3": null, "adm1_pcode": "ET03", "adm0_name": null, "adm0_name1": null, "adm0_name2": null, "adm0_name3": null, "adm0_pcode": null, "valid_on": "2025-01-01", "valid_to": null, "version": "v04", "name_lng": "en", "name_lng1": null, "name_lng2": null, "name_lng3": null }, "geometry": { "type": "Point", "coordinates": [ 37.82708402600008, 12.476664242000084 ] } },
{ "type": "Feature", "properties": { "adm_p_lvl": 3, "name": "Alelu", "name_1": null, "name_2": null, "name_3": null, "loc_pcode": null, "x_coord": 40.31432467, "y_coord": 12.480512, "adm3_name": "Teru", "adm3_name1": null, "adm3_name2": null, "adm3_name3": null, "adm3_pcode": "ET020403", "adm2_name": "Fanti /Zone 4", "adm2_name1": null, "adm2_name2": null, "adm2_name3": null, "adm2_pcode": "ET0204", "adm1_name": "Afar", "adm1_name1": null, "adm1_name2": null, "adm1_name3": null, "adm1_pcode": "ET02", "adm0_name": null, "adm0_name1": null, "adm0_name2": null, "adm0_name3": null, "adm0_pcode": null, "valid_on": "2025-01-01", "valid_to": null, "version": "v04", "name_lng": "en", "name_lng1": null, "name_lng2": null, "name_lng3": null }, "geometry": { "type": "Point", "coordinates": [ 40.314324671000179, 12.480512002000125 ] } },
{ "type": "Feature", "properties": { "adm_p_lvl": 3, "name": "Korem", "name_1": null, "name_2": null, "name_3": null, "loc_pcode": null, "x_coord": 39.519112, "y_coord": 12.50457, "adm3_name": "Korem town", "adm3_name1": null, "adm3_name2": null, "adm3_name3": null, "adm3_pcode": "ET010410", "adm2_name": "Southern", "adm2_name1": null, "adm2_name2": null, "adm2_name3": null, "adm2_pcode": "ET0104", "adm1_name": "Contested", "adm1_name1": null, "adm1_name2": null, "adm1_name3": null, "adm1_pcode": "ET01", "adm0_name": null, "adm0_name1": null, "adm0_name2": null, "adm0_name3": null, "adm0_pcode": null, "valid_on": "2025-01-01", "valid_to": null, "version": "v04", "name_lng": "en", "name_lng1": null, "name_lng2": null, "name_lng3": null }, "geometry": { "type": "Point", "coordinates": [ 39.519112000000121, 12.504570000000115 ] } },
{ "type": "Feature", "properties": { "adm_p_lvl": 3, "name": "Chercher", "name_1": null, "name_2": null, "name_3": null, "loc_pcode": null, "x_coord": 39.77257588, "y_coord": 12.54001713, "adm3_name": "Chercher", "adm3_name1": null, "adm3_name2": null, "adm3_name3": null, "adm3_pcode": "ET010414", "adm2_name": "Southern", "adm2_name1": null, "adm2_name2": null, "adm2_name3": null, "adm2_pcode": "ET0104", "adm1_name": "Contested", "adm1_name1": null, "adm1_name2": null, "adm1_name3": null, "adm1_pcode": "ET01", "adm0_name": null, "adm0_name1": null, "adm0_name2": null, "adm0_name3": null, "adm0_pcode": null, "valid_on": "2025-01-01", "valid_to": null, "version": "v04", "name_lng": "en", "name_lng1": null, "name_lng2": null, "name_lng3": null }, "geometry": { "type": "Point", "coordinates": [ 39.772575877000065, 12.540017130000081 ] } },
{ "type": "Feature", "properties": { "adm_p_lvl": 3, "name": "Aykel", "name_1": null, "name_2": null, "name_3": null, "loc_pcode": null, "x_coord": 37.06349604, "y_coord": 12.55098594, "adm3_name": "Aykel town", "adm3_name1": null, "adm3_name2": null, "adm3_name3": null, "adm3_pcode": "ET031199", "adm2_name": "Central Gondar", "adm2_name1": null, "adm2_name2": null, "adm2_name3": null, "adm2_pcode": "ET0311", "adm1_name": "Amhara", "adm1_name1": null, "adm1_name2": null, "adm1_name3": null, "adm1_pcode": "ET03", "adm0_name": null, "adm0_name1": null, "adm0_name2": null, "adm0_name3": null, "adm0_pcode": null, "valid_on": "2025-01-01", "valid_to": null, "version": "v04", "name_lng": "en", "name_lng1": null, "name_lng2": null, "name_lng3": null }, "geometry": { "type": "Point", "coordinates": [ 37.063496044000033, 12.550985935000028 ] } },
{ "type": "Feature", "properties": { "adm_p_lvl": 3, "name": "Negade Bahr", "name_1": null, "name_2": null, "name_3": null, "loc_pcode": null, "x_coord": 36.77458316, "y_coord": 12.58709252, "adm3_name": "Adagn Ager Chaqo", "adm3_name1": null, "adm3_name2": null, "adm3_name3": null, "adm3_pcode": "ET031205", "adm2_name": "West Gondar", "adm2_name1": null, "adm2_name2": null, "adm2_name3": null, "adm2_pcode": "ET0312", "adm1_name": "Amhara", "adm1_name1": null, "adm1_name2": null, "adm1_name3": null, "adm1_pcode": "ET03", "adm0_name": null, "adm0_name1": null, "adm0_name2": null, "adm0_name3": null, "adm0_pcode": null, "valid_on": "2025-01-01", "valid_to": null, "version": "v04", "name_lng": "en", "name_lng1": null, "name_lng2": null, "name_lng3": null }, "geometry": { "type": "Point", "coordinates": [ 36.774583158000041, 12.587092516000098 ] } },
{ "type": "Feature", "properties": { "adm_p_lvl": 2, "name": "Sekota", "name_1": null, "name_2": null, "name_3": null, "loc_pcode": null, "x_coord": 39.031151, "y_coord": 12.62874, "adm3_name": "Sekota town", "adm3_name1": null, "adm3_name2": null, "adm3_name3": null, "adm3_pcode": "ET030807", "adm2_name": "Wag Hamra", "adm2_name1": null, "adm2_name2": null, "adm2_name3": null, "adm2_pcode": "ET0308", "adm1_name": "Amhara", "adm1_name1": null, "adm1_name2": null, "adm1_name3": null, "adm1_pcode": "ET03", "adm0_name": null, "adm0_name1": null, "adm0_name2": null, "adm0_name3": null, "adm0_pcode": null, "valid_on": "2025-01-01", "valid_to": null, "version": "v04", "name_lng": "en", "name_lng1": null, "name_lng2": null, "name_lng3": null }, "geometry": { "type": "Point", "coordinates": [ 39.031151000000193, 12.62874 ] } },
{ "type": "Feature", "properties": { "adm_p_lvl": 2, "name": "Gondar", "name_1": null, "name_2": null, "name_3": null, "loc_pcode": null, "x_coord": 37.469079, "y_coord": 12.628812, "adm3_name": "Gondar town", "adm3_name1": null, "adm3_name2": null, "adm3_name3": null, "adm3_pcode": "ET031118", "adm2_name": "Central Gondar", "adm2_name1": null, "adm2_name2": null, "adm2_name3": null, "adm2_pcode": "ET0311", "adm1_name": "Amhara", "adm1_name1": null, "adm1_name2": null, "adm1_name3": null, "adm1_pcode": "ET03", "adm0_name": null, "adm0_name1": null, "adm0_name2": null, "adm0_name3": null, "adm0_pcode": null, "valid_on": "2025-01-01", "valid_to": null, "version": "v04", "name_lng": "en", "name_lng1": null, "name_lng2": null, "name_lng3": null }, "geometry": { "type": "Point", "coordinates": [ 37.469079002000058, 12.628812000000153 ] } },
{ "type": "Feature", "properties": { "adm_p_lvl": 3, "name": "Tikil Dingay", "name_1": null, "name_2": null, "name_3": null, "loc_pcode": null, "x_coord": 37.414188, "y_coord": 12.74232, "adm3_name": "Lay Armacho", "adm3_name1": null, "adm3_name2": null, "adm3_name3": null, "adm3_pcode": "ET031108", "adm2_name": "Central Gondar", "adm2_name1": null, "adm2_name2": null, "adm2_name3": null, "adm2_pcode": "ET0311", "adm1_name": "Amhara", "adm1_name1": null, "adm1_name2": null, "adm1_name3": null, "adm1_pcode": "ET03", "adm0_name": null, "adm0_name1": null, "adm0_name2": null, "adm0_name3": null, "adm0_pcode": null, "valid_on": "2025-01-01", "valid_to": null, "version": "v04", "name_lng": "en", "name_lng1": null, "name_lng2": null, "name_lng3": null }, "geometry": { "type": "Point", "coordinates": [ 37.414188000000138, 12.74232 ] } },
{ "type": "Feature", "properties": { "adm_p_lvl": 3, "name": "Amba Giorgis", "name_1": null, "name_2": null, "name_3": null, "loc_pcode": null, "x_coord": 37.62487281, "y_coord": 12.76869977, "adm3_name": "Amba Giorgis town", "adm3_name1": null, "adm3_name2": null, "adm3_name3": null, "adm3_pcode": "ET031103", "adm2_name": "Central Gondar", "adm2_name1": null, "adm2_name2": null, "adm2_name3": null, "adm2_pcode": "ET0311", "adm1_name": "Amhara", "adm1_name1": null, "adm1_name2": null, "adm1_name3": null, "adm1_pcode": "ET03", "adm0_name": null, "adm0_name1": null, "adm0_name2": null, "adm0_name3": null, "adm0_pcode": null, "valid_on": "2025-01-01", "valid_to": null, "version": "v04", "name_lng": "en", "name_lng1": null, "name_lng2": null, "name_lng3": null }, "geometry": { "type": "Point", "coordinates": [ 37.624872813000081, 12.768699766000111 ] } },
{ "type": "Feature", "properties": { "adm_p_lvl": 3, "name": "Tsitsika", "name_1": null, "name_2": null, "name_3": null, "loc_pcode": null, "x_coord": 38.79606318, "y_coord": 12.77613668, "adm3_name": "Zequala", "adm3_name1": null, "adm3_name2": null, "adm3_name3": null, "adm3_pcode": "ET030801", "adm2_name": "Wag Hamra", "adm2_name1": null, "adm2_name2": null, "adm2_name3": null, "adm2_pcode": "ET0308", "adm1_name": "Amhara", "adm1_name1": null, "adm1_name2": null, "adm1_name3": null, "adm1_pcode": "ET03", "adm0_name": null, "adm0_name1": null, "adm0_name2": null, "adm0_name3": null, "adm0_pcode": null, "valid_on": "2025-01-01", "valid_to": null, "version": "v04", "name_lng": "en", "name_lng1": null, "name_lng2": null, "name_lng3": null }, "geometry": { "type": "Point", "coordinates": [ 38.796063178000054, 12.776136683000061 ] } },
{ "type": "Feature", "properties": { "adm_p_lvl": 2, "name": "May Chew", "name_1": null, "name_2": null, "name_3": null, "loc_pcode": null, "x_coord": 39.53937034, "y_coord": 12.78560271, "adm3_name": "May Chew town", "adm3_name1": null, "adm3_name2": null, "adm3_name3": null, "adm3_pcode": "ET010409", "adm2_name": "Southern", "adm2_name1": null, "adm2_name2": null, "adm2_name3": null, "adm2_pcode": "ET0104", "adm1_name": "Tigray", "adm1_name1": null, "adm1_name2": null, "adm1_name3": null, "adm1_pcode": "ET01", "adm0_name": null, "adm0_name1": null, "adm0_name2": null, "adm0_name3": null, "adm0_pcode": null, "valid_on": "2025-01-01", "valid_to": null, "version": "v04", "name_lng": "en", "name_lng1": null, "name_lng2": null, "name_lng3": null }, "geometry": { "type": "Point", "coordinates": [ 39.539370337000094, 12.785602714000163 ] } },
{ "type": "Feature", "properties": { "adm_p_lvl": 2, "name": "Genda Wuha", "name_1": null, "name_2": null, "name_3": null, "loc_pcode": null, "x_coord": 36.40494392, "y_coord": 12.77731831, "adm3_name": "Gendawuha town", "adm3_name1": null, "adm3_name2": null, "adm3_name3": null, "adm3_pcode": "ET031292", "adm2_name": "West Gondar", "adm2_name1": null, "adm2_name2": null, "adm2_name3": null, "adm2_pcode": "ET0312", "adm1_name": "Amhara", "adm1_name1": null, "adm1_name2": null, "adm1_name3": null, "adm1_pcode": "ET03", "adm0_name": null, "adm0_name1": null, "adm0_name2": null, "adm0_name3": null, "adm0_pcode": null, "valid_on": "2025-01-01", "valid_to": null, "version": "v04", "name_lng": "en", "name_lng1": null, "name_lng2": null, "name_lng3": null }, "geometry": { "type": "Point", "coordinates": [ 36.404943917000139, 12.777318311000101 ] } },
{ "type": "Feature", "properties": { "adm_p_lvl": 3, "name": "Mekhoni", "name_1": null, "name_2": null, "name_3": null, "loc_pcode": null, "x_coord": 39.6462265, "y_coord": 12.80366141, "adm3_name": "Mekhoni town", "adm3_name1": null, "adm3_name2": null, "adm3_name3": null, "adm3_pcode": "ET010412", "adm2_name": "Southern", "adm2_name1": null, "adm2_name2": null, "adm2_name3": null, "adm2_pcode": "ET0104", "adm1_name": "Tigray", "adm1_name1": null, "adm1_name2": null, "adm1_name3": null, "adm1_pcode": "ET01", "adm0_name": null, "adm0_name1": null, "adm0_name2": null, "adm0_name3": null, "adm0_pcode": null, "valid_on": "2025-01-01", "valid_to": null, "version": "v04", "name_lng": "en", "name_lng1": null, "name_lng2": null, "name_lng3": null }, "geometry": { "type": "Point", "coordinates": [ 39.646226500000182, 12.803661405000184 ] } },
{ "type": "Feature", "properties": { "adm_p_lvl": 3, "name": "Masero Denb", "name_1": null, "name_2": null, "name_3": null, "loc_pcode": null, "x_coord": 37.04795332, "y_coord": 12.92302701, "adm3_name": "Masero Denb /Central Armacho", "adm3_name1": null, "adm3_name2": null, "adm3_name3": null, "adm3_pcode": "ET031119", "adm2_name": "Central Gondar", "adm2_name1": null, "adm2_name2": null, "adm2_name3": null, "adm2_pcode": "ET0311", "adm1_name": "Amhara", "adm1_name1": null, "adm1_name2": null, "adm1_name3": null, "adm1_pcode": "ET03", "adm0_name": null, "adm0_name1": null, "adm0_name2": null, "adm0_name3": null, "adm0_pcode": null, "valid_on": "2025-01-01", "valid_to": null, "version": "v04", "name_lng": "en", "name_lng1": null, "name_lng2": null, "name_lng3": null }, "geometry": { "type": "Point", "coordinates": [ 37.04795332000009, 12.923027012000091 ] } },
{ "type": "Feature", "properties": { "adm_p_lvl": 3, "name": "Adishuhu", "name_1": null, "name_2": null, "name_3": null, "loc_pcode": null, "x_coord": 39.5151182, "y_coord": 12.93572149, "adm3_name": "Emba Alaje", "adm3_name1": null, "adm3_name2": null, "adm3_name3": null, "adm3_pcode": "ET010404", "adm2_name": "Southern", "adm2_name1": null, "adm2_name2": null, "adm2_name3": null, "adm2_pcode": "ET0104", "adm1_name": "Tigray", "adm1_name1": null, "adm1_name2": null, "adm1_name3": null, "adm1_pcode": "ET01", "adm0_name": null, "adm0_name1": null, "adm0_name2": null, "adm0_name3": null, "adm0_pcode": null, "valid_on": "2025-01-01", "valid_to": null, "version": "v04", "name_lng": "en", "name_lng1": null, "name_lng2": null, "name_lng3": null }, "geometry": { "type": "Point", "coordinates": [ 39.515118201000178, 12.935721487000137 ] } },
{ "type": "Feature", "properties": { "adm_p_lvl": 3, "name": "Dabat", "name_1": null, "name_2": null, "name_3": null, "loc_pcode": null, "x_coord": 37.7607528, "y_coord": 12.98078569, "adm3_name": "Dabat", "adm3_name1": null, "adm3_name2": null, "adm3_name3": null, "adm3_pcode": "ET030105", "adm2_name": "North Gondar", "adm2_name1": null, "adm2_name2": null, "adm2_name3": null, "adm2_pcode": "ET0301", "adm1_name": "Amhara", "adm1_name1": null, "adm1_name2": null, "adm1_name3": null, "adm1_pcode": "ET03", "adm0_name": null, "adm0_name1": null, "adm0_name2": null, "adm0_name3": null, "adm0_pcode": null, "valid_on": "2025-01-01", "valid_to": null, "version": "v04", "name_lng": "en", "name_lng1": null, "name_lng2": null, "name_lng3": null }, "geometry": { "type": "Point", "coordinates": [ 37.760752800000034, 12.980785694000133 ] } },
{ "type": "Feature", "properties": { "adm_p_lvl": 3, "name": "Sanja", "name_1": null, "name_2": null, "name_3": null, "loc_pcode": null, "x_coord": 37.29429844, "y_coord": 12.99052403, "adm3_name": "Tach Armacho", "adm3_name1": null, "adm3_name2": null, "adm3_name3": null, "adm3_pcode": "ET031120", "adm2_name": "Central Gondar", "adm2_name1": null, "adm2_name2": null, "adm2_name3": null, "adm2_pcode": "ET0311", "adm1_name": "Amhara", "adm1_name1": null, "adm1_name2": null, "adm1_name3": null, "adm1_pcode": "ET03", "adm0_name": null, "adm0_name1": null, "adm0_name2": null, "adm0_name3": null, "adm0_pcode": null, "valid_on": "2025-01-01", "valid_to": null, "version": "v04", "name_lng": "en", "name_lng1": null, "name_lng2": null, "name_lng3": null }, "geometry": { "type": "Point", "coordinates": [ 37.294298439000045, 12.99052403200011 ] } },
{ "type": "Feature", "properties": { "adm_p_lvl": 3, "name": "Mekane Berhan", "name_1": null, "name_2": null, "name_3": null, "loc_pcode": null, "x_coord": 38.10384709, "y_coord": 13.00704427, "adm3_name": "Janamora", "adm3_name1": null, "adm3_name2": null, "adm3_name3": null, "adm3_pcode": "ET030103", "adm2_name": "North Gondar", "adm2_name1": null, "adm2_name2": null, "adm2_name3": null, "adm2_pcode": "ET0301", "adm1_name": "Amhara", "adm1_name1": null, "adm1_name2": null, "adm1_name3": null, "adm1_pcode": "ET03", "adm0_name": null, "adm0_name1": null, "adm0_name2": null, "adm0_name3": null, "adm0_pcode": null, "valid_on": "2025-01-01", "valid_to": null, "version": "v04", "name_lng": "en", "name_lng1": null, "name_lng2": null, "name_lng3": null }, "geometry": { "type": "Point", "coordinates": [ 38.103847092000194, 13.00704427300019 ] } },
{ "type": "Feature", "properties": { "adm_p_lvl": 3, "name": "Dela", "name_1": null, "name_2": null, "name_3": null, "loc_pcode": null, "x_coord": 39.34036681, "y_coord": 13.00922931, "adm3_name": "Selewa", "adm3_name1": null, "adm3_name2": null, "adm3_name3": null, "adm3_pcode": "ET010401", "adm2_name": "Southern", "adm2_name1": null, "adm2_name2": null, "adm2_name3": null, "adm2_pcode": "ET0104", "adm1_name": "Tigray", "adm1_name1": null, "adm1_name2": null, "adm1_name3": null, "adm1_pcode": "ET01", "adm0_name": null, "adm0_name1": null, "adm0_name2": null, "adm0_name3": null, "adm0_pcode": null, "valid_on": "2025-01-01", "valid_to": null, "version": "v04", "name_lng": "en", "name_lng1": null, "name_lng2": null, "name_lng3": null }, "geometry": { "type": "Point", "coordinates": [ 39.340366806000134, 13.009229311000126 ] } },
{ "type": "Feature", "properties": { "adm_p_lvl": 3, "name": "Adikeyah", "name_1": null, "name_2": null, "name_3": null, "loc_pcode": null, "x_coord": 39.66883138, "y_coord": 13.01234013, "adm3_name": "Wajirat", "adm3_name1": null, "adm3_name2": null, "adm3_name3": null, "adm3_pcode": "ET010608", "adm2_name": "South Eastern", "adm2_name1": null, "adm2_name2": null, "adm2_name3": null, "adm2_pcode": "ET0106", "adm1_name": "Tigray", "adm1_name1": null, "adm1_name2": null, "adm1_name3": null, "adm1_pcode": "ET01", "adm0_name": null, "adm0_name1": null, "adm0_name2": null, "adm0_name3": null, "adm0_pcode": null, "valid_on": "2025-01-01", "valid_to": null, "version": "v04", "name_lng": "en", "name_lng1": null, "name_lng2": null, "name_lng3": null }, "geometry": { "type": "Point", "coordinates": [ 39.668831379000096, 13.012340130000041 ] } },
{ "type": "Feature", "properties": { "adm_p_lvl": 3, "name": "Dil Yibza", "name_1": null, "name_2": null, "name_3": null, "loc_pcode": null, "x_coord": 38.4419978, "y_coord": 13.118373, "adm3_name": "Beyeda", "adm3_name1": null, "adm3_name2": null, "adm3_name3": null, "adm3_pcode": "ET030102", "adm2_name": "North Gondar", "adm2_name1": null, "adm2_name2": null, "adm2_name3": null, "adm2_pcode": "ET0301", "adm1_name": "Amhara", "adm1_name1": null, "adm1_name2": null, "adm1_name3": null, "adm1_pcode": "ET03", "adm0_name": null, "adm0_name1": null, "adm0_name2": null, "adm0_name3": null, "adm0_pcode": null, "valid_on": "2025-01-01", "valid_to": null, "version": "v04", "name_lng": "en", "name_lng1": null, "name_lng2": null, "name_lng3": null }, "geometry": { "type": "Point", "coordinates": [ 38.441997800000024, 13.11837300000019 ] } },
{ "type": "Feature", "properties": { "adm_p_lvl": 2, "name": "Debark", "name_1": null, "name_2": null, "name_3": null, "loc_pcode": null, "x_coord": 37.900291, "y_coord": 13.15815, "adm3_name": "Debark town", "adm3_name1": null, "adm3_name2": null, "adm3_name3": null, "adm3_pcode": "ET030198", "adm2_name": "North Gondar", "adm2_name1": null, "adm2_name2": null, "adm2_name3": null, "adm2_pcode": "ET0301", "adm1_name": "Amhara", "adm1_name1": null, "adm1_name2": null, "adm1_name3": null, "adm1_pcode": "ET03", "adm0_name": null, "adm0_name1": null, "adm0_name2": null, "adm0_name3": null, "adm0_pcode": null, "valid_on": "2025-01-01", "valid_to": null, "version": "v04", "name_lng": "en", "name_lng1": null, "name_lng2": null, "name_lng3": null }, "geometry": { "type": "Point", "coordinates": [ 37.900291, 13.15815 ] } },
{ "type": "Feature", "properties": { "adm_p_lvl": 3, "name": "Samira", "name_1": null, "name_2": null, "name_3": null, "loc_pcode": null, "x_coord": 39.20071399, "y_coord": 13.1908995, "adm3_name": "Samre", "adm3_name1": null, "adm3_name2": null, "adm3_name3": null, "adm3_pcode": "ET010606", "adm2_name": "South Eastern", "adm2_name1": null, "adm2_name2": null, "adm2_name3": null, "adm2_pcode": "ET0106", "adm1_name": "Tigray", "adm1_name1": null, "adm1_name2": null, "adm1_name3": null, "adm1_pcode": "ET01", "adm0_name": null, "adm0_name1": null, "adm0_name2": null, "adm0_name3": null, "adm0_pcode": null, "valid_on": "2025-01-01", "valid_to": null, "version": "v04", "name_lng": "en", "name_lng1": null, "name_lng2": null, "name_lng3": null }, "geometry": { "type": "Point", "coordinates": [ 39.200713990000054, 13.190899496000156 ] } },
{ "type": "Feature", "properties": { "adm_p_lvl": 3, "name": "Afdera", "name_1": null, "name_2": null, "name_3": null, "loc_pcode": null, "x_coord": 40.85468568, "y_coord": 13.21358689, "adm3_name": "Afdera", "adm3_name1": null, "adm3_name2": null, "adm3_name3": null, "adm3_pcode": "ET020207", "adm2_name": "Kilbati /Zone2", "adm2_name1": null, "adm2_name2": null, "adm2_name3": null, "adm2_pcode": "ET0202", "adm1_name": "Afar", "adm1_name1": null, "adm1_name2": null, "adm1_name3": null, "adm1_pcode": "ET02", "adm0_name": null, "adm0_name1": null, "adm0_name2": null, "adm0_name3": null, "adm0_pcode": null, "valid_on": "2025-01-01", "valid_to": null, "version": "v04", "name_lng": "en", "name_lng1": null, "name_lng2": null, "name_lng3": null }, "geometry": { "type": "Point", "coordinates": [ 40.854685677000191, 13.213586885000154 ] } },
{ "type": "Feature", "properties": { "adm_p_lvl": 3, "name": "Adi Gudom", "name_1": null, "name_2": null, "name_3": null, "loc_pcode": null, "x_coord": 39.51501959, "y_coord": 13.24804363, "adm3_name": "Adigudom", "adm3_name1": null, "adm3_name2": null, "adm3_name3": null, "adm3_pcode": "ET010607", "adm2_name": "South Eastern", "adm2_name1": null, "adm2_name2": null, "adm2_name3": null, "adm2_pcode": "ET0106", "adm1_name": "Tigray", "adm1_name1": null, "adm1_name2": null, "adm1_name3": null, "adm1_pcode": "ET01", "adm0_name": null, "adm0_name1": null, "adm0_name2": null, "adm0_name3": null, "adm0_pcode": null, "valid_on": "2025-01-01", "valid_to": null, "version": "v04", "name_lng": "en", "name_lng1": null, "name_lng2": null, "name_lng3": null }, "geometry": { "type": "Point", "coordinates": [ 39.51501958900019, 13.248043633000066 ] } },
{ "type": "Feature", "properties": { "adm_p_lvl": 3, "name": "Kirakir", "name_1": null, "name_2": null, "name_3": null, "loc_pcode": null, "x_coord": 37.3844521, "y_coord": 13.35395125, "adm3_name": "Tegede", "adm3_name1": null, "adm3_name2": null, "adm3_name3": null, "adm3_pcode": "ET031107", "adm2_name": "Central Gondar", "adm2_name1": null, "adm2_name2": null, "adm2_name3": null, "adm2_pcode": "ET0311", "adm1_name": "Amhara", "adm1_name1": null, "adm1_name2": null, "adm1_name3": null, "adm1_pcode": "ET03", "adm0_name": null, "adm0_name1": null, "adm0_name2": null, "adm0_name3": null, "adm0_pcode": null, "valid_on": "2025-01-01", "valid_to": null, "version": "v04", "name_lng": "en", "name_lng1": null, "name_lng2": null, "name_lng3": null }, "geometry": { "type": "Point", "coordinates": [ 37.384452099000157, 13.353951250000023 ] } },
{ "type": "Feature", "properties": { "adm_p_lvl": 3, "name": "Lakora", "name_1": null, "name_2": null, "name_3": null, "loc_pcode": null, "x_coord": 40.0011324, "y_coord": 13.25622987, "adm3_name": "Erebti", "adm3_name1": null, "adm3_name2": null, "adm3_name3": null, "adm3_pcode": "ET020201", "adm2_name": "Kilbati /Zone2", "adm2_name1": null, "adm2_name2": null, "adm2_name3": null, "adm2_pcode": "ET0202", "adm1_name": "Afar", "adm1_name1": null, "adm1_name2": null, "adm1_name3": null, "adm1_pcode": "ET02", "adm0_name": null, "adm0_name1": null, "adm0_name2": null, "adm0_name3": null, "adm0_pcode": null, "valid_on": "2025-01-01", "valid_to": null, "version": "v04", "name_lng": "en", "name_lng1": null, "name_lng2": null, "name_lng3": null }, "geometry": { "type": "Point", "coordinates": [ 40.001132398000095, 13.256229873000052 ] } },
{ "type": "Feature", "properties": { "adm_p_lvl": 1, "name": "Mekele", "name_1": null, "name_2": null, "name_3": null, "loc_pcode": null, "x_coord": 39.47354914, "y_coord": 13.47860581, "adm3_name": "Hadnet Sub City", "adm3_name1": null, "adm3_name2": null, "adm3_name3": null, "adm3_pcode": "ET010702", "adm2_name": "Mekelle", "adm2_name1": null, "adm2_name2": null, "adm2_name3": null, "adm2_pcode": "ET0107", "adm1_name": "Tigray", "adm1_name1": null, "adm1_name2": null, "adm1_name3": null, "adm1_pcode": "ET01", "adm0_name": null, "adm0_name1": null, "adm0_name2": null, "adm0_name3": null, "adm0_pcode": null, "valid_on": "2025-01-01", "valid_to": null, "version": "v04", "name_lng": "en", "name_lng1": null, "name_lng2": null, "name_lng3": null }, "geometry": { "type": "Point", "coordinates": [ 39.473549140000046, 13.478605810000147 ] } },
{ "type": "Feature", "properties": { "adm_p_lvl": 3, "name": "Agebe", "name_1": null, "name_2": null, "name_3": null, "loc_pcode": null, "x_coord": 39.05263038, "y_coord": 13.54355824, "adm3_name": "Tanqua Melashe", "adm3_name1": null, "adm3_name2": null, "adm3_name3": null, "adm3_pcode": "ET010222", "adm2_name": "Central", "adm2_name1": null, "adm2_name2": null, "adm2_name3": null, "adm2_pcode": "ET0102", "adm1_name": "Tigray", "adm1_name1": null, "adm1_name2": null, "adm1_name3": null, "adm1_pcode": "ET01", "adm0_name": null, "adm0_name1": null, "adm0_name2": null, "adm0_name3": null, "adm0_pcode": null, "valid_on": "2025-01-01", "valid_to": null, "version": "v04", "name_lng": "en", "name_lng1": null, "name_lng2": null, "name_lng3": null }, "geometry": { "type": "Point", "coordinates": [ 39.052630384000167, 13.543558242000131 ] } },
{ "type": "Feature", "properties": { "adm_p_lvl": 3, "name": "May Tsebri", "name_1": null, "name_2": null, "name_3": null, "loc_pcode": null, "x_coord": 38.14124353, "y_coord": 13.57900215, "adm3_name": "May Tsebri town", "adm3_name1": null, "adm3_name2": null, "adm3_name3": null, "adm3_pcode": "ET010116", "adm2_name": "North Western", "adm2_name1": null, "adm2_name2": null, "adm2_name3": null, "adm2_pcode": "ET0101", "adm1_name": "Contested", "adm1_name1": null, "adm1_name2": null, "adm1_name3": null, "adm1_pcode": "ET01", "adm0_name": null, "adm0_name1": null, "adm0_name2": null, "adm0_name3": null, "adm0_pcode": null, "valid_on": "2025-01-01", "valid_to": null, "version": "v04", "name_lng": "en", "name_lng1": null, "name_lng2": null, "name_lng3": null }, "geometry": { "type": "Point", "coordinates": [ 38.141243532000146, 13.57900215300009 ] } },
{ "type": "Feature", "properties": { "adm_p_lvl": 3, "name": "Dansha", "name_1": null, "name_2": null, "name_3": null, "loc_pcode": null, "x_coord": 36.974277, "y_coord": 13.563496, "adm3_name": "Dansha town", "adm3_name1": null, "adm3_name2": null, "adm3_name3": null, "adm3_pcode": "ET010506", "adm2_name": "Western", "adm2_name1": null, "adm2_name2": null, "adm2_name3": null, "adm2_pcode": "ET0105", "adm1_name": "Contested", "adm1_name1": null, "adm1_name2": null, "adm1_name3": null, "adm1_pcode": "ET01", "adm0_name": null, "adm0_name1": null, "adm0_name2": null, "adm0_name3": null, "adm0_pcode": null, "valid_on": "2025-01-01", "valid_to": null, "version": "v04", "name_lng": "en", "name_lng1": null, "name_lng2": null, "name_lng3": null }, "geometry": { "type": "Point", "coordinates": [ 36.974277, 13.5634960000001 ] } },
{ "type": "Feature", "properties": { "adm_p_lvl": 3, "name": "Adi Remets", "name_1": null, "name_2": null, "name_3": null, "loc_pcode": null, "x_coord": 37.32040801, "y_coord": 13.74815551, "adm3_name": "Welkait", "adm3_name1": null, "adm3_name2": null, "adm3_name3": null, "adm3_pcode": "ET010502", "adm2_name": "Western", "adm2_name1": null, "adm2_name2": null, "adm2_name3": null, "adm2_pcode": "ET0105", "adm1_name": "Contested", "adm1_name1": null, "adm1_name2": null, "adm1_name3": null, "adm1_pcode": "ET01", "adm0_name": null, "adm0_name1": null, "adm0_name2": null, "adm0_name3": null, "adm0_pcode": null, "valid_on": "2025-01-01", "valid_to": null, "version": "v04", "name_lng": "en", "name_lng1": null, "name_lng2": null, "name_lng3": null }, "geometry": { "type": "Point", "coordinates": [ 37.320408009000175, 13.748155510000061 ] } },
{ "type": "Feature", "properties": { "adm_p_lvl": 3, "name": "Tsigereda", "name_1": null, "name_2": null, "name_3": null, "loc_pcode": null, "x_coord": 39.35578043, "y_coord": 13.77954014, "adm3_name": "Geraleta", "adm3_name1": null, "adm3_name2": null, "adm3_name3": null, "adm3_pcode": "ET010317", "adm2_name": "Eastern", "adm2_name1": null, "adm2_name2": null, "adm2_name3": null, "adm2_pcode": "ET0103", "adm1_name": "Tigray", "adm1_name1": null, "adm1_name2": null, "adm1_name3": null, "adm1_pcode": "ET01", "adm0_name": null, "adm0_name1": null, "adm0_name2": null, "adm0_name3": null, "adm0_pcode": null, "valid_on": "2025-01-01", "valid_to": null, "version": "v04", "name_lng": "en", "name_lng1": null, "name_lng2": null, "name_lng3": null }, "geometry": { "type": "Point", "coordinates": [ 39.355780425000091, 13.779540140000165 ] } },
{ "type": "Feature", "properties": { "adm_p_lvl": 3, "name": "Mezega", "name_1": null, "name_2": null, "name_3": null, "loc_pcode": null, "x_coord": 37.68791009, "y_coord": 13.78669301, "adm3_name": "May Gaba", "adm3_name1": null, "adm3_name2": null, "adm3_name3": null, "adm3_pcode": "ET010509", "adm2_name": "Western", "adm2_name1": null, "adm2_name2": null, "adm2_name3": null, "adm2_pcode": "ET0105", "adm1_name": "Contested", "adm1_name1": null, "adm1_name2": null, "adm1_name3": null, "adm1_pcode": "ET01", "adm0_name": null, "adm0_name1": null, "adm0_name2": null, "adm0_name3": null, "adm0_pcode": null, "valid_on": "2025-01-01", "valid_to": null, "version": "v04", "name_lng": "en", "name_lng1": null, "name_lng2": null, "name_lng3": null }, "geometry": { "type": "Point", "coordinates": [ 37.687910086000159, 13.786693013000047 ] } },
{ "type": "Feature", "properties": { "adm_p_lvl": 3, "name": "Yech'ila", "name_1": null, "name_2": null, "name_3": null, "loc_pcode": null, "x_coord": 38.98047901, "y_coord": 13.29344913, "adm3_name": "Abergele (TG)", "adm3_name1": null, "adm3_name2": null, "adm3_name3": null, "adm3_pcode": "ET010210", "adm2_name": "Central", "adm2_name1": null, "adm2_name2": null, "adm2_name3": null, "adm2_pcode": "ET0102", "adm1_name": "Tigray", "adm1_name1": null, "adm1_name2": null, "adm1_name3": null, "adm1_pcode": "ET01", "adm0_name": null, "adm0_name1": null, "adm0_name2": null, "adm0_name3": null, "adm0_pcode": null, "valid_on": "2025-01-01", "valid_to": null, "version": "v04", "name_lng": "en", "name_lng1": null, "name_lng2": null, "name_lng3": null }, "geometry": { "type": "Point", "coordinates": [ 38.980479008000088, 13.293449126000041 ] } },
{ "type": "Feature", "properties": { "adm_p_lvl": 3, "name": "Gijet", "name_1": null, "name_2": null, "name_3": null, "loc_pcode": null, "x_coord": 39.17037475, "y_coord": 13.32167124, "adm3_name": "Saharti", "adm3_name1": null, "adm3_name2": null, "adm3_name3": null, "adm3_pcode": "ET010601", "adm2_name": "South Eastern", "adm2_name1": null, "adm2_name2": null, "adm2_name3": null, "adm2_pcode": "ET0106", "adm1_name": "Tigray", "adm1_name1": null, "adm1_name2": null, "adm1_name3": null, "adm1_pcode": "ET01", "adm0_name": null, "adm0_name1": null, "adm0_name2": null, "adm0_name3": null, "adm0_pcode": null, "valid_on": "2025-01-01", "valid_to": null, "version": "v04", "name_lng": "en", "name_lng1": null, "name_lng2": null, "name_lng3": null }, "geometry": { "type": "Point", "coordinates": [ 39.170374751, 13.321671241000047 ] } },
{ "type": "Feature", "properties": { "adm_p_lvl": 2, "name": "Abaala", "name_1": null, "name_2": null, "name_3": null, "loc_pcode": null, "x_coord": 39.74988024, "y_coord": 13.35819839, "adm3_name": "Abaala town", "adm3_name1": null, "adm3_name2": null, "adm3_name3": null, "adm3_pcode": "ET020209", "adm2_name": "Kilbati /Zone2", "adm2_name1": null, "adm2_name2": null, "adm2_name3": null, "adm2_pcode": "ET0202", "adm1_name": "Afar", "adm1_name1": null, "adm1_name2": null, "adm1_name3": null, "adm1_pcode": "ET02", "adm0_name": null, "adm0_name1": null, "adm0_name2": null, "adm0_name3": null, "adm0_pcode": null, "valid_on": "2025-01-01", "valid_to": null, "version": "v04", "name_lng": "en", "name_lng1": null, "name_lng2": null, "name_lng3": null }, "geometry": { "type": "Point", "coordinates": [ 39.749880243, 13.35819839300018 ] } },
{ "type": "Feature", "properties": { "adm_p_lvl": 3, "name": "Ketema Nigus", "name_1": null, "name_2": null, "name_3": null, "loc_pcode": null, "x_coord": 37.39927055, "y_coord": 13.3944112, "adm3_name": "Tsegede (TG)", "adm3_name1": null, "adm3_name2": null, "adm3_name3": null, "adm3_pcode": "ET010503", "adm2_name": "Western", "adm2_name1": null, "adm2_name2": null, "adm2_name3": null, "adm2_pcode": "ET0105", "adm1_name": "Contested", "adm1_name1": null, "adm1_name2": null, "adm1_name3": null, "adm1_pcode": "ET01", "adm0_name": null, "adm0_name1": null, "adm0_name2": null, "adm0_name3": null, "adm0_pcode": null, "valid_on": "2025-01-01", "valid_to": null, "version": "v04", "name_lng": "en", "name_lng1": null, "name_lng2": null, "name_lng3": null }, "geometry": { "type": "Point", "coordinates": [ 37.399270547000185, 13.394411195000089 ] } },
{ "type": "Feature", "properties": { "adm_p_lvl": 3, "name": "Addi Arekay", "name_1": null, "name_2": null, "name_3": null, "loc_pcode": null, "x_coord": 38.0607624, "y_coord": 13.44839351, "adm3_name": "Addi Arekay", "adm3_name1": null, "adm3_name2": null, "adm3_name3": null, "adm3_pcode": "ET030101", "adm2_name": "North Gondar", "adm2_name1": null, "adm2_name2": null, "adm2_name3": null, "adm2_pcode": "ET0301", "adm1_name": "Amhara", "adm1_name1": null, "adm1_name2": null, "adm1_name3": null, "adm1_pcode": "ET03", "adm0_name": null, "adm0_name1": null, "adm0_name2": null, "adm0_name3": null, "adm0_pcode": null, "valid_on": "2025-01-01", "valid_to": null, "version": "v04", "name_lng": "en", "name_lng1": null, "name_lng2": null, "name_lng3": null }, "geometry": { "type": "Point", "coordinates": [ 38.060762402000137, 13.44839351100012 ] } },
{ "type": "Feature", "properties": { "adm_p_lvl": 3, "name": "Kwiha", "name_1": null, "name_2": null, "name_3": null, "loc_pcode": null, "x_coord": 39.541851, "y_coord": 13.47272, "adm3_name": "Kuiha Sub City", "adm3_name1": null, "adm3_name2": null, "adm3_name3": null, "adm3_pcode": "ET010701", "adm2_name": "Mekelle", "adm2_name1": null, "adm2_name2": null, "adm2_name3": null, "adm2_pcode": "ET0107", "adm1_name": "Tigray", "adm1_name1": null, "adm1_name2": null, "adm1_name3": null, "adm1_pcode": "ET01", "adm0_name": null, "adm0_name1": null, "adm0_name2": null, "adm0_name3": null, "adm0_pcode": null, "valid_on": "2025-01-01", "valid_to": null, "version": "v04", "name_lng": "en", "name_lng1": null, "name_lng2": null, "name_lng3": null }, "geometry": { "type": "Point", "coordinates": [ 39.541851, 13.47272 ] } },
{ "type": "Feature", "properties": { "adm_p_lvl": 3, "name": "Abereha Jira", "name_1": null, "name_2": null, "name_3": null, "loc_pcode": null, "x_coord": 36.48535271, "y_coord": 13.46446389, "adm3_name": "Mirab Armacho", "adm3_name1": null, "adm3_name2": null, "adm3_name3": null, "adm3_pcode": "ET031206", "adm2_name": "West Gondar", "adm2_name1": null, "adm2_name2": null, "adm2_name3": null, "adm2_pcode": "ET0312", "adm1_name": "Amhara", "adm1_name1": null, "adm1_name2": null, "adm1_name3": null, "adm1_pcode": "ET03", "adm0_name": null, "adm0_name1": null, "adm0_name2": null, "adm0_name3": null, "adm0_pcode": null, "valid_on": "2025-01-01", "valid_to": null, "version": "v04", "name_lng": "en", "name_lng1": null, "name_lng2": null, "name_lng3": null }, "geometry": { "type": "Point", "coordinates": [ 36.485352706000072, 13.464463888000125 ] } },
{ "type": "Feature", "properties": { "adm_p_lvl": 3, "name": "Abiy Adi", "name_1": null, "name_2": null, "name_3": null, "loc_pcode": null, "x_coord": 39.00180794, "y_coord": 13.62295681, "adm3_name": "Abiy Adi town", "adm3_name1": null, "adm3_name2": null, "adm3_name3": null, "adm3_pcode": "ET010211", "adm2_name": "Central", "adm2_name1": null, "adm2_name2": null, "adm2_name3": null, "adm2_pcode": "ET0102", "adm1_name": "Tigray", "adm1_name1": null, "adm1_name2": null, "adm1_name3": null, "adm1_pcode": "ET01", "adm0_name": null, "adm0_name1": null, "adm0_name2": null, "adm0_name3": null, "adm0_pcode": null, "valid_on": "2025-01-01", "valid_to": null, "version": "v04", "name_lng": "en", "name_lng1": null, "name_lng2": null, "name_lng3": null }, "geometry": { "type": "Point", "coordinates": [ 39.001807942000084, 13.622956810000062 ] } },
{ "type": "Feature", "properties": { "adm_p_lvl": 3, "name": "Hagere Selam", "name_1": null, "name_2": null, "name_3": null, "loc_pcode": null, "x_coord": 39.17173, "y_coord": 13.64712, "adm3_name": "Hagere Selam town", "adm3_name1": null, "adm3_name2": null, "adm3_name3": null, "adm3_pcode": "ET010605", "adm2_name": "South Eastern", "adm2_name1": null, "adm2_name2": null, "adm2_name3": null, "adm2_pcode": "ET0106", "adm1_name": "Tigray", "adm1_name1": null, "adm1_name2": null, "adm1_name3": null, "adm1_pcode": "ET01", "adm0_name": null, "adm0_name1": null, "adm0_name2": null, "adm0_name3": null, "adm0_pcode": null, "valid_on": "2025-01-01", "valid_to": null, "version": "v04", "name_lng": "en", "name_lng1": null, "name_lng2": null, "name_lng3": null }, "geometry": { "type": "Point", "coordinates": [ 39.171730000000139, 13.64712 ] } },
{ "type": "Feature", "properties": { "adm_p_lvl": 3, "name": "Dima", "name_1": null, "name_2": null, "name_3": null, "loc_pcode": null, "x_coord": 38.327036, "y_coord": 13.67707437, "adm3_name": "Laelay Tselemti", "adm3_name1": null, "adm3_name2": null, "adm3_name3": null, "adm3_pcode": "ET010115", "adm2_name": "North Western", "adm2_name1": null, "adm2_name2": null, "adm2_name3": null, "adm2_pcode": "ET0101", "adm1_name": "Contested", "adm1_name1": null, "adm1_name2": null, "adm1_name3": null, "adm1_pcode": "ET01", "adm0_name": null, "adm0_name1": null, "adm0_name2": null, "adm0_name3": null, "adm0_pcode": null, "valid_on": "2025-01-01", "valid_to": null, "version": "v04", "name_lng": "en", "name_lng1": null, "name_lng2": null, "name_lng3": null }, "geometry": { "type": "Point", "coordinates": [ 38.327036, 13.677074368000149 ] } },
{ "type": "Feature", "properties": { "adm_p_lvl": 3, "name": "Agulae", "name_1": null, "name_2": null, "name_3": null, "loc_pcode": null, "x_coord": 39.58995942, "y_coord": 13.68989702, "adm3_name": "Agulae", "adm3_name1": null, "adm3_name2": null, "adm3_name3": null, "adm3_pcode": "ET010316", "adm2_name": "Eastern", "adm2_name1": null, "adm2_name2": null, "adm2_name3": null, "adm2_pcode": "ET0103", "adm1_name": "Tigray", "adm1_name1": null, "adm1_name2": null, "adm1_name3": null, "adm1_pcode": "ET01", "adm0_name": null, "adm0_name1": null, "adm0_name2": null, "adm0_name3": null, "adm0_pcode": null, "valid_on": "2025-01-01", "valid_to": null, "version": "v04", "name_lng": "en", "name_lng1": null, "name_lng2": null, "name_lng3": null }, "geometry": { "type": "Point", "coordinates": [ 39.589959423000039, 13.689897015000156 ] } },
{ "type": "Feature", "properties": { "adm_p_lvl": 3, "name": "Abderafi", "name_1": null, "name_2": null, "name_3": null, "loc_pcode": null, "x_coord": 36.4751379, "y_coord": 13.6966987, "adm3_name": "Midre Genet", "adm3_name1": null, "adm3_name2": null, "adm3_name3": null, "adm3_pcode": "ET031223", "adm2_name": "West Gondar", "adm2_name1": null, "adm2_name2": null, "adm2_name3": null, "adm2_pcode": "ET0312", "adm1_name": "Amhara", "adm1_name1": null, "adm1_name2": null, "adm1_name3": null, "adm1_pcode": "ET03", "adm0_name": null, "adm0_name1": null, "adm0_name2": null, "adm0_name3": null, "adm0_pcode": null, "valid_on": "2025-01-01", "valid_to": null, "version": "v04", "name_lng": "en", "name_lng1": null, "name_lng2": null, "name_lng3": null }, "geometry": { "type": "Point", "coordinates": [ 36.475137899, 13.69669870000007 ] } },
{ "type": "Feature", "properties": { "adm_p_lvl": 3, "name": "Werk Amba", "name_1": null, "name_2": null, "name_3": null, "loc_pcode": null, "x_coord": 39.00250979, "y_coord": 13.73327284, "adm3_name": "Keyhe tekli", "adm3_name1": null, "adm3_name2": null, "adm3_name3": null, "adm3_pcode": "ET010221", "adm2_name": "Central", "adm2_name1": null, "adm2_name2": null, "adm2_name3": null, "adm2_pcode": "ET0102", "adm1_name": "Tigray", "adm1_name1": null, "adm1_name2": null, "adm1_name3": null, "adm1_pcode": "ET01", "adm0_name": null, "adm0_name1": null, "adm0_name2": null, "adm0_name3": null, "adm0_pcode": null, "valid_on": "2025-01-01", "valid_to": null, "version": "v04", "name_lng": "en", "name_lng1": null, "name_lng2": null, "name_lng3": null }, "geometry": { "type": "Point", "coordinates": [ 39.002509788000054, 13.733272843000123 ] } },
{ "type": "Feature", "properties": { "adm_p_lvl": 3, "name": "Wukro", "name_1": null, "name_2": null, "name_3": null, "loc_pcode": null, "x_coord": 39.60271348, "y_coord": 13.7918773, "adm3_name": "Wukro town", "adm3_name1": null, "adm3_name2": null, "adm3_name3": null, "adm3_pcode": "ET010309", "adm2_name": "Eastern", "adm2_name1": null, "adm2_name2": null, "adm2_name3": null, "adm2_pcode": "ET0103", "adm1_name": "Tigray", "adm1_name1": null, "adm1_name2": null, "adm1_name3": null, "adm1_pcode": "ET01", "adm0_name": null, "adm0_name1": null, "adm0_name2": null, "adm0_name3": null, "adm0_pcode": null, "valid_on": "2025-01-01", "valid_to": null, "version": "v04", "name_lng": "en", "name_lng1": null, "name_lng2": null, "name_lng3": null }, "geometry": { "type": "Point", "coordinates": [ 39.602713476000076, 13.791877298000088 ] } },
{ "type": "Feature", "properties": { "adm_p_lvl": 3, "name": "Mahberedegoi", "name_1": null, "name_2": null, "name_3": null, "loc_pcode": null, "x_coord": 38.816667, "y_coord": 13.816667, "adm3_name": "Naeder", "adm3_name1": null, "adm3_name2": null, "adm3_name3": null, "adm3_pcode": "ET010209", "adm2_name": "Central", "adm2_name1": null, "adm2_name2": null, "adm2_name3": null, "adm2_pcode": "ET0102", "adm1_name": "Tigray", "adm1_name1": null, "adm1_name2": null, "adm1_name3": null, "adm1_pcode": "ET01", "adm0_name": null, "adm0_name1": null, "adm0_name2": null, "adm0_name3": null, "adm0_pcode": null, "valid_on": "2025-01-01", "valid_to": null, "version": "v04", "name_lng": "en", "name_lng1": null, "name_lng2": null, "name_lng3": null }, "geometry": { "type": "Point", "coordinates": [ 38.816667, 13.816667 ] } },
{ "type": "Feature", "properties": { "adm_p_lvl": 3, "name": "Korarit", "name_1": null, "name_2": null, "name_3": null, "loc_pcode": null, "x_coord": 37.51499557, "y_coord": 13.85262156, "adm3_name": "Korarit", "adm3_name1": null, "adm3_name2": null, "adm3_name3": null, "adm3_pcode": "ET010508", "adm2_name": "Western", "adm2_name1": null, "adm2_name2": null, "adm2_name3": null, "adm2_pcode": "ET0105", "adm1_name": "Contested", "adm1_name1": null, "adm1_name2": null, "adm1_name3": null, "adm1_pcode": "ET01", "adm0_name": null, "adm0_name1": null, "adm0_name2": null, "adm0_name3": null, "adm0_pcode": null, "valid_on": "2025-01-01", "valid_to": null, "version": "v04", "name_lng": "en", "name_lng1": null, "name_lng2": null, "name_lng3": null }, "geometry": { "type": "Point", "coordinates": [ 37.51499557000011, 13.852621563000127 ] } },
{ "type": "Feature", "properties": { "adm_p_lvl": 3, "name": "Berahale", "name_1": null, "name_2": null, "name_3": null, "loc_pcode": null, "x_coord": 40.02188434, "y_coord": 13.86275597, "adm3_name": "Berahile", "adm3_name1": null, "adm3_name2": null, "adm3_name3": null, "adm3_pcode": "ET020205", "adm2_name": "Kilbati /Zone2", "adm2_name1": null, "adm2_name2": null, "adm2_name3": null, "adm2_pcode": "ET0202", "adm1_name": "Afar", "adm1_name1": null, "adm1_name2": null, "adm1_name3": null, "adm1_pcode": "ET02", "adm0_name": null, "adm0_name1": null, "adm0_name2": null, "adm0_name3": null, "adm0_pcode": null, "valid_on": "2025-01-01", "valid_to": null, "version": "v04", "name_lng": "en", "name_lng1": null, "name_lng2": null, "name_lng3": null }, "geometry": { "type": "Point", "coordinates": [ 40.021884336000085, 13.862755969000034 ] } },
{ "type": "Feature", "properties": { "adm_p_lvl": 3, "name": "Atsbi", "name_1": null, "name_2": null, "name_3": null, "loc_pcode": null, "x_coord": 39.73761797, "y_coord": 13.8738229, "adm3_name": "Atsbi town", "adm3_name1": null, "adm3_name2": null, "adm3_name3": null, "adm3_pcode": "ET010315", "adm2_name": "Eastern", "adm2_name1": null, "adm2_name2": null, "adm2_name3": null, "adm2_pcode": "ET0103", "adm1_name": "Tigray", "adm1_name1": null, "adm1_name2": null, "adm1_name3": null, "adm1_pcode": "ET01", "adm0_name": null, "adm0_name1": null, "adm0_name2": null, "adm0_name3": null, "adm0_pcode": null, "valid_on": "2025-01-01", "valid_to": null, "version": "v04", "name_lng": "en", "name_lng1": null, "name_lng2": null, "name_lng3": null }, "geometry": { "type": "Point", "coordinates": [ 39.737617966000187, 13.873822902000086 ] } },
{ "type": "Feature", "properties": { "adm_p_lvl": 3, "name": "Semema", "name_1": null, "name_2": null, "name_3": null, "loc_pcode": null, "x_coord": 38.64518848, "y_coord": 13.88360609, "adm3_name": "Adet", "adm3_name1": null, "adm3_name2": null, "adm3_name3": null, "adm3_pcode": "ET010207", "adm2_name": "Central", "adm2_name1": null, "adm2_name2": null, "adm2_name3": null, "adm2_pcode": "ET0102", "adm1_name": "Tigray", "adm1_name1": null, "adm1_name2": null, "adm1_name3": null, "adm1_pcode": "ET01", "adm0_name": null, "adm0_name1": null, "adm0_name2": null, "adm0_name3": null, "adm0_pcode": null, "valid_on": "2025-01-01", "valid_to": null, "version": "v04", "name_lng": "en", "name_lng1": null, "name_lng2": null, "name_lng3": null }, "geometry": { "type": "Point", "coordinates": [ 38.645188475000054, 13.883606093000026 ] } },
{ "type": "Feature", "properties": { "adm_p_lvl": 3, "name": "Endabaguna", "name_1": null, "name_2": null, "name_3": null, "loc_pcode": null, "x_coord": 38.183042, "y_coord": 13.947266, "adm3_name": "Endabaguna town", "adm3_name1": null, "adm3_name2": null, "adm3_name3": null, "adm3_pcode": "ET010114", "adm2_name": "North Western", "adm2_name1": null, "adm2_name2": null, "adm2_name3": null, "adm2_pcode": "ET0101", "adm1_name": "Tigray", "adm1_name1": null, "adm1_name2": null, "adm1_name3": null, "adm1_pcode": "ET01", "adm0_name": null, "adm0_name1": null, "adm0_name2": null, "adm0_name3": null, "adm0_pcode": null, "valid_on": "2025-01-01", "valid_to": null, "version": "v04", "name_lng": "en", "name_lng1": null, "name_lng2": null, "name_lng3": null }, "geometry": { "type": "Point", "coordinates": [ 38.183042000000171, 13.947266 ] } },
{ "type": "Feature", "properties": { "adm_p_lvl": 3, "name": "May Kinetal", "name_1": null, "name_2": null, "name_3": null, "loc_pcode": null, "x_coord": 38.98807344, "y_coord": 13.9442411, "adm3_name": "Endafelasi", "adm3_name1": null, "adm3_name2": null, "adm3_name3": null, "adm3_pcode": "ET010218", "adm2_name": "Central", "adm2_name1": null, "adm2_name2": null, "adm2_name3": null, "adm2_pcode": "ET0102", "adm1_name": "Tigray", "adm1_name1": null, "adm1_name2": null, "adm1_name3": null, "adm1_pcode": "ET01", "adm0_name": null, "adm0_name1": null, "adm0_name2": null, "adm0_name3": null, "adm0_pcode": null, "valid_on": "2025-01-01", "valid_to": null, "version": "v04", "name_lng": "en", "name_lng1": null, "name_lng2": null, "name_lng3": null }, "geometry": { "type": "Point", "coordinates": [ 38.988073443000076, 13.944241103000024 ] } },
{ "type": "Feature", "properties": { "adm_p_lvl": 3, "name": "Zana", "name_1": null, "name_2": null, "name_3": null, "loc_pcode": null, "x_coord": 38.454681, "y_coord": 13.94878, "adm3_name": "Zana", "adm3_name1": null, "adm3_name2": null, "adm3_name3": null, "adm3_pcode": "ET010103", "adm2_name": "North Western", "adm2_name1": null, "adm2_name2": null, "adm2_name3": null, "adm2_pcode": "ET0101", "adm1_name": "Tigray", "adm1_name1": null, "adm1_name2": null, "adm1_name3": null, "adm1_pcode": "ET01", "adm0_name": null, "adm0_name1": null, "adm0_name2": null, "adm0_name3": null, "adm0_pcode": null, "valid_on": "2025-01-01", "valid_to": null, "version": "v04", "name_lng": "en", "name_lng1": null, "name_lng2": null, "name_lng3": null }, "geometry": { "type": "Point", "coordinates": [ 38.454681000000164, 13.948780000000113 ] } },
{ "type": "Feature", "properties": { "adm_p_lvl": 3, "name": "Konaba", "name_1": null, "name_2": null, "name_3": null, "loc_pcode": null, "x_coord": 39.86616026, "y_coord": 13.9728569, "adm3_name": "Kunneba", "adm3_name1": null, "adm3_name2": null, "adm3_name3": null, "adm3_pcode": "ET020202", "adm2_name": "Kilbati /Zone2", "adm2_name1": null, "adm2_name2": null, "adm2_name3": null, "adm2_pcode": "ET0202", "adm1_name": "Afar", "adm1_name1": null, "adm1_name2": null, "adm1_name3": null, "adm1_pcode": "ET02", "adm0_name": null, "adm0_name1": null, "adm0_name2": null, "adm0_name3": null, "adm0_pcode": null, "valid_on": "2025-01-01", "valid_to": null, "version": "v04", "name_lng": "en", "name_lng1": null, "name_lng2": null, "name_lng3": null }, "geometry": { "type": "Point", "coordinates": [ 39.866160256000057, 13.972856895000177 ] } },
{ "type": "Feature", "properties": { "adm_p_lvl": 3, "name": "Hawzen", "name_1": null, "name_2": null, "name_3": null, "loc_pcode": null, "x_coord": 39.42663767, "y_coord": 13.97505946, "adm3_name": "Hawzen town", "adm3_name1": null, "adm3_name2": null, "adm3_name3": null, "adm3_pcode": "ET010312", "adm2_name": "Eastern", "adm2_name1": null, "adm2_name2": null, "adm2_name3": null, "adm2_pcode": "ET0103", "adm1_name": "Tigray", "adm1_name1": null, "adm1_name2": null, "adm1_name3": null, "adm1_pcode": "ET01", "adm0_name": null, "adm0_name1": null, "adm0_name2": null, "adm0_name3": null, "adm0_pcode": null, "valid_on": "2025-01-01", "valid_to": null, "version": "v04", "name_lng": "en", "name_lng1": null, "name_lng2": null, "name_lng3": null }, "geometry": { "type": "Point", "coordinates": [ 39.426637668000069, 13.975059457000157 ] } },
{ "type": "Feature", "properties": { "adm_p_lvl": 3, "name": "Freweyni", "name_1": null, "name_2": null, "name_3": null, "loc_pcode": null, "x_coord": 39.57578337, "y_coord": 14.05224819, "adm3_name": "Freweyni town", "adm3_name1": null, "adm3_name2": null, "adm3_name3": null, "adm3_pcode": "ET010313", "adm2_name": "Eastern", "adm2_name1": null, "adm2_name2": null, "adm2_name3": null, "adm2_pcode": "ET0103", "adm1_name": "Tigray", "adm1_name1": null, "adm1_name2": null, "adm1_name3": null, "adm1_pcode": "ET01", "adm0_name": null, "adm0_name1": null, "adm0_name2": null, "adm0_name3": null, "adm0_pcode": null, "valid_on": "2025-01-01", "valid_to": null, "version": "v04", "name_lng": "en", "name_lng1": null, "name_lng2": null, "name_lng3": null }, "geometry": { "type": "Point", "coordinates": [ 39.575783370000124, 14.052248188000135 ] } },
{ "type": "Feature", "properties": { "adm_p_lvl": 3, "name": "May Kadra", "name_1": null, "name_2": null, "name_3": null, "loc_pcode": null, "x_coord": 36.57189075, "y_coord": 14.06959585, "adm3_name": "May Kadra", "adm3_name1": null, "adm3_name2": null, "adm3_name3": null, "adm3_pcode": "ET010505", "adm2_name": "Western", "adm2_name1": null, "adm2_name2": null, "adm2_name3": null, "adm2_pcode": "ET0105", "adm1_name": "Contested", "adm1_name1": null, "adm1_name2": null, "adm1_name3": null, "adm1_pcode": "ET01", "adm0_name": null, "adm0_name1": null, "adm0_name2": null, "adm0_name3": null, "adm0_pcode": null, "valid_on": "2025-01-01", "valid_to": null, "version": "v04", "name_lng": "en", "name_lng1": null, "name_lng2": null, "name_lng3": null }, "geometry": { "type": "Point", "coordinates": [ 36.571890750000136, 14.069595850000042 ] } },
{ "type": "Feature", "properties": { "adm_p_lvl": 3, "name": "Nebelet", "name_1": null, "name_2": null, "name_3": null, "loc_pcode": null, "x_coord": 39.267132, "y_coord": 14.09361, "adm3_name": "Emba Sieneti", "adm3_name1": null, "adm3_name2": null, "adm3_name3": null, "adm3_pcode": "ET010219", "adm2_name": "Central", "adm2_name1": null, "adm2_name2": null, "adm2_name3": null, "adm2_pcode": "ET0102", "adm1_name": "Tigray", "adm1_name1": null, "adm1_name2": null, "adm1_name3": null, "adm1_pcode": "ET01", "adm0_name": null, "adm0_name1": null, "adm0_name2": null, "adm0_name3": null, "adm0_pcode": null, "valid_on": "2025-01-01", "valid_to": null, "version": "v04", "name_lng": "en", "name_lng1": null, "name_lng2": null, "name_lng3": null }, "geometry": { "type": "Point", "coordinates": [ 39.267132000000174, 14.093610000000126 ] } },
{ "type": "Feature", "properties": { "adm_p_lvl": 2, "name": "Shire Endaslasie", "name_1": null, "name_2": null, "name_3": null, "loc_pcode": null, "x_coord": 38.28015227, "y_coord": 14.09981449, "adm3_name": "Shire Endaslasie town", "adm3_name1": null, "adm3_name2": null, "adm3_name3": null, "adm3_pcode": "ET010108", "adm2_name": "North Western", "adm2_name1": null, "adm2_name2": null, "adm2_name3": null, "adm2_pcode": "ET0101", "adm1_name": "Tigray", "adm1_name1": null, "adm1_name2": null, "adm1_name3": null, "adm1_pcode": "ET01", "adm0_name": null, "adm0_name1": null, "adm0_name2": null, "adm0_name3": null, "adm0_pcode": null, "valid_on": "2025-01-01", "valid_to": null, "version": "v04", "name_lng": "en", "name_lng1": null, "name_lng2": null, "name_lng3": null }, "geometry": { "type": "Point", "coordinates": [ 38.280152270000087, 14.099814492000121 ] } },
{ "type": "Feature", "properties": { "adm_p_lvl": 3, "name": "Selekleka", "name_1": null, "name_2": null, "name_3": null, "loc_pcode": null, "x_coord": 38.47530176, "y_coord": 14.1138911, "adm3_name": "Laelay Koraro", "adm3_name1": null, "adm3_name2": null, "adm3_name3": null, "adm3_pcode": "ET010109", "adm2_name": "North Western", "adm2_name1": null, "adm2_name2": null, "adm2_name3": null, "adm2_pcode": "ET0101", "adm1_name": "Tigray", "adm1_name1": null, "adm1_name2": null, "adm1_name3": null, "adm1_pcode": "ET01", "adm0_name": null, "adm0_name1": null, "adm0_name2": null, "adm0_name3": null, "adm0_pcode": null, "valid_on": "2025-01-01", "valid_to": null, "version": "v04", "name_lng": "en", "name_lng1": null, "name_lng2": null, "name_lng3": null }, "geometry": { "type": "Point", "coordinates": [ 38.475301762000129, 14.113891102000025 ] } },
{ "type": "Feature", "properties": { "adm_p_lvl": 3, "name": "Wukro Maray", "name_1": null, "name_2": null, "name_3": null, "loc_pcode": null, "x_coord": 38.59329712, "y_coord": 14.12154459, "adm3_name": "Tahtay Maychew", "adm3_name1": null, "adm3_name2": null, "adm3_name3": null, "adm3_pcode": "ET010206", "adm2_name": "Central", "adm2_name1": null, "adm2_name2": null, "adm2_name3": null, "adm2_pcode": "ET0102", "adm1_name": "Tigray", "adm1_name1": null, "adm1_name2": null, "adm1_name3": null, "adm1_pcode": "ET01", "adm0_name": null, "adm0_name1": null, "adm0_name2": null, "adm0_name3": null, "adm0_pcode": null, "valid_on": "2025-01-01", "valid_to": null, "version": "v04", "name_lng": "en", "name_lng1": null, "name_lng2": null, "name_lng3": null }, "geometry": { "type": "Point", "coordinates": [ 38.593297123000184, 14.121544589000109 ] } },
{ "type": "Feature", "properties": { "adm_p_lvl": 2, "name": "Aksum", "name_1": null, "name_2": null, "name_3": null, "loc_pcode": null, "x_coord": 38.72261931, "y_coord": 14.12462422, "adm3_name": "Axum town", "adm3_name1": null, "adm3_name2": null, "adm3_name3": null, "adm3_pcode": "ET010213", "adm2_name": "Central", "adm2_name1": null, "adm2_name2": null, "adm2_name3": null, "adm2_pcode": "ET0102", "adm1_name": "Tigray", "adm1_name1": null, "adm1_name2": null, "adm1_name3": null, "adm1_pcode": "ET01", "adm0_name": null, "adm0_name1": null, "adm0_name2": null, "adm0_name3": null, "adm0_pcode": null, "valid_on": "2025-01-01", "valid_to": null, "version": "v04", "name_lng": "en", "name_lng1": null, "name_lng2": null, "name_lng3": null }, "geometry": { "type": "Point", "coordinates": [ 38.722619306000183, 14.124624219 ] } },
{ "type": "Feature", "properties": { "adm_p_lvl": 3, "name": "Adwa", "name_1": null, "name_2": null, "name_3": null, "loc_pcode": null, "x_coord": 38.90173459, "y_coord": 14.16343429, "adm3_name": "Adwa town", "adm3_name1": null, "adm3_name2": null, "adm3_name3": null, "adm3_pcode": "ET010212", "adm2_name": "Central", "adm2_name1": null, "adm2_name2": null, "adm2_name3": null, "adm2_pcode": "ET0102", "adm1_name": "Tigray", "adm1_name1": null, "adm1_name2": null, "adm1_name3": null, "adm1_pcode": "ET01", "adm0_name": null, "adm0_name1": null, "adm0_name2": null, "adm0_name3": null, "adm0_pcode": null, "valid_on": "2025-01-01", "valid_to": null, "version": "v04", "name_lng": "en", "name_lng1": null, "name_lng2": null, "name_lng3": null }, "geometry": { "type": "Point", "coordinates": [ 38.901734594000118, 14.163434285000051 ] } },
{ "type": "Feature", "properties": { "adm_p_lvl": 3, "name": "Feres May", "name_1": null, "name_2": null, "name_3": null, "loc_pcode": null, "x_coord": 39.10669843, "y_coord": 14.16685565, "adm3_name": "Hahayle", "adm3_name1": null, "adm3_name2": null, "adm3_name3": null, "adm3_pcode": "ET010217", "adm2_name": "Central", "adm2_name1": null, "adm2_name2": null, "adm2_name3": null, "adm2_pcode": "ET0102", "adm1_name": "Tigray", "adm1_name1": null, "adm1_name2": null, "adm1_name3": null, "adm1_pcode": "ET01", "adm0_name": null, "adm0_name1": null, "adm0_name2": null, "adm0_name3": null, "adm0_pcode": null, "valid_on": "2025-01-01", "valid_to": null, "version": "v04", "name_lng": "en", "name_lng1": null, "name_lng2": null, "name_lng3": null }, "geometry": { "type": "Point", "coordinates": [ 39.106698431000098, 14.166855646000101 ] } },
{ "type": "Feature", "properties": { "adm_p_lvl": 3, "name": "Edaga Hamus", "name_1": null, "name_2": null, "name_3": null, "loc_pcode": null, "x_coord": 39.56398795, "y_coord": 14.18569557, "adm3_name": "Edaga Hamus town", "adm3_name1": null, "adm3_name2": null, "adm3_name3": null, "adm3_pcode": "ET010311", "adm2_name": "Eastern", "adm2_name1": null, "adm2_name2": null, "adm2_name3": null, "adm2_pcode": "ET0103", "adm1_name": "Tigray", "adm1_name1": null, "adm1_name2": null, "adm1_name3": null, "adm1_pcode": "ET01", "adm0_name": null, "adm0_name1": null, "adm0_name2": null, "adm0_name3": null, "adm0_pcode": null, "valid_on": "2025-01-01", "valid_to": null, "version": "v04", "name_lng": "en", "name_lng1": null, "name_lng2": null, "name_lng3": null }, "geometry": { "type": "Point", "coordinates": [ 39.563987953000151, 14.185695570000121 ] } },
{ "type": "Feature", "properties": { "adm_p_lvl": 3, "name": "Adkuwa", "name_1": null, "name_2": null, "name_3": null, "loc_pcode": null, "x_coord": 39.91598278, "y_coord": 14.20713527, "adm3_name": "Dalol", "adm3_name1": null, "adm3_name2": null, "adm3_name3": null, "adm3_pcode": "ET020206", "adm2_name": "Kilbati /Zone2", "adm2_name1": null, "adm2_name2": null, "adm2_name3": null, "adm2_pcode": "ET0202", "adm1_name": "Afar", "adm1_name1": null, "adm1_name2": null, "adm1_name3": null, "adm1_pcode": "ET02", "adm0_name": null, "adm0_name1": null, "adm0_name2": null, "adm0_name3": null, "adm0_pcode": null, "valid_on": "2025-01-01", "valid_to": null, "version": "v04", "name_lng": "en", "name_lng1": null, "name_lng2": null, "name_lng3": null }, "geometry": { "type": "Point", "coordinates": [ 39.915982779999979, 14.207135270000038 ] } },
{ "type": "Feature", "properties": { "adm_p_lvl": 3, "name": "Chila", "name_1": null, "name_2": null, "name_3": null, "loc_pcode": null, "x_coord": 38.59389544, "y_coord": 14.27503609, "adm3_name": "Chila", "adm3_name1": null, "adm3_name2": null, "adm3_name3": null, "adm3_pcode": "ET010201", "adm2_name": "Central", "adm2_name1": null, "adm2_name2": null, "adm2_name3": null, "adm2_pcode": "ET0102", "adm1_name": "Tigray", "adm1_name1": null, "adm1_name2": null, "adm1_name3": null, "adm1_pcode": "ET01", "adm0_name": null, "adm0_name1": null, "adm0_name2": null, "adm0_name3": null, "adm0_pcode": null, "valid_on": "2025-01-01", "valid_to": null, "version": "v04", "name_lng": "en", "name_lng1": null, "name_lng2": null, "name_lng3": null }, "geometry": { "type": "Point", "coordinates": [ 38.59389544000004, 14.275036092999983 ] } },
{ "type": "Feature", "properties": { "adm_p_lvl": 2, "name": "Adigrat", "name_1": null, "name_2": null, "name_3": null, "loc_pcode": null, "x_coord": 39.46007074, "y_coord": 14.27707174, "adm3_name": "Adigrat town", "adm3_name1": null, "adm3_name2": null, "adm3_name3": null, "adm3_pcode": "ET010308", "adm2_name": "Eastern", "adm2_name1": null, "adm2_name2": null, "adm2_name3": null, "adm2_pcode": "ET0103", "adm1_name": "Tigray", "adm1_name1": null, "adm1_name2": null, "adm1_name3": null, "adm1_pcode": "ET01", "adm0_name": null, "adm0_name1": null, "adm0_name2": null, "adm0_name3": null, "adm0_pcode": null, "valid_on": "2025-01-01", "valid_to": null, "version": "v04", "name_lng": "en", "name_lng1": null, "name_lng2": null, "name_lng3": null }, "geometry": { "type": "Point", "coordinates": [ 39.460070735000102, 14.277071742000089 ] } },
{ "type": "Feature", "properties": { "adm_p_lvl": 3, "name": "Enticho", "name_1": null, "name_2": null, "name_3": null, "loc_pcode": null, "x_coord": 39.149719, "y_coord": 14.27932, "adm3_name": "Enticho town", "adm3_name1": null, "adm3_name2": null, "adm3_name3": null, "adm3_pcode": "ET010220", "adm2_name": "Central", "adm2_name1": null, "adm2_name2": null, "adm2_name3": null, "adm2_pcode": "ET0102", "adm1_name": "Tigray", "adm1_name1": null, "adm1_name2": null, "adm1_name3": null, "adm1_pcode": "ET01", "adm0_name": null, "adm0_name1": null, "adm0_name2": null, "adm0_name3": null, "adm0_pcode": null, "valid_on": "2025-01-01", "valid_to": null, "version": "v04", "name_lng": "en", "name_lng1": null, "name_lng2": null, "name_lng3": null }, "geometry": { "type": "Point", "coordinates": [ 39.149719, 14.279320000000155 ] } },
{ "type": "Feature", "properties": { "adm_p_lvl": 3, "name": "Bizet", "name_1": null, "name_2": null, "name_3": null, "loc_pcode": null, "x_coord": 39.29058162, "y_coord": 14.28028398, "adm3_name": "Bizet", "adm3_name1": null, "adm3_name2": null, "adm3_name3": null, "adm3_pcode": "ET010310", "adm2_name": "Eastern", "adm2_name1": null, "adm2_name2": null, "adm2_name3": null, "adm2_pcode": "ET0103", "adm1_name": "Tigray", "adm1_name1": null, "adm1_name2": null, "adm1_name3": null, "adm1_pcode": "ET01", "adm0_name": null, "adm0_name1": null, "adm0_name2": null, "adm0_name3": null, "adm0_pcode": null, "valid_on": "2025-01-01", "valid_to": null, "version": "v04", "name_lng": "en", "name_lng1": null, "name_lng2": null, "name_lng3": null }, "geometry": { "type": "Point", "coordinates": [ 39.290581623000151, 14.280283975999964 ] } },
{ "type": "Feature", "properties": { "adm_p_lvl": 2, "name": "Humera", "name_1": null, "name_2": null, "name_3": null, "loc_pcode": null, "x_coord": 36.61606135, "y_coord": 14.27916217, "adm3_name": "Setit Humera town", "adm3_name1": null, "adm3_name2": null, "adm3_name3": null, "adm3_pcode": "ET010504", "adm2_name": "Western", "adm2_name1": null, "adm2_name2": null, "adm2_name3": null, "adm2_pcode": "ET0105", "adm1_name": "Contested", "adm1_name1": null, "adm1_name2": null, "adm1_name3": null, "adm1_pcode": "ET01", "adm0_name": null, "adm0_name1": null, "adm0_name2": null, "adm0_name3": null, "adm0_pcode": null, "valid_on": "2025-01-01", "valid_to": null, "version": "v04", "name_lng": "en", "name_lng1": null, "name_lng2": null, "name_lng3": null }, "geometry": { "type": "Point", "coordinates": [ 36.616061353000077, 14.279162170000063 ] } },
{ "type": "Feature", "properties": { "adm_p_lvl": 3, "name": "Adi Daero", "name_1": null, "name_2": null, "name_3": null, "loc_pcode": null, "x_coord": 38.169975, "y_coord": 14.315475, "adm3_name": "Adi Daero", "adm3_name1": null, "adm3_name2": null, "adm3_name3": null, "adm3_pcode": "ET010111", "adm2_name": "North Western", "adm2_name1": null, "adm2_name2": null, "adm2_name3": null, "adm2_pcode": "ET0101", "adm1_name": "Tigray", "adm1_name1": null, "adm1_name2": null, "adm1_name3": null, "adm1_pcode": "ET01", "adm0_name": null, "adm0_name1": null, "adm0_name2": null, "adm0_name3": null, "adm0_pcode": null, "valid_on": "2025-01-01", "valid_to": null, "version": "v04", "name_lng": "en", "name_lng1": null, "name_lng2": null, "name_lng3": null }, "geometry": { "type": "Point", "coordinates": [ 38.169975, 14.315475 ] } },
{ "type": "Feature", "properties": { "adm_p_lvl": 3, "name": "Sheraro", "name_1": null, "name_2": null, "name_3": null, "loc_pcode": null, "x_coord": 37.77341193, "y_coord": 14.39645677, "adm3_name": "Sheraro town", "adm3_name1": null, "adm3_name2": null, "adm3_name3": null, "adm3_pcode": "ET010107", "adm2_name": "North Western", "adm2_name1": null, "adm2_name2": null, "adm2_name3": null, "adm2_pcode": "ET0101", "adm1_name": "Tigray", "adm1_name1": null, "adm1_name2": null, "adm1_name3": null, "adm1_pcode": "ET01", "adm0_name": null, "adm0_name1": null, "adm0_name2": null, "adm0_name3": null, "adm0_pcode": null, "valid_on": "2025-01-01", "valid_to": null, "version": "v04", "name_lng": "en", "name_lng1": null, "name_lng2": null, "name_lng3": null }, "geometry": { "type": "Point", "coordinates": [ 37.773411925, 14.396456767000188 ] } },
{ "type": "Feature", "properties": { "adm_p_lvl": 3, "name": "Fatsi", "name_1": null, "name_2": null, "name_3": null, "loc_pcode": null, "x_coord": 39.38341276, "y_coord": 14.39869481, "adm3_name": "Gulo Mekeda", "adm3_name1": null, "adm3_name2": null, "adm3_name3": null, "adm3_pcode": "ET010301", "adm2_name": "Eastern", "adm2_name1": null, "adm2_name2": null, "adm2_name3": null, "adm2_pcode": "ET0103", "adm1_name": "Tigray", "adm1_name1": null, "adm1_name2": null, "adm1_name3": null, "adm1_pcode": "ET01", "adm0_name": null, "adm0_name1": null, "adm0_name2": null, "adm0_name3": null, "adm0_pcode": null, "valid_on": "2025-01-01", "valid_to": null, "version": "v04", "name_lng": "en", "name_lng1": null, "name_lng2": null, "name_lng3": null }, "geometry": { "type": "Point", "coordinates": [ 39.383412762000148, 14.398694808000187 ] } },
{ "type": "Feature", "properties": { "adm_p_lvl": 3, "name": "Rama", "name_1": null, "name_2": null, "name_3": null, "loc_pcode": null, "x_coord": 38.78433211, "y_coord": 14.41227167, "adm3_name": "Rama Adi Arbaete", "adm3_name1": null, "adm3_name2": null, "adm3_name3": null, "adm3_pcode": "ET010214", "adm2_name": "Central", "adm2_name1": null, "adm2_name2": null, "adm2_name3": null, "adm2_pcode": "ET0102", "adm1_name": "Tigray", "adm1_name1": null, "adm1_name2": null, "adm1_name3": null, "adm1_pcode": "ET01", "adm0_name": null, "adm0_name1": null, "adm0_name2": null, "adm0_name3": null, "adm0_pcode": null, "valid_on": "2025-01-01", "valid_to": null, "version": "v04", "name_lng": "en", "name_lng1": null, "name_lng2": null, "name_lng3": null }, "geometry": { "type": "Point", "coordinates": [ 38.78433210999998, 14.412271670000166 ] } },
{ "type": "Feature", "properties": { "adm_p_lvl": 3, "name": "Adi Hageray", "name_1": null, "name_2": null, "name_3": null, "loc_pcode": null, "x_coord": 37.985188, "y_coord": 14.45329, "adm3_name": "Maekel Adiyabo", "adm3_name1": null, "adm3_name2": null, "adm3_name3": null, "adm3_pcode": "ET010112", "adm2_name": "North Western", "adm2_name1": null, "adm2_name2": null, "adm2_name3": null, "adm2_pcode": "ET0101", "adm1_name": "Tigray", "adm1_name1": null, "adm1_name2": null, "adm1_name3": null, "adm1_pcode": "ET01", "adm0_name": null, "adm0_name1": null, "adm0_name2": null, "adm0_name3": null, "adm0_pcode": null, "valid_on": "2025-01-01", "valid_to": null, "version": "v04", "name_lng": "en", "name_lng1": null, "name_lng2": null, "name_lng3": null }, "geometry": { "type": "Point", "coordinates": [ 37.985188, 14.453290000000152 ] } },
{ "type": "Feature", "properties": { "adm_p_lvl": 3, "name": "Gerhusernay", "name_1": null, "name_2": null, "name_3": null, "loc_pcode": null, "x_coord": 39.17010882, "y_coord": 14.48964761, "adm3_name": "Egela", "adm3_name1": null, "adm3_name2": null, "adm3_name3": null, "adm3_pcode": "ET010216", "adm2_name": "Central", "adm2_name1": null, "adm2_name2": null, "adm2_name3": null, "adm2_pcode": "ET0102", "adm1_name": "Tigray", "adm1_name1": null, "adm1_name2": null, "adm1_name3": null, "adm1_pcode": "ET01", "adm0_name": null, "adm0_name1": null, "adm0_name2": null, "adm0_name3": null, "adm0_pcode": null, "valid_on": "2025-01-01", "valid_to": null, "version": "v04", "name_lng": "en", "name_lng1": null, "name_lng2": null, "name_lng3": null }, "geometry": { "type": "Point", "coordinates": [ 39.170108822000145, 14.489647608000098 ] } },
{ "type": "Feature", "properties": { "adm_p_lvl": 3, "name": "Dewhan", "name_1": null, "name_2": null, "name_3": null, "loc_pcode": null, "x_coord": 39.55529402, "y_coord": 14.510014, "adm3_name": "Erob", "adm3_name1": null, "adm3_name2": null, "adm3_name3": null, "adm3_pcode": "ET010302", "adm2_name": "Eastern", "adm2_name1": null, "adm2_name2": null, "adm2_name3": null, "adm2_pcode": "ET0103", "adm1_name": "Tigray", "adm1_name1": null, "adm1_name2": null, "adm1_name3": null, "adm1_pcode": "ET01", "adm0_name": null, "adm0_name1": null, "adm0_name2": null, "adm0_name3": null, "adm0_pcode": null, "valid_on": "2025-01-01", "valid_to": null, "version": "v04", "name_lng": "en", "name_lng1": null, "name_lng2": null, "name_lng3": null }, "geometry": { "type": "Point", "coordinates": [ 39.555294015000072, 14.51001399900008 ] } },
{ "type": "Feature", "properties": { "adm_p_lvl": 3, "name": "Dolo Bay", "name_1": null, "name_2": null, "name_3": null, "loc_pcode": null, "x_coord": 42.06252449, "y_coord": 4.27755333, "adm3_name": "Dolobay", "adm3_name1": null, "adm3_name2": null, "adm3_name3": null, "adm3_pcode": "ET050808", "adm2_name": "Afder", "adm2_name1": null, "adm2_name2": null, "adm2_name3": null, "adm2_pcode": "ET0508", "adm1_name": "Somali", "adm1_name1": null, "adm1_name2": null, "adm1_name3": null, "adm1_pcode": "ET05", "adm0_name": null, "adm0_name1": null, "adm0_name2": null, "adm0_name3": null, "adm0_pcode": null, "valid_on": "2025-01-01", "valid_to": null, "version": "v04", "name_lng": "en", "name_lng1": null, "name_lng2": null, "name_lng3": null }, "geometry": { "type": "Point", "coordinates": [ 42.062524485000097, 4.27755332800001 ] } },
{ "type": "Feature", "properties": { "adm_p_lvl": 3, "name": "Meriha Senay /Sehul", "name_1": null, "name_2": null, "name_3": null, "loc_pcode": null, "x_coord": 38.9851512, "y_coord": 14.32996411, "adm3_name": "Ahsea", "adm3_name1": null, "adm3_name2": null, "adm3_name3": null, "adm3_pcode": "ET010215", "adm2_name": "Central", "adm2_name1": null, "adm2_name2": null, "adm2_name3": null, "adm2_pcode": "ET0102", "adm1_name": "Tigray", "adm1_name1": null, "adm1_name2": null, "adm1_name3": null, "adm1_pcode": "ET01", "adm0_name": null, "adm0_name1": null, "adm0_name2": null, "adm0_name3": null, "adm0_pcode": null, "valid_on": "2025-01-01", "valid_to": null, "version": "v04", "name_lng": "en", "name_lng1": null, "name_lng2": null, "name_lng3": null }, "geometry": { "type": "Point", "coordinates": [ 38.985151200000132, 14.329964109000116 ] } },
{ "type": "Feature", "properties": { "adm_p_lvl": 3, "name": "Zata", "name_1": null, "name_2": null, "name_3": null, "loc_pcode": null, "x_coord": 39.28928666, "y_coord": 12.51035246, "adm3_name": "Zata", "adm3_name1": null, "adm3_name2": null, "adm3_name3": null, "adm3_pcode": "ET010413", "adm2_name": "Southern", "adm2_name1": null, "adm2_name2": null, "adm2_name3": null, "adm2_pcode": "ET0104", "adm1_name": "Contested", "adm1_name1": null, "adm1_name2": null, "adm1_name3": null, "adm1_pcode": "ET01", "adm0_name": null, "adm0_name1": null, "adm0_name2": null, "adm0_name3": null, "adm0_pcode": null, "valid_on": "2025-01-01", "valid_to": null, "version": "v04", "name_lng": "en", "name_lng1": null, "name_lng2": null, "name_lng3": null }, "geometry": { "type": "Point", "coordinates": [ 39.289286655000126, 12.510352463000061 ] } },
{ "type": "Feature", "properties": { "adm_p_lvl": 3, "name": "Morsito", "name_1": null, "name_2": null, "name_3": null, "loc_pcode": null, "x_coord": 37.80411259, "y_coord": 7.69159571, "adm3_name": "Misha", "adm3_name1": null, "adm3_name2": null, "adm3_name3": null, "adm3_pcode": "ET070201", "adm2_name": "Hadiya", "adm2_name1": null, "adm2_name2": null, "adm2_name3": null, "adm2_pcode": "ET0702", "adm1_name": "Central Ethiopia", "adm1_name1": null, "adm1_name2": null, "adm1_name3": null, "adm1_pcode": "ET07", "adm0_name": null, "adm0_name1": null, "adm0_name2": null, "adm0_name3": null, "adm0_pcode": null, "valid_on": "2025-01-01", "valid_to": null, "version": "v04", "name_lng": "en", "name_lng1": null, "name_lng2": null, "name_lng3": null }, "geometry": { "type": "Point", "coordinates": [ 37.804112589, 7.691595711000161 ] } },
{ "type": "Feature", "properties": { "adm_p_lvl": 3, "name": "Mio/ Kosi", "name_1": null, "name_2": null, "name_3": null, "loc_pcode": null, "x_coord": 40.97466202, "y_coord": 6.64424372, "adm3_name": "Dawe Ketchen", "adm3_name1": null, "adm3_name2": null, "adm3_name3": null, "adm3_pcode": "ET042106", "adm2_name": "East Bale", "adm2_name1": null, "adm2_name2": null, "adm2_name3": null, "adm2_pcode": "ET0421", "adm1_name": "Oromia", "adm1_name1": null, "adm1_name2": null, "adm1_name3": null, "adm1_pcode": "ET04", "adm0_name": null, "adm0_name1": null, "adm0_name2": null, "adm0_name3": null, "adm0_pcode": null, "valid_on": "2025-01-01", "valid_to": null, "version": "v04", "name_lng": "en", "name_lng1": null, "name_lng2": null, "name_lng3": null }, "geometry": { "type": "Point", "coordinates": [ 40.974662021000086, 6.644243717000165 ] } },
{ "type": "Feature", "properties": { "adm_p_lvl": 3, "name": "Qewaqoto", "name_1": null, "name_2": null, "name_3": null, "loc_pcode": null, "x_coord": 38.21504267, "y_coord": 8.01021521, "adm3_name": "Alicho Woriro", "adm3_name1": null, "adm3_name2": null, "adm3_name3": null, "adm3_pcode": "ET072001", "adm2_name": "Siltie", "adm2_name1": null, "adm2_name2": null, "adm2_name3": null, "adm2_pcode": "ET0720", "adm1_name": "Central Ethiopia", "adm1_name1": null, "adm1_name2": null, "adm1_name3": null, "adm1_pcode": "ET07", "adm0_name": null, "adm0_name1": null, "adm0_name2": null, "adm0_name3": null, "adm0_pcode": null, "valid_on": "2025-01-01", "valid_to": null, "version": "v04", "name_lng": "en", "name_lng1": null, "name_lng2": null, "name_lng3": null }, "geometry": { "type": "Point", "coordinates": [ 38.215042666000102, 8.010215205000122 ] } },
{ "type": "Feature", "properties": { "adm_p_lvl": 3, "name": "Sululta", "name_1": null, "name_2": null, "name_3": null, "loc_pcode": null, "x_coord": 38.755644, "y_coord": 9.18119628, "adm3_name": "Sululta", "adm3_name1": null, "adm3_name2": null, "adm3_name3": null, "adm3_pcode": "ET0420112", "adm2_name": "Shager City", "adm2_name1": null, "adm2_name2": null, "adm2_name3": null, "adm2_pcode": "ET0420", "adm1_name": "Oromia", "adm1_name1": null, "adm1_name2": null, "adm1_name3": null, "adm1_pcode": "ET04", "adm0_name": null, "adm0_name1": null, "adm0_name2": null, "adm0_name3": null, "adm0_pcode": null, "valid_on": "2025-01-01", "valid_to": null, "version": "v04", "name_lng": "en", "name_lng1": null, "name_lng2": null, "name_lng3": null }, "geometry": { "type": "Point", "coordinates": [ 38.755644001000178, 9.181196277000026 ] } },
{ "type": "Feature", "properties": { "adm_p_lvl": 3, "name": "Moyo", "name_1": null, "name_2": null, "name_3": null, "loc_pcode": null, "x_coord": 39.88835649, "y_coord": 8.25195484, "adm3_name": "Guna", "adm3_name1": null, "adm3_name2": null, "adm3_name3": null, "adm3_pcode": "ET040819", "adm2_name": "Arsi", "adm2_name1": null, "adm2_name2": null, "adm2_name3": null, "adm2_pcode": "ET0408", "adm1_name": "Oromia", "adm1_name1": null, "adm1_name2": null, "adm1_name3": null, "adm1_pcode": "ET04", "adm0_name": null, "adm0_name1": null, "adm0_name2": null, "adm0_name3": null, "adm0_pcode": null, "valid_on": "2025-01-01", "valid_to": null, "version": "v04", "name_lng": "en", "name_lng1": null, "name_lng2": null, "name_lng3": null }, "geometry": { "type": "Point", "coordinates": [ 39.888356487000124, 8.251954836000039 ] } },
{ "type": "Feature", "properties": { "adm_p_lvl": 3, "name": "Birbirsa", "name_1": null, "name_2": null, "name_3": null, "loc_pcode": null, "x_coord": 35.28844846, "y_coord": 7.896728, "adm3_name": "Sale Nono", "adm3_name1": null, "adm3_name2": null, "adm3_name3": null, "adm3_pcode": "ET040313", "adm2_name": "Ilu Aba Bora", "adm2_name1": null, "adm2_name2": null, "adm2_name3": null, "adm2_pcode": "ET0403", "adm1_name": "Oromia", "adm1_name1": null, "adm1_name2": null, "adm1_name3": null, "adm1_pcode": "ET04", "adm0_name": null, "adm0_name1": null, "adm0_name2": null, "adm0_name3": null, "adm0_pcode": null, "valid_on": "2025-01-01", "valid_to": null, "version": "v04", "name_lng": "en", "name_lng1": null, "name_lng2": null, "name_lng3": null }, "geometry": { "type": "Point", "coordinates": [ 35.288448456000026, 7.896728004000067 ] } },
{ "type": "Feature", "properties": { "adm_p_lvl": 3, "name": "Kebusho", "name_1": null, "name_2": null, "name_3": null, "loc_pcode": null, "x_coord": 35.4390815, "y_coord": 6.0712896, "adm3_name": "Surma", "adm3_name1": null, "adm3_name2": null, "adm3_name3": null, "adm3_pcode": "ET110506", "adm2_name": "West Omo", "adm2_name1": null, "adm2_name2": null, "adm2_name3": null, "adm2_pcode": "ET1105", "adm1_name": "South West Ethiopia", "adm1_name1": null, "adm1_name2": null, "adm1_name3": null, "adm1_pcode": "ET11", "adm0_name": null, "adm0_name1": null, "adm0_name2": null, "adm0_name3": null, "adm0_pcode": null, "valid_on": "2025-01-01", "valid_to": null, "version": "v04", "name_lng": "en", "name_lng1": null, "name_lng2": null, "name_lng3": null }, "geometry": { "type": "Point", "coordinates": [ 35.439081501000089, 6.071289600000171 ] } },
{ "type": "Feature", "properties": { "adm_p_lvl": 3, "name": "Beftu", "name_1": null, "name_2": null, "name_3": null, "loc_pcode": null, "x_coord": 35.33695411, "y_coord": 6.85764901, "adm3_name": "Gurafereda", "adm3_name1": null, "adm3_name2": null, "adm3_name3": null, "adm3_pcode": "ET110302", "adm2_name": "Bench Sheko", "adm2_name1": null, "adm2_name2": null, "adm2_name3": null, "adm2_pcode": "ET1103", "adm1_name": "South West Ethiopia", "adm1_name1": null, "adm1_name2": null, "adm1_name3": null, "adm1_pcode": "ET11", "adm0_name": null, "adm0_name1": null, "adm0_name2": null, "adm0_name3": null, "adm0_pcode": null, "valid_on": "2025-01-01", "valid_to": null, "version": "v04", "name_lng": "en", "name_lng1": null, "name_lng2": null, "name_lng3": null }, "geometry": { "type": "Point", "coordinates": [ 35.336954111000182, 6.85764900800018 ] } },
{ "type": "Feature", "properties": { "adm_p_lvl": 3, "name": "Liemo Giento", "name_1": null, "name_2": null, "name_3": null, "loc_pcode": null, "x_coord": 36.81713992, "y_coord": 5.87462728, "adm3_name": "Malie", "adm3_name1": null, "adm3_name2": null, "adm3_name3": null, "adm3_pcode": "ET081204", "adm2_name": "South Omo", "adm2_name1": null, "adm2_name2": null, "adm2_name3": null, "adm2_pcode": "ET0812", "adm1_name": "South Ethiopia", "adm1_name1": null, "adm1_name2": null, "adm1_name3": null, "adm1_pcode": "ET08", "adm0_name": null, "adm0_name1": null, "adm0_name2": null, "adm0_name3": null, "adm0_pcode": null, "valid_on": "2025-01-01", "valid_to": null, "version": "v04", "name_lng": "en", "name_lng1": null, "name_lng2": null, "name_lng3": null }, "geometry": { "type": "Point", "coordinates": [ 36.817139923000013, 5.874627275000137 ] } },
{ "type": "Feature", "properties": { "adm_p_lvl": 3, "name": "Burka", "name_1": null, "name_2": null, "name_3": null, "loc_pcode": null, "x_coord": 41.56297207, "y_coord": 8.81092227, "adm3_name": "Golo Oda", "adm3_name1": null, "adm3_name2": null, "adm3_name3": null, "adm3_pcode": "ET041017", "adm2_name": "East Hararge", "adm2_name1": null, "adm2_name2": null, "adm2_name3": null, "adm2_pcode": "ET0410", "adm1_name": "Oromia", "adm1_name1": null, "adm1_name2": null, "adm1_name3": null, "adm1_pcode": "ET04", "adm0_name": null, "adm0_name1": null, "adm0_name2": null, "adm0_name3": null, "adm0_pcode": null, "valid_on": "2025-01-01", "valid_to": null, "version": "v04", "name_lng": "en", "name_lng1": null, "name_lng2": null, "name_lng3": null }, "geometry": { "type": "Point", "coordinates": [ 41.56297207199998, 8.810922273000074 ] } },
{ "type": "Feature", "properties": { "adm_p_lvl": 3, "name": "Nopa", "name_1": null, "name_2": null, "name_3": null, "loc_pcode": null, "x_coord": 35.61521791, "y_coord": 8.41570238, "adm3_name": "Bilo Nopha", "adm3_name1": null, "adm3_name2": null, "adm3_name3": null, "adm3_pcode": "ET040315", "adm2_name": "Ilu Aba Bora", "adm2_name1": null, "adm2_name2": null, "adm2_name3": null, "adm2_pcode": "ET0403", "adm1_name": "Oromia", "adm1_name1": null, "adm1_name2": null, "adm1_name3": null, "adm1_pcode": "ET04", "adm0_name": null, "adm0_name1": null, "adm0_name2": null, "adm0_name3": null, "adm0_pcode": null, "valid_on": "2025-01-01", "valid_to": null, "version": "v04", "name_lng": "en", "name_lng1": null, "name_lng2": null, "name_lng3": null }, "geometry": { "type": "Point", "coordinates": [ 35.615217907000101, 8.415702378000105 ] } },
{ "type": "Feature", "properties": { "adm_p_lvl": 3, "name": "Ejere", "name_1": null, "name_2": null, "name_3": null, "loc_pcode": null, "x_coord": 38.51845562, "y_coord": 9.90980353, "adm3_name": "Hidabu Abote", "adm3_name1": null, "adm3_name2": null, "adm3_name3": null, "adm3_pcode": "ET040603", "adm2_name": "North Shewa (OR)", "adm2_name1": null, "adm2_name2": null, "adm2_name3": null, "adm2_pcode": "ET0406", "adm1_name": "Oromia", "adm1_name1": null, "adm1_name2": null, "adm1_name3": null, "adm1_pcode": "ET04", "adm0_name": null, "adm0_name1": null, "adm0_name2": null, "adm0_name3": null, "adm0_pcode": null, "valid_on": "2025-01-01", "valid_to": null, "version": "v04", "name_lng": "en", "name_lng1": null, "name_lng2": null, "name_lng3": null }, "geometry": { "type": "Point", "coordinates": [ 38.518455623000136, 9.909803529000158 ] } },
{ "type": "Feature", "properties": { "adm_p_lvl": 3, "name": "Sirbo", "name_1": null, "name_2": null, "name_3": null, "loc_pcode": null, "x_coord": 36.97696656, "y_coord": 7.70988318, "adm3_name": "Kersa (Jimma)", "adm3_name1": null, "adm3_name2": null, "adm3_name3": null, "adm3_pcode": "ET040405", "adm2_name": "Jimma", "adm2_name1": null, "adm2_name2": null, "adm2_name3": null, "adm2_pcode": "ET0404", "adm1_name": "Oromia", "adm1_name1": null, "adm1_name2": null, "adm1_name3": null, "adm1_pcode": "ET04", "adm0_name": null, "adm0_name1": null, "adm0_name2": null, "adm0_name3": null, "adm0_pcode": null, "valid_on": "2025-01-01", "valid_to": null, "version": "v04", "name_lng": "en", "name_lng1": null, "name_lng2": null, "name_lng3": null }, "geometry": { "type": "Point", "coordinates": [ 36.97696656100004, 7.709883179000144 ] } },
{ "type": "Feature", "properties": { "adm_p_lvl": 3, "name": "Kindo Halala", "name_1": null, "name_2": null, "name_3": null, "loc_pcode": null, "x_coord": 37.3417253, "y_coord": 6.7529254, "adm3_name": "Kindo Daddaye", "adm3_name1": null, "adm3_name2": null, "adm3_name3": null, "adm3_pcode": "ET080110", "adm2_name": "Wolayita", "adm2_name1": null, "adm2_name2": null, "adm2_name3": null, "adm2_pcode": "ET0801", "adm1_name": "South Ethiopia", "adm1_name1": null, "adm1_name2": null, "adm1_name3": null, "adm1_pcode": "ET08", "adm0_name": null, "adm0_name1": null, "adm0_name2": null, "adm0_name3": null, "adm0_pcode": null, "valid_on": "2025-01-01", "valid_to": null, "version": "v04", "name_lng": "en", "name_lng1": null, "name_lng2": null, "name_lng3": null }, "geometry": { "type": "Point", "coordinates": [ 37.3417253020001, 6.752925398000173 ] } },
{ "type": "Feature", "properties": { "adm_p_lvl": 3, "name": "Bokaso", "name_1": null, "name_2": null, "name_3": null, "loc_pcode": null, "x_coord": 38.50680048, "y_coord": 6.75516095, "adm3_name": "Wonosho", "adm3_name1": null, "adm3_name2": null, "adm3_name3": null, "adm3_pcode": "ET160013", "adm2_name": "Sidama", "adm2_name1": null, "adm2_name2": null, "adm2_name3": null, "adm2_pcode": "ET1600", "adm1_name": "Sidama", "adm1_name1": null, "adm1_name2": null, "adm1_name3": null, "adm1_pcode": "ET16", "adm0_name": null, "adm0_name1": null, "adm0_name2": null, "adm0_name3": null, "adm0_pcode": null, "valid_on": "2025-01-01", "valid_to": null, "version": "v04", "name_lng": "en", "name_lng1": null, "name_lng2": null, "name_lng3": null }, "geometry": { "type": "Point", "coordinates": [ 38.506800480000095, 6.755160954000075 ] } },
{ "type": "Feature", "properties": { "adm_p_lvl": 3, "name": "Chire", "name_1": null, "name_2": null, "name_3": null, "loc_pcode": null, "x_coord": 39.09103052, "y_coord": 6.53010245, "adm3_name": "Chire", "adm3_name1": null, "adm3_name2": null, "adm3_name3": null, "adm3_pcode": "ET160014", "adm2_name": "Sidama", "adm2_name1": null, "adm2_name2": null, "adm2_name3": null, "adm2_pcode": "ET1600", "adm1_name": "Sidama", "adm1_name1": null, "adm1_name2": null, "adm1_name3": null, "adm1_pcode": "ET16", "adm0_name": null, "adm0_name1": null, "adm0_name2": null, "adm0_name3": null, "adm0_pcode": null, "valid_on": "2025-01-01", "valid_to": null, "version": "v04", "name_lng": "en", "name_lng1": null, "name_lng2": null, "name_lng3": null }, "geometry": { "type": "Point", "coordinates": [ 39.091030515999989, 6.530102453999973 ] } },
{ "type": "Feature", "properties": { "adm_p_lvl": 3, "name": "Bonosha", "name_1": null, "name_2": null, "name_3": null, "loc_pcode": null, "x_coord": 38.09116193, "y_coord": 7.50689398, "adm3_name": "Shashogo", "adm3_name1": null, "adm3_name2": null, "adm3_name3": null, "adm3_pcode": "ET070204", "adm2_name": "Hadiya", "adm2_name1": null, "adm2_name2": null, "adm2_name3": null, "adm2_pcode": "ET0702", "adm1_name": "Central Ethiopia", "adm1_name1": null, "adm1_name2": null, "adm1_name3": null, "adm1_pcode": "ET07", "adm0_name": null, "adm0_name1": null, "adm0_name2": null, "adm0_name3": null, "adm0_pcode": null, "valid_on": "2025-01-01", "valid_to": null, "version": "v04", "name_lng": "en", "name_lng1": null, "name_lng2": null, "name_lng3": null }, "geometry": { "type": "Point", "coordinates": [ 38.091161929000179, 7.506893983000055 ] } },
{ "type": "Feature", "properties": { "adm_p_lvl": 3, "name": "Hawariyat", "name_1": null, "name_2": null, "name_3": null, "loc_pcode": null, "x_coord": 38.06104972, "y_coord": 8.24075923, "adm3_name": "Muhur Na Aklil", "adm3_name1": null, "adm3_name2": null, "adm3_name3": null, "adm3_pcode": "ET070112", "adm2_name": "Guraghe", "adm2_name1": null, "adm2_name2": null, "adm2_name3": null, "adm2_pcode": "ET0701", "adm1_name": "Central Ethiopia", "adm1_name1": null, "adm1_name2": null, "adm1_name3": null, "adm1_pcode": "ET07", "adm0_name": null, "adm0_name1": null, "adm0_name2": null, "adm0_name3": null, "adm0_pcode": null, "valid_on": "2025-01-01", "valid_to": null, "version": "v04", "name_lng": "en", "name_lng1": null, "name_lng2": null, "name_lng3": null }, "geometry": { "type": "Point", "coordinates": [ 38.06104971600007, 8.24075922600008 ] } },
{ "type": "Feature", "properties": { "adm_p_lvl": 3, "name": "Bulen", "name_1": null, "name_2": null, "name_3": null, "loc_pcode": null, "x_coord": 36.073636, "y_coord": 10.60019246, "adm3_name": "Bulen", "adm3_name1": null, "adm3_name2": null, "adm3_name3": null, "adm3_pcode": "ET060207", "adm2_name": "Metekel", "adm2_name1": null, "adm2_name2": null, "adm2_name3": null, "adm2_pcode": "ET0602", "adm1_name": "Benishangul-Gumuz", "adm1_name1": null, "adm1_name2": null, "adm1_name3": null, "adm1_pcode": "ET06", "adm0_name": null, "adm0_name1": null, "adm0_name2": null, "adm0_name3": null, "adm0_pcode": null, "valid_on": "2025-01-01", "valid_to": null, "version": "v04", "name_lng": "en", "name_lng1": null, "name_lng2": null, "name_lng3": null }, "geometry": { "type": "Point", "coordinates": [ 36.073636003000161, 10.600192461000177 ] } },
{ "type": "Feature", "properties": { "adm_p_lvl": 3, "name": "Diza /Koncho", "name_1": null, "name_2": null, "name_3": null, "loc_pcode": null, "x_coord": 35.27753976, "y_coord": 10.06812571, "adm3_name": "Sedal", "adm3_name1": null, "adm3_name2": null, "adm3_name3": null, "adm3_pcode": "ET060402", "adm2_name": "Kamashi", "adm2_name1": null, "adm2_name2": null, "adm2_name3": null, "adm2_pcode": "ET0604", "adm1_name": "Benishangul-Gumuz", "adm1_name1": null, "adm1_name2": null, "adm1_name3": null, "adm1_pcode": "ET06", "adm0_name": null, "adm0_name1": null, "adm0_name2": null, "adm0_name3": null, "adm0_pcode": null, "valid_on": "2025-01-01", "valid_to": null, "version": "v04", "name_lng": "en", "name_lng1": null, "name_lng2": null, "name_lng3": null }, "geometry": { "type": "Point", "coordinates": [ 35.277539755000134, 10.068125714000132 ] } },
{ "type": "Feature", "properties": { "adm_p_lvl": 3, "name": "Bilidigilu", "name_1": null, "name_2": null, "name_3": null, "loc_pcode": null, "x_coord": 35.08893146, "y_coord": 10.21939782, "adm3_name": "Bilidigilu", "adm3_name1": null, "adm3_name2": null, "adm3_name3": null, "adm3_pcode": "ET060306", "adm2_name": "Assosa", "adm2_name1": null, "adm2_name2": null, "adm2_name3": null, "adm2_pcode": "ET0603", "adm1_name": "Benishangul-Gumuz", "adm1_name1": null, "adm1_name2": null, "adm1_name3": null, "adm1_pcode": "ET06", "adm0_name": null, "adm0_name1": null, "adm0_name2": null, "adm0_name3": null, "adm0_pcode": null, "valid_on": "2025-01-01", "valid_to": null, "version": "v04", "name_lng": "en", "name_lng1": null, "name_lng2": null, "name_lng3": null }, "geometry": { "type": "Point", "coordinates": [ 35.088931457000058, 10.21939781500015 ] } },
{ "type": "Feature", "properties": { "adm_p_lvl": 3, "name": "Manbuk", "name_1": null, "name_2": null, "name_3": null, "loc_pcode": null, "x_coord": 36.2439858, "y_coord": 11.2951592, "adm3_name": "Dangur", "adm3_name1": null, "adm3_name2": null, "adm3_name3": null, "adm3_pcode": "ET060201", "adm2_name": "Metekel", "adm2_name1": null, "adm2_name2": null, "adm2_name3": null, "adm2_pcode": "ET0602", "adm1_name": "Benishangul-Gumuz", "adm1_name1": null, "adm1_name2": null, "adm1_name3": null, "adm1_pcode": "ET06", "adm0_name": null, "adm0_name1": null, "adm0_name2": null, "adm0_name3": null, "adm0_pcode": null, "valid_on": "2025-01-01", "valid_to": null, "version": "v04", "name_lng": "en", "name_lng1": null, "name_lng2": null, "name_lng3": null }, "geometry": { "type": "Point", "coordinates": [ 36.243985800000189, 11.295159199000068 ] } },
{ "type": "Feature", "properties": { "adm_p_lvl": 3, "name": "Zayi /Yaso", "name_1": null, "name_2": null, "name_3": null, "loc_pcode": null, "x_coord": 36.09443344, "y_coord": 9.8747187, "adm3_name": "Zayi", "adm3_name1": null, "adm3_name2": null, "adm3_name3": null, "adm3_pcode": "ET060401", "adm2_name": "Kamashi", "adm2_name1": null, "adm2_name2": null, "adm2_name3": null, "adm2_pcode": "ET0604", "adm1_name": "Benishangul-Gumuz", "adm1_name1": null, "adm1_name2": null, "adm1_name3": null, "adm1_pcode": "ET06", "adm0_name": null, "adm0_name1": null, "adm0_name2": null, "adm0_name3": null, "adm0_pcode": null, "valid_on": "2025-01-01", "valid_to": null, "version": "v04", "name_lng": "en", "name_lng1": null, "name_lng2": null, "name_lng3": null }, "geometry": { "type": "Point", "coordinates": [ 36.094433436000088, 9.874718700000074 ] } },
{ "type": "Feature", "properties": { "adm_p_lvl": 3, "name": "Migniga /Soge", "name_1": null, "name_2": null, "name_3": null, "loc_pcode": null, "x_coord": 36.18900244, "y_coord": 9.36033141, "adm3_name": "Mezniga", "adm3_name1": null, "adm3_name2": null, "adm3_name3": null, "adm3_pcode": "ET060405", "adm2_name": "Kamashi", "adm2_name1": null, "adm2_name2": null, "adm2_name3": null, "adm2_pcode": "ET0604", "adm1_name": "Benishangul-Gumuz", "adm1_name1": null, "adm1_name2": null, "adm1_name3": null, "adm1_pcode": "ET06", "adm0_name": null, "adm0_name1": null, "adm0_name2": null, "adm0_name3": null, "adm0_pcode": null, "valid_on": "2025-01-01", "valid_to": null, "version": "v04", "name_lng": "en", "name_lng1": null, "name_lng2": null, "name_lng3": null }, "geometry": { "type": "Point", "coordinates": [ 36.189002443000163, 9.360331414000086 ] } },
{ "type": "Feature", "properties": { "adm_p_lvl": 3, "name": "Homosha", "name_1": null, "name_2": null, "name_3": null, "loc_pcode": null, "x_coord": 34.63243805, "y_coord": 10.31362675, "adm3_name": "Homosha", "adm3_name1": null, "adm3_name2": null, "adm3_name3": null, "adm3_pcode": "ET060307", "adm2_name": "Assosa", "adm2_name1": null, "adm2_name2": null, "adm2_name3": null, "adm2_pcode": "ET0603", "adm1_name": "Benishangul-Gumuz", "adm1_name1": null, "adm1_name2": null, "adm1_name3": null, "adm1_pcode": "ET06", "adm0_name": null, "adm0_name1": null, "adm0_name2": null, "adm0_name3": null, "adm0_pcode": null, "valid_on": "2025-01-01", "valid_to": null, "version": "v04", "name_lng": "en", "name_lng1": null, "name_lng2": null, "name_lng3": null }, "geometry": { "type": "Point", "coordinates": [ 34.632438050000019, 10.313626749999969 ] } },
{ "type": "Feature", "properties": { "adm_p_lvl": 3, "name": "Tongo", "name_1": null, "name_2": null, "name_3": null, "loc_pcode": null, "x_coord": 34.43863378, "y_coord": 9.37420852, "adm3_name": "Maokomo Special", "adm3_name1": null, "adm3_name2": null, "adm3_name3": null, "adm3_pcode": "ET060508", "adm2_name": "Mao Komo Special", "adm2_name1": null, "adm2_name2": null, "adm2_name3": null, "adm2_pcode": "ET0605", "adm1_name": "Benishangul-Gumuz", "adm1_name1": null, "adm1_name2": null, "adm1_name3": null, "adm1_pcode": "ET06", "adm0_name": null, "adm0_name1": null, "adm0_name2": null, "adm0_name3": null, "adm0_pcode": null, "valid_on": "2025-01-01", "valid_to": null, "version": "v04", "name_lng": "en", "name_lng1": null, "name_lng2": null, "name_lng3": null }, "geometry": { "type": "Point", "coordinates": [ 34.438633780000146, 9.374208520000025 ] } },
{ "type": "Feature", "properties": { "adm_p_lvl": 3, "name": "Hor Azahab", "name_1": null, "name_2": null, "name_3": null, "loc_pcode": null, "x_coord": 34.35233964, "y_coord": 10.57162015, "adm3_name": "Kurmuk", "adm3_name1": null, "adm3_name2": null, "adm3_name3": null, "adm3_pcode": "ET060302", "adm2_name": "Assosa", "adm2_name1": null, "adm2_name2": null, "adm2_name3": null, "adm2_pcode": "ET0603", "adm1_name": "Benishangul-Gumuz", "adm1_name1": null, "adm1_name2": null, "adm1_name3": null, "adm1_pcode": "ET06", "adm0_name": null, "adm0_name1": null, "adm0_name2": null, "adm0_name3": null, "adm0_pcode": null, "valid_on": "2025-01-01", "valid_to": null, "version": "v04", "name_lng": "en", "name_lng1": null, "name_lng2": null, "name_lng3": null }, "geometry": { "type": "Point", "coordinates": [ 34.352339637000114, 10.571620146000157 ] } },
{ "type": "Feature", "properties": { "adm_p_lvl": 3, "name": "Alimu", "name_1": null, "name_2": null, "name_3": null, "loc_pcode": null, "x_coord": 36.38377799, "y_coord": 11.25924656, "adm3_name": "Pawe", "adm3_name1": null, "adm3_name2": null, "adm3_name3": null, "adm3_pcode": "ET060206", "adm2_name": "Metekel", "adm2_name1": null, "adm2_name2": null, "adm2_name3": null, "adm2_pcode": "ET0602", "adm1_name": "Benishangul-Gumuz", "adm1_name1": null, "adm1_name2": null, "adm1_name3": null, "adm1_pcode": "ET06", "adm0_name": null, "adm0_name1": null, "adm0_name2": null, "adm0_name3": null, "adm0_pcode": null, "valid_on": "2025-01-01", "valid_to": null, "version": "v04", "name_lng": "en", "name_lng1": null, "name_lng2": null, "name_lng3": null }, "geometry": { "type": "Point", "coordinates": [ 36.38377798900018, 11.259246558000029 ] } },
{ "type": "Feature", "properties": { "adm_p_lvl": 3, "name": "Bura", "name_1": null, "name_2": null, "name_3": null, "loc_pcode": null, "x_coord": 38.87308228, "y_coord": 6.66240562, "adm3_name": "Bura", "adm3_name1": null, "adm3_name2": null, "adm3_name3": null, "adm3_pcode": "ET160024", "adm2_name": "Sidama", "adm2_name1": null, "adm2_name2": null, "adm2_name3": null, "adm2_pcode": "ET1600", "adm1_name": "Sidama", "adm1_name1": null, "adm1_name2": null, "adm1_name3": null, "adm1_pcode": "ET16", "adm0_name": null, "adm0_name1": null, "adm0_name2": null, "adm0_name3": null, "adm0_pcode": null, "valid_on": "2025-01-01", "valid_to": null, "version": "v04", "name_lng": "en", "name_lng1": null, "name_lng2": null, "name_lng3": null }, "geometry": { "type": "Point", "coordinates": [ 38.873082279000187, 6.662405618000037 ] } },
{ "type": "Feature", "properties": { "adm_p_lvl": 3, "name": "Faracho", "name_1": null, "name_2": null, "name_3": null, "loc_pcode": null, "x_coord": 37.82206195, "y_coord": 6.64154391, "adm3_name": "Abela Abaya", "adm3_name1": null, "adm3_name2": null, "adm3_name3": null, "adm3_pcode": "ET080121", "adm2_name": "Wolayita", "adm2_name1": null, "adm2_name2": null, "adm2_name3": null, "adm2_pcode": "ET0801", "adm1_name": "South Ethiopia", "adm1_name1": null, "adm1_name2": null, "adm1_name3": null, "adm1_pcode": "ET08", "adm0_name": null, "adm0_name1": null, "adm0_name2": null, "adm0_name3": null, "adm0_pcode": null, "valid_on": "2025-01-01", "valid_to": null, "version": "v04", "name_lng": "en", "name_lng1": null, "name_lng2": null, "name_lng3": null }, "geometry": { "type": "Point", "coordinates": [ 37.822061945000144, 6.641543914000181 ] } },
{ "type": "Feature", "properties": { "adm_p_lvl": 3, "name": "Asketema", "name_1": null, "name_2": null, "name_3": null, "loc_pcode": null, "x_coord": 39.015379, "y_coord": 12.409989, "adm3_name": "Gaz Gibla", "adm3_name1": null, "adm3_name2": null, "adm3_name3": null, "adm3_pcode": "ET030804", "adm2_name": "Wag Hamra", "adm2_name1": null, "adm2_name2": null, "adm2_name3": null, "adm2_pcode": "ET0308", "adm1_name": "Amhara", "adm1_name1": null, "adm1_name2": null, "adm1_name3": null, "adm1_pcode": "ET03", "adm0_name": null, "adm0_name1": null, "adm0_name2": null, "adm0_name3": null, "adm0_pcode": null, "valid_on": "2025-01-01", "valid_to": null, "version": "v04", "name_lng": "en", "name_lng1": null, "name_lng2": null, "name_lng3": null }, "geometry": { "type": "Point", "coordinates": [ 39.015379000000109, 12.409989000000166 ] } },
{ "type": "Feature", "properties": { "adm_p_lvl": 3, "name": "Kangaten", "name_1": null, "name_2": null, "name_3": null, "loc_pcode": null, "x_coord": 36.0923491, "y_coord": 5.18027266, "adm3_name": "Nyngatom", "adm3_name1": null, "adm3_name2": null, "adm3_name3": null, "adm3_pcode": "ET081205", "adm2_name": "South Omo", "adm2_name1": null, "adm2_name2": null, "adm2_name3": null, "adm2_pcode": "ET0812", "adm1_name": "South Ethiopia", "adm1_name1": null, "adm1_name2": null, "adm1_name3": null, "adm1_pcode": "ET08", "adm0_name": null, "adm0_name1": null, "adm0_name2": null, "adm0_name3": null, "adm0_pcode": null, "valid_on": "2025-01-01", "valid_to": null, "version": "v04", "name_lng": "en", "name_lng1": null, "name_lng2": null, "name_lng3": null }, "geometry": { "type": "Point", "coordinates": [ 36.092349097000181, 5.180272662000164 ] } },
{ "type": "Feature", "properties": { "adm_p_lvl": 3, "name": "Yoale", "name_1": null, "name_2": null, "name_3": null, "loc_pcode": null, "x_coord": 43.856636, "y_coord": 8.420405, "adm3_name": "Yocale", "adm3_name1": null, "adm3_name2": null, "adm3_name3": null, "adm3_pcode": "ET050382", "adm2_name": "Jarar", "adm2_name1": null, "adm2_name2": null, "adm2_name3": null, "adm2_pcode": "ET0503", "adm1_name": "Somali", "adm1_name1": null, "adm1_name2": null, "adm1_name3": null, "adm1_pcode": "ET05", "adm0_name": null, "adm0_name1": null, "adm0_name2": null, "adm0_name3": null, "adm0_pcode": null, "valid_on": "2025-01-01", "valid_to": null, "version": "v04", "name_lng": "en", "name_lng1": null, "name_lng2": null, "name_lng3": null }, "geometry": { "type": "Point", "coordinates": [ 43.856636, 8.420405000000187 ] } },
{ "type": "Feature", "properties": { "adm_p_lvl": 3, "name": "Gashena", "name_1": null, "name_2": null, "name_3": null, "loc_pcode": null, "x_coord": 38.92310853, "y_coord": 11.68806709, "adm3_name": "Gashena town", "adm3_name1": null, "adm3_name2": null, "adm3_name3": null, "adm3_pcode": "ET030315", "adm2_name": "North Wello", "adm2_name1": null, "adm2_name2": null, "adm2_name3": null, "adm2_pcode": "ET0303", "adm1_name": "Amhara", "adm1_name1": null, "adm1_name2": null, "adm1_name3": null, "adm1_pcode": "ET03", "adm0_name": null, "adm0_name1": null, "adm0_name2": null, "adm0_name3": null, "adm0_pcode": null, "valid_on": "2025-01-01", "valid_to": null, "version": "v04", "name_lng": "en", "name_lng1": null, "name_lng2": null, "name_lng3": null }, "geometry": { "type": "Point", "coordinates": [ 38.923108526000021, 11.688067093000143 ] } },
{ "type": "Feature", "properties": { "adm_p_lvl": 3, "name": "Rimeti", "name_1": null, "name_2": null, "name_3": null, "loc_pcode": null, "x_coord": 40.49219006, "y_coord": 8.16085976, "adm3_name": "Hawi Gudina", "adm3_name1": null, "adm3_name2": null, "adm3_name3": null, "adm3_pcode": "ET040915", "adm2_name": "West Hararge", "adm2_name1": null, "adm2_name2": null, "adm2_name3": null, "adm2_pcode": "ET0409", "adm1_name": "Oromia", "adm1_name1": null, "adm1_name2": null, "adm1_name3": null, "adm1_pcode": "ET04", "adm0_name": null, "adm0_name1": null, "adm0_name2": null, "adm0_name3": null, "adm0_pcode": null, "valid_on": "2025-01-01", "valid_to": null, "version": "v04", "name_lng": "en", "name_lng1": null, "name_lng2": null, "name_lng3": null }, "geometry": { "type": "Point", "coordinates": [ 40.492190063000066, 8.16085975500016 ] } },
{ "type": "Feature", "properties": { "adm_p_lvl": 3, "name": "Karsadula", "name_1": null, "name_2": null, "name_3": null, "loc_pcode": null, "x_coord": 39.925373, "y_coord": 5.805682, "adm3_name": "Meda Welabu", "adm3_name1": null, "adm3_name2": null, "adm3_name3": null, "adm3_pcode": "ET042203", "adm2_name": "East Borena", "adm2_name1": null, "adm2_name2": null, "adm2_name3": null, "adm2_pcode": "ET0422", "adm1_name": "Oromia", "adm1_name1": null, "adm1_name2": null, "adm1_name3": null, "adm1_pcode": "ET04", "adm0_name": null, "adm0_name1": null, "adm0_name2": null, "adm0_name3": null, "adm0_pcode": null, "valid_on": "2025-01-01", "valid_to": null, "version": "v04", "name_lng": "en", "name_lng1": null, "name_lng2": null, "name_lng3": null }, "geometry": { "type": "Point", "coordinates": [ 39.92537300000015, 5.805682000000104 ] } },
{ "type": "Feature", "properties": { "adm_p_lvl": 3, "name": "Telalak", "name_1": null, "name_2": null, "name_3": null, "loc_pcode": null, "x_coord": 40.21428392, "y_coord": 10.94466489, "adm3_name": "Telalek", "adm3_name1": null, "adm3_name2": null, "adm3_name3": null, "adm3_pcode": "ET020501", "adm2_name": "Hari /Zone 5", "adm2_name1": null, "adm2_name2": null, "adm2_name3": null, "adm2_pcode": "ET0205", "adm1_name": "Afar", "adm1_name1": null, "adm1_name2": null, "adm1_name3": null, "adm1_pcode": "ET02", "adm0_name": null, "adm0_name1": null, "adm0_name2": null, "adm0_name3": null, "adm0_pcode": null, "valid_on": "2025-01-01", "valid_to": null, "version": "v04", "name_lng": "en", "name_lng1": null, "name_lng2": null, "name_lng3": null }, "geometry": { "type": "Point", "coordinates": [ 40.214283923000039, 10.944664888000034 ] } },
{ "type": "Feature", "properties": { "adm_p_lvl": 3, "name": "Moyale O", "name_1": null, "name_2": null, "name_3": null, "loc_pcode": null, "x_coord": 39.04486731, "y_coord": 3.57159805, "adm3_name": "Moyale (OR)", "adm3_name1": null, "adm3_name2": null, "adm3_name3": null, "adm3_pcode": "ET041210", "adm2_name": "Borena", "adm2_name1": null, "adm2_name2": null, "adm2_name3": null, "adm2_pcode": "ET0412", "adm1_name": "Oromia", "adm1_name1": null, "adm1_name2": null, "adm1_name3": null, "adm1_pcode": "ET04", "adm0_name": null, "adm0_name1": null, "adm0_name2": null, "adm0_name3": null, "adm0_pcode": null, "valid_on": "2025-01-01", "valid_to": null, "version": "v04", "name_lng": "en", "name_lng1": null, "name_lng2": null, "name_lng3": null }, "geometry": { "type": "Point", "coordinates": [ 39.044867311000075, 3.571598048000055 ] } },
{ "type": "Feature", "properties": { "adm_p_lvl": 3, "name": "Kisad Gaba", "name_1": null, "name_2": null, "name_3": null, "loc_pcode": null, "x_coord": 38.09716, "y_coord": 14.1226, "adm3_name": "Asgede", "adm3_name1": null, "adm3_name2": null, "adm3_name3": null, "adm3_pcode": "ET010105", "adm2_name": "North Western", "adm2_name1": null, "adm2_name2": null, "adm2_name3": null, "adm2_pcode": "ET0101", "adm1_name": "Tigray", "adm1_name1": null, "adm1_name2": null, "adm1_name3": null, "adm1_pcode": "ET01", "adm0_name": null, "adm0_name1": null, "adm0_name2": null, "adm0_name3": null, "adm0_pcode": null, "valid_on": "2025-01-01", "valid_to": null, "version": "v04", "name_lng": "en", "name_lng1": null, "name_lng2": null, "name_lng3": null }, "geometry": { "type": "Point", "coordinates": [ 38.09716, 14.122600000000148 ] } },
{ "type": "Feature", "properties": { "adm_p_lvl": 3, "name": "Adi Nebri Id", "name_1": null, "name_2": null, "name_3": null, "loc_pcode": null, "x_coord": 38.18773147, "y_coord": 14.41384432, "adm3_name": "Seyemti Adyabo", "adm3_name1": null, "adm3_name2": null, "adm3_name3": null, "adm3_pcode": "ET010110", "adm2_name": "North Western", "adm2_name1": null, "adm2_name2": null, "adm2_name3": null, "adm2_pcode": "ET0101", "adm1_name": "Tigray", "adm1_name1": null, "adm1_name2": null, "adm1_name3": null, "adm1_pcode": "ET01", "adm0_name": null, "adm0_name1": null, "adm0_name2": null, "adm0_name3": null, "adm0_pcode": null, "valid_on": "2025-01-01", "valid_to": null, "version": "v04", "name_lng": "en", "name_lng1": null, "name_lng2": null, "name_lng3": null }, "geometry": { "type": "Point", "coordinates": [ 38.187731465000127, 14.413844320000067 ] } },
{ "type": "Feature", "properties": { "adm_p_lvl": 3, "name": "Sodata", "name_1": null, "name_2": null, "name_3": null, "loc_pcode": null, "x_coord": 40.97324453, "y_coord": 12.81250984, "adm3_name": "Bidu", "adm3_name1": null, "adm3_name2": null, "adm3_name3": null, "adm3_pcode": "ET020208", "adm2_name": "Kilbati /Zone2", "adm2_name1": null, "adm2_name2": null, "adm2_name3": null, "adm2_pcode": "ET0202", "adm1_name": "Afar", "adm1_name1": null, "adm1_name2": null, "adm1_name3": null, "adm1_pcode": "ET02", "adm0_name": null, "adm0_name1": null, "adm0_name2": null, "adm0_name3": null, "adm0_pcode": null, "valid_on": "2025-01-01", "valid_to": null, "version": "v04", "name_lng": "en", "name_lng1": null, "name_lng2": null, "name_lng3": null }, "geometry": { "type": "Point", "coordinates": [ 40.973244528000123, 12.812509838000153 ] } },
{ "type": "Feature", "properties": { "adm_p_lvl": 3, "name": "Guyah/60", "name_1": null, "name_2": null, "name_3": null, "loc_pcode": null, "x_coord": 41.183, "y_coord": 12.403506, "adm3_name": "Kori", "adm3_name1": null, "adm3_name2": null, "adm3_name3": null, "adm3_pcode": "ET020108", "adm2_name": "Awsi /Zone 1", "adm2_name1": null, "adm2_name2": null, "adm2_name3": null, "adm2_pcode": "ET0201", "adm1_name": "Afar", "adm1_name1": null, "adm1_name2": null, "adm1_name3": null, "adm1_pcode": "ET02", "adm0_name": null, "adm0_name1": null, "adm0_name2": null, "adm0_name3": null, "adm0_pcode": null, "valid_on": "2025-01-01", "valid_to": null, "version": "v04", "name_lng": "en", "name_lng1": null, "name_lng2": null, "name_lng3": null }, "geometry": { "type": "Point", "coordinates": [ 41.183000000000163, 12.403506 ] } },
{ "type": "Feature", "properties": { "adm_p_lvl": 3, "name": "Moyale S", "name_1": null, "name_2": null, "name_3": null, "loc_pcode": null, "x_coord": 39.04687728, "y_coord": 3.56925501, "adm3_name": "Moyale (OR)", "adm3_name1": null, "adm3_name2": null, "adm3_name3": null, "adm3_pcode": "ET041210", "adm2_name": "Borena", "adm2_name1": null, "adm2_name2": null, "adm2_name3": null, "adm2_pcode": "ET0412", "adm1_name": "Oromia", "adm1_name1": null, "adm1_name2": null, "adm1_name3": null, "adm1_pcode": "ET04", "adm0_name": null, "adm0_name1": null, "adm0_name2": null, "adm0_name3": null, "adm0_pcode": null, "valid_on": "2025-01-01", "valid_to": null, "version": "v04", "name_lng": "en", "name_lng1": null, "name_lng2": null, "name_lng3": null }, "geometry": { "type": "Point", "coordinates": [ 39.046877278000181, 3.569255013000088 ] } },
{ "type": "Feature", "properties": { "adm_p_lvl": 3, "name": "Abakoro", "name_1": null, "name_2": null, "name_3": null, "loc_pcode": null, "x_coord": 42.63001991, "y_coord": 6.26094498, "adm3_name": "Aba-Korow", "adm3_name1": null, "adm3_name2": null, "adm3_name3": null, "adm3_pcode": "ET050699", "adm2_name": "Shabelle", "adm2_name1": null, "adm2_name2": null, "adm2_name3": null, "adm2_pcode": "ET0506", "adm1_name": "Somali", "adm1_name1": null, "adm1_name2": null, "adm1_name3": null, "adm1_pcode": "ET05", "adm0_name": null, "adm0_name1": null, "adm0_name2": null, "adm0_name3": null, "adm0_pcode": null, "valid_on": "2025-01-01", "valid_to": null, "version": "v04", "name_lng": "en", "name_lng1": null, "name_lng2": null, "name_lng3": null }, "geometry": { "type": "Point", "coordinates": [ 42.630019905000097, 6.260944984000162 ] } },
{ "type": "Feature", "properties": { "adm_p_lvl": 3, "name": "God-god", "name_1": null, "name_2": null, "name_3": null, "loc_pcode": null, "x_coord": 43.21770425, "y_coord": 4.90518038, "adm3_name": "God-God", "adm3_name1": null, "adm3_name2": null, "adm3_name3": null, "adm3_pcode": "ET050899", "adm2_name": "Afder", "adm2_name1": null, "adm2_name2": null, "adm2_name3": null, "adm2_pcode": "ET0508", "adm1_name": "Somali", "adm1_name1": null, "adm1_name2": null, "adm1_name3": null, "adm1_pcode": "ET05", "adm0_name": null, "adm0_name1": null, "adm0_name2": null, "adm0_name3": null, "adm0_pcode": null, "valid_on": "2025-01-01", "valid_to": null, "version": "v04", "name_lng": "en", "name_lng1": null, "name_lng2": null, "name_lng3": null }, "geometry": { "type": "Point", "coordinates": [ 43.217704248000075, 4.905180375000043 ] } },
{ "type": "Feature", "properties": { "adm_p_lvl": 3, "name": "Kohle", "name_1": null, "name_2": null, "name_3": null, "loc_pcode": null, "x_coord": 43.176, "y_coord": 5.12, "adm3_name": "Kohle /Qoxle", "adm3_name1": null, "adm3_name2": null, "adm3_name3": null, "adm3_pcode": "ET050898", "adm2_name": "Afder", "adm2_name1": null, "adm2_name2": null, "adm2_name3": null, "adm2_pcode": "ET0508", "adm1_name": "Somali", "adm1_name1": null, "adm1_name2": null, "adm1_name3": null, "adm1_pcode": "ET05", "adm0_name": null, "adm0_name1": null, "adm0_name2": null, "adm0_name3": null, "adm0_pcode": null, "valid_on": "2025-01-01", "valid_to": null, "version": "v04", "name_lng": "en", "name_lng1": null, "name_lng2": null, "name_lng3": null }, "geometry": { "type": "Point", "coordinates": [ 43.176, 5.120000000000118 ] } },
{ "type": "Feature", "properties": { "adm_p_lvl": 3, "name": "Galahamur", "name_1": null, "name_2": null, "name_3": null, "loc_pcode": null, "x_coord": 47.11888265, "y_coord": 7.54783586, "adm3_name": "Galhamur", "adm3_name1": null, "adm3_name2": null, "adm3_name3": null, "adm3_pcode": "ET050799", "adm2_name": "Doolo", "adm2_name1": null, "adm2_name2": null, "adm2_name3": null, "adm2_pcode": "ET0507", "adm1_name": "Somali", "adm1_name1": null, "adm1_name2": null, "adm1_name3": null, "adm1_pcode": "ET05", "adm0_name": null, "adm0_name1": null, "adm0_name2": null, "adm0_name3": null, "adm0_pcode": null, "valid_on": "2025-01-01", "valid_to": null, "version": "v04", "name_lng": "en", "name_lng1": null, "name_lng2": null, "name_lng3": null }, "geometry": { "type": "Point", "coordinates": [ 47.118882653000128, 7.547835861000067 ] } },
{ "type": "Feature", "properties": { "adm_p_lvl": 3, "name": "Lehel-Yucub", "name_1": null, "name_2": null, "name_3": null, "loc_pcode": null, "x_coord": 44.984075, "y_coord": 6.788888, "adm3_name": "Lehel-Yucub", "adm3_name1": null, "adm3_name2": null, "adm3_name3": null, "adm3_pcode": "ET050798", "adm2_name": "Doolo", "adm2_name1": null, "adm2_name2": null, "adm2_name3": null, "adm2_pcode": "ET0507", "adm1_name": "Somali", "adm1_name1": null, "adm1_name2": null, "adm1_name3": null, "adm1_pcode": "ET05", "adm0_name": null, "adm0_name1": null, "adm0_name2": null, "adm0_name3": null, "adm0_pcode": null, "valid_on": "2025-01-01", "valid_to": null, "version": "v04", "name_lng": "en", "name_lng1": null, "name_lng2": null, "name_lng3": null }, "geometry": { "type": "Point", "coordinates": [ 44.984075000000132, 6.788888000000156 ] } },
{ "type": "Feature", "properties": { "adm_p_lvl": 3, "name": "Horshagah", "name_1": null, "name_2": null, "name_3": null, "loc_pcode": null, "x_coord": 43.47136372, "y_coord": 6.86606967, "adm3_name": "Horshagah", "adm3_name1": null, "adm3_name2": null, "adm3_name3": null, "adm3_pcode": "ET051095", "adm2_name": "Nogob", "adm2_name1": null, "adm2_name2": null, "adm2_name3": null, "adm2_pcode": "ET0510", "adm1_name": "Somali", "adm1_name1": null, "adm1_name2": null, "adm1_name3": null, "adm1_pcode": "ET05", "adm0_name": null, "adm0_name1": null, "adm0_name2": null, "adm0_name3": null, "adm0_pcode": null, "valid_on": "2025-01-01", "valid_to": null, "version": "v04", "name_lng": "en", "name_lng1": null, "name_lng2": null, "name_lng3": null }, "geometry": { "type": "Point", "coordinates": [ 43.471363722000149, 6.866069665000111 ] } },
{ "type": "Feature", "properties": { "adm_p_lvl": 3, "name": "Bilail-bur", "name_1": null, "name_2": null, "name_3": null, "loc_pcode": null, "x_coord": 43.246777, "y_coord": 8.474225, "adm3_name": "Bilcil-Bur", "adm3_name1": null, "adm3_name2": null, "adm3_name3": null, "adm3_pcode": "ET050306", "adm2_name": "Jarar", "adm2_name1": null, "adm2_name2": null, "adm2_name3": null, "adm2_pcode": "ET0503", "adm1_name": "Somali", "adm1_name1": null, "adm1_name2": null, "adm1_name3": null, "adm1_pcode": "ET05", "adm0_name": null, "adm0_name1": null, "adm0_name2": null, "adm0_name3": null, "adm0_pcode": null, "valid_on": "2025-01-01", "valid_to": null, "version": "v04", "name_lng": "en", "name_lng1": null, "name_lng2": null, "name_lng3": null }, "geometry": { "type": "Point", "coordinates": [ 43.246777, 8.47422500000016 ] } },
{ "type": "Feature", "properties": { "adm_p_lvl": 3, "name": "Dig", "name_1": null, "name_2": null, "name_3": null, "loc_pcode": null, "x_coord": 44.504381, "y_coord": 7.755455, "adm3_name": "Dig", "adm3_name1": null, "adm3_name2": null, "adm3_name3": null, "adm3_pcode": "ET050399", "adm2_name": "Jarar", "adm2_name1": null, "adm2_name2": null, "adm2_name3": null, "adm2_pcode": "ET0503", "adm1_name": "Somali", "adm1_name1": null, "adm1_name2": null, "adm1_name3": null, "adm1_pcode": "ET05", "adm0_name": null, "adm0_name1": null, "adm0_name2": null, "adm0_name3": null, "adm0_pcode": null, "valid_on": "2025-01-01", "valid_to": null, "version": "v04", "name_lng": "en", "name_lng1": null, "name_lng2": null, "name_lng3": null }, "geometry": { "type": "Point", "coordinates": [ 44.504381000000137, 7.755455 ] } },
{ "type": "Feature", "properties": { "adm_p_lvl": 3, "name": "Bodaley", "name_1": null, "name_2": null, "name_3": null, "loc_pcode": null, "x_coord": 44.16564469, "y_coord": 7.07470628, "adm3_name": "Bodaley", "adm3_name1": null, "adm3_name2": null, "adm3_name3": null, "adm3_pcode": "ET050599", "adm2_name": "Korahe", "adm2_name1": null, "adm2_name2": null, "adm2_name3": null, "adm2_pcode": "ET0505", "adm1_name": "Somali", "adm1_name1": null, "adm1_name2": null, "adm1_name3": null, "adm1_pcode": "ET05", "adm0_name": null, "adm0_name1": null, "adm0_name2": null, "adm0_name3": null, "adm0_pcode": null, "valid_on": "2025-01-01", "valid_to": null, "version": "v04", "name_lng": "en", "name_lng1": null, "name_lng2": null, "name_lng3": null }, "geometry": { "type": "Point", "coordinates": [ 44.16564469400015, 7.074706283000125 ] } },
{ "type": "Feature", "properties": { "adm_p_lvl": 3, "name": "Habcho", "name_1": null, "name_2": null, "name_3": null, "loc_pcode": null, "x_coord": 37.65202905, "y_coord": 7.55979354, "adm3_name": "Gombora", "adm3_name1": null, "adm3_name2": null, "adm3_name3": null, "adm3_pcode": "ET070202", "adm2_name": "Hadiya", "adm2_name1": null, "adm2_name2": null, "adm2_name3": null, "adm2_pcode": "ET0702", "adm1_name": "Central Ethiopia", "adm1_name1": null, "adm1_name2": null, "adm1_name3": null, "adm1_pcode": "ET07", "adm0_name": null, "adm0_name1": null, "adm0_name2": null, "adm0_name3": null, "adm0_pcode": null, "valid_on": "2025-01-01", "valid_to": null, "version": "v04", "name_lng": "en", "name_lng1": null, "name_lng2": null, "name_lng3": null }, "geometry": { "type": "Point", "coordinates": [ 37.652029051999989, 7.559793541000033 ] } },
{ "type": "Feature", "properties": { "adm_p_lvl": 3, "name": "El-Ogaden", "name_1": null, "name_2": null, "name_3": null, "loc_pcode": null, "x_coord": 44.42697798, "y_coord": 6.31259005, "adm3_name": "El-Ogaden", "adm3_name1": null, "adm3_name2": null, "adm3_name3": null, "adm3_pcode": "ET050598", "adm2_name": "Korahe", "adm2_name1": null, "adm2_name2": null, "adm2_name3": null, "adm2_pcode": "ET0505", "adm1_name": "Somali", "adm1_name1": null, "adm1_name2": null, "adm1_name3": null, "adm1_pcode": "ET05", "adm0_name": null, "adm0_name1": null, "adm0_name2": null, "adm0_name3": null, "adm0_pcode": null, "valid_on": "2025-01-01", "valid_to": null, "version": "v04", "name_lng": "en", "name_lng1": null, "name_lng2": null, "name_lng3": null }, "geometry": { "type": "Point", "coordinates": [ 44.426977981000164, 6.312590049 ] } },
{ "type": "Feature", "properties": { "adm_p_lvl": 3, "name": "Churso", "name_1": null, "name_2": null, "name_3": null, "loc_pcode": null, "x_coord": 38.26392282, "y_coord": 6.02726499, "adm3_name": "Churso", "adm3_name1": null, "adm3_name2": null, "adm3_name3": null, "adm3_pcode": "ET081108", "adm2_name": "Gedeo", "adm2_name1": null, "adm2_name2": null, "adm2_name3": null, "adm2_pcode": "ET0811", "adm1_name": "South Ethiopia", "adm1_name1": null, "adm1_name2": null, "adm1_name3": null, "adm1_pcode": "ET08", "adm0_name": null, "adm0_name1": null, "adm0_name2": null, "adm0_name3": null, "adm0_pcode": null, "valid_on": "2025-01-01", "valid_to": null, "version": "v04", "name_lng": "en", "name_lng1": null, "name_lng2": null, "name_lng3": null }, "geometry": { "type": "Point", "coordinates": [ 38.263922819000129, 6.027264990000162 ] } },
{ "type": "Feature", "properties": { "adm_p_lvl": 3, "name": "Metema Yohanes", "name_1": null, "name_2": null, "name_3": null, "loc_pcode": null, "x_coord": 36.15963865, "y_coord": 12.94918021, "adm3_name": "Metema Yohanes town", "adm3_name1": null, "adm3_name2": null, "adm3_name3": null, "adm3_pcode": "ET031224", "adm2_name": "West Gondar", "adm2_name1": null, "adm2_name2": null, "adm2_name3": null, "adm2_pcode": "ET0312", "adm1_name": "Amhara", "adm1_name1": null, "adm1_name2": null, "adm1_name3": null, "adm1_pcode": "ET03", "adm0_name": null, "adm0_name1": null, "adm0_name2": null, "adm0_name3": null, "adm0_pcode": null, "valid_on": "2025-01-01", "valid_to": null, "version": "v04", "name_lng": "en", "name_lng1": null, "name_lng2": null, "name_lng3": null }, "geometry": { "type": "Point", "coordinates": [ 36.159638646000019, 12.94918021 ] } },
{ "type": "Feature", "properties": { "adm_p_lvl": 3, "name": "Wajale City", "name_1": null, "name_2": null, "name_3": null, "loc_pcode": null, "x_coord": 43.33010179, "y_coord": 9.59868397, "adm3_name": "Wajale town", "adm3_name1": null, "adm3_name2": null, "adm3_name3": null, "adm3_pcode": "ET050295", "adm2_name": "Fafan", "adm2_name1": null, "adm2_name2": null, "adm2_name3": null, "adm2_pcode": "ET0502", "adm1_name": "Somali", "adm1_name1": null, "adm1_name2": null, "adm1_name3": null, "adm1_pcode": "ET05", "adm0_name": null, "adm0_name1": null, "adm0_name2": null, "adm0_name3": null, "adm0_pcode": null, "valid_on": "2025-01-01", "valid_to": null, "version": "v04", "name_lng": "en", "name_lng1": null, "name_lng2": null, "name_lng3": null }, "geometry": { "type": "Point", "coordinates": [ 43.330101792000164, 9.598683969000092 ] } },
{ "type": "Feature", "properties": { "adm_p_lvl": 3, "name": "Beklo Senyo", "name_1": null, "name_2": null, "name_3": null, "loc_pcode": null, "x_coord": 37.61882014, "y_coord": 6.83094771, "adm3_name": "Bayera Koyesha", "adm3_name1": null, "adm3_name2": null, "adm3_name3": null, "adm3_pcode": "ET080122", "adm2_name": "Wolayita", "adm2_name1": null, "adm2_name2": null, "adm2_name3": null, "adm2_pcode": "ET0801", "adm1_name": "South Ethiopia", "adm1_name1": null, "adm1_name2": null, "adm1_name3": null, "adm1_pcode": "ET08", "adm0_name": null, "adm0_name1": null, "adm0_name2": null, "adm0_name3": null, "adm0_pcode": null, "valid_on": "2025-01-01", "valid_to": null, "version": "v04", "name_lng": "en", "name_lng1": null, "name_lng2": null, "name_lng3": null }, "geometry": { "type": "Point", "coordinates": [ 37.618820144000154, 6.830947712000125 ] } },
{ "type": "Feature", "properties": { "adm_p_lvl": 3, "name": "Hadero", "name_1": null, "name_2": null, "name_3": null, "loc_pcode": null, "x_coord": 37.66437047, "y_coord": 7.1945584, "adm3_name": "Hadero town", "adm3_name1": null, "adm3_name2": null, "adm3_name3": null, "adm3_pcode": "ET070312", "adm2_name": "Kembata", "adm2_name1": null, "adm2_name2": null, "adm2_name3": null, "adm2_pcode": "ET0703", "adm1_name": "Central Ethiopia", "adm1_name1": null, "adm1_name2": null, "adm1_name3": null, "adm1_pcode": "ET07", "adm0_name": null, "adm0_name1": null, "adm0_name2": null, "adm0_name3": null, "adm0_pcode": null, "valid_on": "2025-01-01", "valid_to": null, "version": "v04", "name_lng": "en", "name_lng1": null, "name_lng2": null, "name_lng3": null }, "geometry": { "type": "Point", "coordinates": [ 37.664370469000175, 7.19455839800014 ] } },
{ "type": "Feature", "properties": { "adm_p_lvl": 3, "name": "Mudu", "name_1": null, "name_2": null, "name_3": null, "loc_pcode": null, "x_coord": 37.54028174, "y_coord": 7.28011119, "adm3_name": "Tembaro SP woreda", "adm3_name1": null, "adm3_name2": null, "adm3_name3": null, "adm3_pcode": "ET072601", "adm2_name": "Tembaro SP woreda", "adm2_name1": null, "adm2_name2": null, "adm2_name3": null, "adm2_pcode": "ET0726", "adm1_name": "Central Ethiopia", "adm1_name1": null, "adm1_name2": null, "adm1_name3": null, "adm1_pcode": "ET07", "adm0_name": null, "adm0_name1": null, "adm0_name2": null, "adm0_name3": null, "adm0_pcode": null, "valid_on": "2025-01-01", "valid_to": null, "version": "v04", "name_lng": "en", "name_lng1": null, "name_lng2": null, "name_lng3": null }, "geometry": { "type": "Point", "coordinates": [ 37.540281735, 7.280111187000102 ] } },
{ "type": "Feature", "properties": { "adm_p_lvl": 3, "name": "Hobecheka", "name_1": null, "name_2": null, "name_3": null, "loc_pcode": null, "x_coord": 37.75159535, "y_coord": 7.28558764, "adm3_name": "Kacha Bira", "adm3_name1": null, "adm3_name2": null, "adm3_name3": null, "adm3_pcode": "ET070304", "adm2_name": "Kembata", "adm2_name1": null, "adm2_name2": null, "adm2_name3": null, "adm2_pcode": "ET0703", "adm1_name": "Central Ethiopia", "adm1_name1": null, "adm1_name2": null, "adm1_name3": null, "adm1_pcode": "ET07", "adm0_name": null, "adm0_name1": null, "adm0_name2": null, "adm0_name3": null, "adm0_pcode": null, "valid_on": "2025-01-01", "valid_to": null, "version": "v04", "name_lng": "en", "name_lng1": null, "name_lng2": null, "name_lng3": null }, "geometry": { "type": "Point", "coordinates": [ 37.751595353000027, 7.285587639000084 ] } },
{ "type": "Feature", "properties": { "adm_p_lvl": 3, "name": "Fofa", "name_1": null, "name_2": null, "name_3": null, "loc_pcode": null, "x_coord": 37.516667, "y_coord": 7.85, "adm3_name": "Yem", "adm3_name1": null, "adm3_name2": null, "adm3_name3": null, "adm3_pcode": "ET072401", "adm2_name": "Yem", "adm2_name1": null, "adm2_name2": null, "adm2_name3": null, "adm2_pcode": "ET0724", "adm1_name": "Central Ethiopia", "adm1_name1": null, "adm1_name2": null, "adm1_name3": null, "adm1_pcode": "ET07", "adm0_name": null, "adm0_name1": null, "adm0_name2": null, "adm0_name3": null, "adm0_pcode": null, "valid_on": "2025-01-01", "valid_to": null, "version": "v04", "name_lng": "en", "name_lng1": null, "name_lng2": null, "name_lng3": null }, "geometry": { "type": "Point", "coordinates": [ 37.516667, 7.85 ] } },
{ "type": "Feature", "properties": { "adm_p_lvl": 3, "name": "Toba", "name_1": null, "name_2": null, "name_3": null, "loc_pcode": null, "x_coord": 36.48941792, "y_coord": 8.00408431, "adm3_name": "Gumay", "adm3_name1": null, "adm3_name2": null, "adm3_name3": null, "adm3_pcode": "ET040416", "adm2_name": "Jimma", "adm2_name1": null, "adm2_name2": null, "adm2_name3": null, "adm2_pcode": "ET0404", "adm1_name": "Oromia", "adm1_name1": null, "adm1_name2": null, "adm1_name3": null, "adm1_pcode": "ET04", "adm0_name": null, "adm0_name1": null, "adm0_name2": null, "adm0_name3": null, "adm0_pcode": null, "valid_on": "2025-01-01", "valid_to": null, "version": "v04", "name_lng": "en", "name_lng1": null, "name_lng2": null, "name_lng3": null }, "geometry": { "type": "Point", "coordinates": [ 36.48941792, 8.004084312999964 ] } },
{ "type": "Feature", "properties": { "adm_p_lvl": 3, "name": "Maji Tum", "name_1": null, "name_2": null, "name_3": null, "loc_pcode": null, "x_coord": 35.52194191, "y_coord": 6.25915876, "adm3_name": "Maji Tum town", "adm3_name1": null, "adm3_name2": null, "adm3_name3": null, "adm3_pcode": "ET110511", "adm2_name": "West Omo", "adm2_name1": null, "adm2_name2": null, "adm2_name3": null, "adm2_pcode": "ET1105", "adm1_name": "South West Ethiopia", "adm1_name1": null, "adm1_name2": null, "adm1_name3": null, "adm1_pcode": "ET11", "adm0_name": null, "adm0_name1": null, "adm0_name2": null, "adm0_name3": null, "adm0_pcode": null, "valid_on": "2025-01-01", "valid_to": null, "version": "v04", "name_lng": "en", "name_lng1": null, "name_lng2": null, "name_lng3": null }, "geometry": { "type": "Point", "coordinates": [ 35.521941909000191, 6.259158761000094 ] } },
{ "type": "Feature", "properties": { "adm_p_lvl": 3, "name": "Dore Bafano", "name_1": null, "name_2": null, "name_3": null, "loc_pcode": null, "x_coord": 38.35712186, "y_coord": 7.03751925, "adm3_name": "Hawassa Zuria", "adm3_name1": null, "adm3_name2": null, "adm3_name3": null, "adm3_pcode": "ET160002", "adm2_name": "Sidama", "adm2_name1": null, "adm2_name2": null, "adm2_name3": null, "adm2_pcode": "ET1600", "adm1_name": "Sidama", "adm1_name1": null, "adm1_name2": null, "adm1_name3": null, "adm1_pcode": "ET16", "adm0_name": null, "adm0_name1": null, "adm0_name2": null, "adm0_name3": null, "adm0_pcode": null, "valid_on": "2025-01-01", "valid_to": null, "version": "v04", "name_lng": "en", "name_lng1": null, "name_lng2": null, "name_lng3": null }, "geometry": { "type": "Point", "coordinates": [ 38.357121859000074, 7.037519247000091 ] } },
{ "type": "Feature", "properties": { "adm_p_lvl": 3, "name": "Hana", "name_1": null, "name_2": null, "name_3": null, "loc_pcode": null, "x_coord": 35.99393858, "y_coord": 6.11872774, "adm3_name": "Salamago", "adm3_name1": null, "adm3_name2": null, "adm3_name3": null, "adm3_pcode": "ET081206", "adm2_name": "South Omo", "adm2_name1": null, "adm2_name2": null, "adm2_name3": null, "adm2_pcode": "ET0812", "adm1_name": "South Ethiopia", "adm1_name1": null, "adm1_name2": null, "adm1_name3": null, "adm1_pcode": "ET08", "adm0_name": null, "adm0_name1": null, "adm0_name2": null, "adm0_name3": null, "adm0_pcode": null, "valid_on": "2025-01-01", "valid_to": null, "version": "v04", "name_lng": "en", "name_lng1": null, "name_lng2": null, "name_lng3": null }, "geometry": { "type": "Point", "coordinates": [ 35.993938576000062, 6.118727735999983 ] } },
{ "type": "Feature", "properties": { "adm_p_lvl": 3, "name": "Qilto", "name_1": null, "name_2": null, "name_3": null, "loc_pcode": null, "x_coord": 38.0197199, "y_coord": 7.7977722, "adm3_name": "Misrak Azenet Berbere", "adm3_name1": null, "adm3_name2": null, "adm3_name3": null, "adm3_pcode": "ET072007", "adm2_name": "Siltie", "adm2_name1": null, "adm2_name2": null, "adm2_name3": null, "adm2_pcode": "ET0720", "adm1_name": "Central Ethiopia", "adm1_name1": null, "adm1_name2": null, "adm1_name3": null, "adm1_pcode": "ET07", "adm0_name": null, "adm0_name1": null, "adm0_name2": null, "adm0_name3": null, "adm0_pcode": null, "valid_on": "2025-01-01", "valid_to": null, "version": "v04", "name_lng": "en", "name_lng1": null, "name_lng2": null, "name_lng3": null }, "geometry": { "type": "Point", "coordinates": [ 38.019719900000098, 7.797772200000168 ] } },
{ "type": "Feature", "properties": { "adm_p_lvl": 3, "name": "Dekano", "name_1": null, "name_2": null, "name_3": null, "loc_pcode": null, "x_coord": 37.33517418, "y_coord": 7.50591156, "adm3_name": "Omo Beyam", "adm3_name1": null, "adm3_name2": null, "adm3_name3": null, "adm3_pcode": "ET040491", "adm2_name": "Jimma", "adm2_name1": null, "adm2_name2": null, "adm2_name3": null, "adm2_pcode": "ET0404", "adm1_name": "Oromia", "adm1_name1": null, "adm1_name2": null, "adm1_name3": null, "adm1_pcode": "ET04", "adm0_name": null, "adm0_name1": null, "adm0_name2": null, "adm0_name3": null, "adm0_pcode": null, "valid_on": "2025-01-01", "valid_to": null, "version": "v04", "name_lng": "en", "name_lng1": null, "name_lng2": null, "name_lng3": null }, "geometry": { "type": "Point", "coordinates": [ 37.335174184000039, 7.505911557000104 ] } },
{ "type": "Feature", "properties": { "adm_p_lvl": 3, "name": "Gariru Kedida", "name_1": null, "name_2": null, "name_3": null, "loc_pcode": null, "x_coord": 37.04090271, "y_coord": 7.4670659, "adm3_name": "Mancho", "adm3_name1": null, "adm3_name2": null, "adm3_name3": null, "adm3_pcode": "ET040490", "adm2_name": "Jimma", "adm2_name1": null, "adm2_name2": null, "adm2_name3": null, "adm2_pcode": "ET0404", "adm1_name": "Oromia", "adm1_name1": null, "adm1_name2": null, "adm1_name3": null, "adm1_pcode": "ET04", "adm0_name": null, "adm0_name1": null, "adm0_name2": null, "adm0_name3": null, "adm0_pcode": null, "valid_on": "2025-01-01", "valid_to": null, "version": "v04", "name_lng": "en", "name_lng1": null, "name_lng2": null, "name_lng3": null }, "geometry": { "type": "Point", "coordinates": [ 37.040902711000172, 7.467065900000023 ] } },
{ "type": "Feature", "properties": { "adm_p_lvl": 3, "name": "Goredamo", "name_1": null, "name_2": null, "name_3": null, "loc_pcode": null, "x_coord": 35.60884993, "y_coord": 7.90231672, "adm3_name": "Didu", "adm3_name1": null, "adm3_name2": null, "adm3_name3": null, "adm3_pcode": "ET040317", "adm2_name": "Ilu Aba Bora", "adm2_name1": null, "adm2_name2": null, "adm2_name3": null, "adm2_pcode": "ET0403", "adm1_name": "Oromia", "adm1_name1": null, "adm1_name2": null, "adm1_name3": null, "adm1_pcode": "ET04", "adm0_name": null, "adm0_name1": null, "adm0_name2": null, "adm0_name3": null, "adm0_pcode": null, "valid_on": "2025-01-01", "valid_to": null, "version": "v04", "name_lng": "en", "name_lng1": null, "name_lng2": null, "name_lng3": null }, "geometry": { "type": "Point", "coordinates": [ 35.608849925000072, 7.902316719000169 ] } },
{ "type": "Feature", "properties": { "adm_p_lvl": 3, "name": "Gorche", "name_1": null, "name_2": null, "name_3": null, "loc_pcode": null, "x_coord": 38.5813121, "y_coord": 6.87369869, "adm3_name": "Gorche", "adm3_name1": null, "adm3_name2": null, "adm3_name3": null, "adm3_pcode": "ET160011", "adm2_name": "Sidama", "adm2_name1": null, "adm2_name2": null, "adm2_name3": null, "adm2_pcode": "ET1600", "adm1_name": "Sidama", "adm1_name1": null, "adm1_name2": null, "adm1_name3": null, "adm1_pcode": "ET16", "adm0_name": null, "adm0_name1": null, "adm0_name2": null, "adm0_name3": null, "adm0_pcode": null, "valid_on": "2025-01-01", "valid_to": null, "version": "v04", "name_lng": "en", "name_lng1": null, "name_lng2": null, "name_lng3": null }, "geometry": { "type": "Point", "coordinates": [ 38.581312103000073, 6.873698693 ] } },
{ "type": "Feature", "properties": { "adm_p_lvl": 3, "name": "Manicho", "name_1": null, "name_2": null, "name_3": null, "loc_pcode": null, "x_coord": 38.56485653, "y_coord": 6.93842369, "adm3_name": "Malga", "adm3_name1": null, "adm3_name2": null, "adm3_name3": null, "adm3_pcode": "ET160012", "adm2_name": "Sidama", "adm2_name1": null, "adm2_name2": null, "adm2_name3": null, "adm2_pcode": "ET1600", "adm1_name": "Sidama", "adm1_name1": null, "adm1_name2": null, "adm1_name3": null, "adm1_pcode": "ET16", "adm0_name": null, "adm0_name1": null, "adm0_name2": null, "adm0_name3": null, "adm0_pcode": null, "valid_on": "2025-01-01", "valid_to": null, "version": "v04", "name_lng": "en", "name_lng1": null, "name_lng2": null, "name_lng3": null }, "geometry": { "type": "Point", "coordinates": [ 38.564856531000089, 6.938423689000047 ] } },
{ "type": "Feature", "properties": { "adm_p_lvl": 3, "name": "Seka", "name_1": null, "name_2": null, "name_3": null, "loc_pcode": null, "x_coord": 36.72598856, "y_coord": 7.60478676, "adm3_name": "Seka Chekorsa", "adm3_name1": null, "adm3_name2": null, "adm3_name3": null, "adm3_pcode": "ET040409", "adm2_name": "Jimma", "adm2_name1": null, "adm2_name2": null, "adm2_name3": null, "adm2_pcode": "ET0404", "adm1_name": "Oromia", "adm1_name1": null, "adm1_name2": null, "adm1_name3": null, "adm1_pcode": "ET04", "adm0_name": null, "adm0_name1": null, "adm0_name2": null, "adm0_name3": null, "adm0_pcode": null, "valid_on": "2025-01-01", "valid_to": null, "version": "v04", "name_lng": "en", "name_lng1": null, "name_lng2": null, "name_lng3": null }, "geometry": { "type": "Point", "coordinates": [ 36.725988557, 7.604786758000159 ] } },
{ "type": "Feature", "properties": { "adm_p_lvl": 3, "name": "Yabo", "name_1": null, "name_2": null, "name_3": null, "loc_pcode": null, "x_coord": 36.747211, "y_coord": 7.730659, "adm3_name": "Mena (Jimma)", "adm3_name1": null, "adm3_name2": null, "adm3_name3": null, "adm3_pcode": "ET040406", "adm2_name": "Jimma", "adm2_name1": null, "adm2_name2": null, "adm2_name3": null, "adm2_pcode": "ET0404", "adm1_name": "Oromia", "adm1_name1": null, "adm1_name2": null, "adm1_name3": null, "adm1_pcode": "ET04", "adm0_name": null, "adm0_name1": null, "adm0_name2": null, "adm0_name3": null, "adm0_pcode": null, "valid_on": "2025-01-01", "valid_to": null, "version": "v04", "name_lng": "en", "name_lng1": null, "name_lng2": null, "name_lng3": null }, "geometry": { "type": "Point", "coordinates": [ 36.747211000000107, 7.730659 ] } },
{ "type": "Feature", "properties": { "adm_p_lvl": 3, "name": "Kela/ Wendo Genet", "name_1": null, "name_2": null, "name_3": null, "loc_pcode": null, "x_coord": 38.61340976, "y_coord": 7.04659973, "adm3_name": "Wondo-Genet town", "adm3_name1": null, "adm3_name2": null, "adm3_name3": null, "adm3_pcode": "ET160036", "adm2_name": "Sidama", "adm2_name1": null, "adm2_name2": null, "adm2_name3": null, "adm2_pcode": "ET1600", "adm1_name": "Sidama", "adm1_name1": null, "adm1_name2": null, "adm1_name3": null, "adm1_pcode": "ET16", "adm0_name": null, "adm0_name1": null, "adm0_name2": null, "adm0_name3": null, "adm0_pcode": null, "valid_on": "2025-01-01", "valid_to": null, "version": "v04", "name_lng": "en", "name_lng1": null, "name_lng2": null, "name_lng3": null }, "geometry": { "type": "Point", "coordinates": [ 38.613409764000096, 7.046599726000125 ] } },
{ "type": "Feature", "properties": { "adm_p_lvl": 3, "name": "Ogolcho", "name_1": null, "name_2": null, "name_3": null, "loc_pcode": null, "x_coord": 39.01678082, "y_coord": 8.03958769, "adm3_name": "Ziway Dugda", "adm3_name1": null, "adm3_name2": null, "adm3_name3": null, "adm3_pcode": "ET040806", "adm2_name": "Arsi", "adm2_name1": null, "adm2_name2": null, "adm2_name3": null, "adm2_pcode": "ET0408", "adm1_name": "Oromia", "adm1_name1": null, "adm1_name2": null, "adm1_name3": null, "adm1_pcode": "ET04", "adm0_name": null, "adm0_name1": null, "adm0_name2": null, "adm0_name3": null, "adm0_pcode": null, "valid_on": "2025-01-01", "valid_to": null, "version": "v04", "name_lng": "en", "name_lng1": null, "name_lng2": null, "name_lng3": null }, "geometry": { "type": "Point", "coordinates": [ 39.016780819000189, 8.039587685000186 ] } },
{ "type": "Feature", "properties": { "adm_p_lvl": 3, "name": "Arboye", "name_1": null, "name_2": null, "name_3": null, "loc_pcode": null, "x_coord": 39.68474244, "y_coord": 8.38411398, "adm3_name": "Jeju", "adm3_name1": null, "adm3_name2": null, "adm3_name3": null, "adm3_pcode": "ET040804", "adm2_name": "Arsi", "adm2_name1": null, "adm2_name2": null, "adm2_name3": null, "adm2_pcode": "ET0408", "adm1_name": "Oromia", "adm1_name1": null, "adm1_name2": null, "adm1_name3": null, "adm1_pcode": "ET04", "adm0_name": null, "adm0_name1": null, "adm0_name2": null, "adm0_name3": null, "adm0_pcode": null, "valid_on": "2025-01-01", "valid_to": null, "version": "v04", "name_lng": "en", "name_lng1": null, "name_lng2": null, "name_lng3": null }, "geometry": { "type": "Point", "coordinates": [ 39.684742435000146, 8.384113978000016 ] } },
{ "type": "Feature", "properties": { "adm_p_lvl": 3, "name": "Timuga", "name_1": null, "name_2": null, "name_3": null, "loc_pcode": null, "x_coord": 40.25103366, "y_coord": 8.42651448, "adm3_name": "Shanan Kolu", "adm3_name1": null, "adm3_name2": null, "adm3_name3": null, "adm3_pcode": "ET040893", "adm2_name": "Arsi", "adm2_name1": null, "adm2_name2": null, "adm2_name3": null, "adm2_pcode": "ET0408", "adm1_name": "Oromia", "adm1_name1": null, "adm1_name2": null, "adm1_name3": null, "adm1_pcode": "ET04", "adm0_name": null, "adm0_name1": null, "adm0_name2": null, "adm0_name3": null, "adm0_pcode": null, "valid_on": "2025-01-01", "valid_to": null, "version": "v04", "name_lng": "en", "name_lng1": null, "name_lng2": null, "name_lng3": null }, "geometry": { "type": "Point", "coordinates": [ 40.25103365800004, 8.426514476000136 ] } },
{ "type": "Feature", "properties": { "adm_p_lvl": 3, "name": "Wonji Gefersa", "name_1": null, "name_2": null, "name_3": null, "loc_pcode": null, "x_coord": 39.21704962, "y_coord": 8.45561012, "adm3_name": "Adama town", "adm3_name1": null, "adm3_name2": null, "adm3_name3": null, "adm3_pcode": "ET040714", "adm2_name": "East Shewa", "adm2_name1": null, "adm2_name2": null, "adm2_name3": null, "adm2_pcode": "ET0407", "adm1_name": "Oromia", "adm1_name1": null, "adm1_name2": null, "adm1_name3": null, "adm1_pcode": "ET04", "adm0_name": null, "adm0_name1": null, "adm0_name2": null, "adm0_name3": null, "adm0_pcode": null, "valid_on": "2025-01-01", "valid_to": null, "version": "v04", "name_lng": "en", "name_lng1": null, "name_lng2": null, "name_lng3": null }, "geometry": { "type": "Point", "coordinates": [ 39.217049623000094, 8.455610123000099 ] } },
{ "type": "Feature", "properties": { "adm_p_lvl": 3, "name": "Bordele", "name_1": null, "name_2": null, "name_3": null, "loc_pcode": null, "x_coord": 40.38931326, "y_coord": 9.0135255, "adm3_name": "Gumbi Bordede", "adm3_name1": null, "adm3_name2": null, "adm3_name3": null, "adm3_pcode": "ET040991", "adm2_name": "West Hararge", "adm2_name1": null, "adm2_name2": null, "adm2_name3": null, "adm2_pcode": "ET0409", "adm1_name": "Oromia", "adm1_name1": null, "adm1_name2": null, "adm1_name3": null, "adm1_pcode": "ET04", "adm0_name": null, "adm0_name1": null, "adm0_name2": null, "adm0_name3": null, "adm0_pcode": null, "valid_on": "2025-01-01", "valid_to": null, "version": "v04", "name_lng": "en", "name_lng1": null, "name_lng2": null, "name_lng3": null }, "geometry": { "type": "Point", "coordinates": [ 40.389313256000037, 9.013525501000061 ] } },
{ "type": "Feature", "properties": { "adm_p_lvl": 3, "name": "Karamile", "name_1": null, "name_2": null, "name_3": null, "loc_pcode": null, "x_coord": 41.376629, "y_coord": 9.373675, "adm3_name": "Goro Gutu", "adm3_name1": null, "adm3_name2": null, "adm3_name3": null, "adm3_pcode": "ET041010", "adm2_name": "East Hararge", "adm2_name1": null, "adm2_name2": null, "adm2_name3": null, "adm2_pcode": "ET0410", "adm1_name": "Oromia", "adm1_name1": null, "adm1_name2": null, "adm1_name3": null, "adm1_pcode": "ET04", "adm0_name": null, "adm0_name1": null, "adm0_name2": null, "adm0_name3": null, "adm0_pcode": null, "valid_on": "2025-01-01", "valid_to": null, "version": "v04", "name_lng": "en", "name_lng1": null, "name_lng2": null, "name_lng3": null }, "geometry": { "type": "Point", "coordinates": [ 41.37662900000015, 9.373675000000162 ] } },
{ "type": "Feature", "properties": { "adm_p_lvl": 3, "name": "K'ersa", "name_1": null, "name_2": null, "name_3": null, "loc_pcode": null, "x_coord": 41.86500218, "y_coord": 9.45478784, "adm3_name": "Kersa (East Hararge)", "adm3_name1": null, "adm3_name2": null, "adm3_name3": null, "adm3_pcode": "ET041008", "adm2_name": "East Hararge", "adm2_name1": null, "adm2_name2": null, "adm2_name3": null, "adm2_pcode": "ET0410", "adm1_name": "Oromia", "adm1_name1": null, "adm1_name2": null, "adm1_name3": null, "adm1_pcode": "ET04", "adm0_name": null, "adm0_name1": null, "adm0_name2": null, "adm0_name3": null, "adm0_pcode": null, "valid_on": "2025-01-01", "valid_to": null, "version": "v04", "name_lng": "en", "name_lng1": null, "name_lng2": null, "name_lng3": null }, "geometry": { "type": "Point", "coordinates": [ 41.865002176000132, 9.45478784400018 ] } },
{ "type": "Feature", "properties": { "adm_p_lvl": 3, "name": "Wogere", "name_1": null, "name_2": null, "name_3": null, "loc_pcode": null, "x_coord": 39.59929455, "y_coord": 10.17687459, "adm3_name": "Menze Lalo Midir", "adm3_name1": null, "adm3_name2": null, "adm3_name3": null, "adm3_pcode": "ET030522", "adm2_name": "North Shewa (AM)", "adm2_name1": null, "adm2_name2": null, "adm2_name3": null, "adm2_pcode": "ET0305", "adm1_name": "Amhara", "adm1_name1": null, "adm1_name2": null, "adm1_name3": null, "adm1_pcode": "ET03", "adm0_name": null, "adm0_name1": null, "adm0_name2": null, "adm0_name3": null, "adm0_pcode": null, "valid_on": "2025-01-01", "valid_to": null, "version": "v04", "name_lng": "en", "name_lng1": null, "name_lng2": null, "name_lng3": null }, "geometry": { "type": "Point", "coordinates": [ 39.599294551000071, 10.176874585 ] } },
{ "type": "Feature", "properties": { "adm_p_lvl": 3, "name": "Liben", "name_1": null, "name_2": null, "name_3": null, "loc_pcode": null, "x_coord": 36.95, "y_coord": 11.683333, "adm3_name": "Semen Achefer", "adm3_name1": null, "adm3_name2": null, "adm3_name3": null, "adm3_pcode": "ET031301", "adm2_name": "North Gojam", "adm2_name1": null, "adm2_name2": null, "adm2_name3": null, "adm2_pcode": "ET0313", "adm1_name": "Amhara", "adm1_name1": null, "adm1_name2": null, "adm1_name3": null, "adm1_pcode": "ET03", "adm0_name": null, "adm0_name1": null, "adm0_name2": null, "adm0_name3": null, "adm0_pcode": null, "valid_on": "2025-01-01", "valid_to": null, "version": "v04", "name_lng": "en", "name_lng1": null, "name_lng2": null, "name_lng3": null }, "geometry": { "type": "Point", "coordinates": [ 36.95, 11.683333 ] } },
{ "type": "Feature", "properties": { "adm_p_lvl": 3, "name": "Kimir Dingay", "name_1": null, "name_2": null, "name_3": null, "loc_pcode": null, "x_coord": 38.21879219, "y_coord": 11.80760335, "adm3_name": "Guna Begemider", "adm3_name1": null, "adm3_name2": null, "adm3_name3": null, "adm3_pcode": "ET030212", "adm2_name": "South Gondar", "adm2_name1": null, "adm2_name2": null, "adm2_name3": null, "adm2_pcode": "ET0302", "adm1_name": "Amhara", "adm1_name1": null, "adm1_name2": null, "adm1_name3": null, "adm1_pcode": "ET03", "adm0_name": null, "adm0_name1": null, "adm0_name2": null, "adm0_name3": null, "adm0_pcode": null, "valid_on": "2025-01-01", "valid_to": null, "version": "v04", "name_lng": "en", "name_lng1": null, "name_lng2": null, "name_lng3": null }, "geometry": { "type": "Point", "coordinates": [ 38.218792186000144, 11.807603349000033 ] } },
{ "type": "Feature", "properties": { "adm_p_lvl": 3, "name": "Estayesh", "name_1": null, "name_2": null, "name_3": null, "loc_pcode": null, "x_coord": 39.14703651, "y_coord": 11.83888086, "adm3_name": "Gazo", "adm3_name1": null, "adm3_name2": null, "adm3_name3": null, "adm3_pcode": "ET030313", "adm2_name": "North Wello", "adm2_name1": null, "adm2_name2": null, "adm2_name3": null, "adm2_pcode": "ET0303", "adm1_name": "Amhara", "adm1_name1": null, "adm1_name2": null, "adm1_name3": null, "adm1_pcode": "ET03", "adm0_name": null, "adm0_name1": null, "adm0_name2": null, "adm0_name3": null, "adm0_pcode": null, "valid_on": "2025-01-01", "valid_to": null, "version": "v04", "name_lng": "en", "name_lng1": null, "name_lng2": null, "name_lng3": null }, "geometry": { "type": "Point", "coordinates": [ 39.147036506000177, 11.838880861000121 ] } },
{ "type": "Feature", "properties": { "adm_p_lvl": 3, "name": "Ahun Tegegn", "name_1": null, "name_2": null, "name_3": null, "loc_pcode": null, "x_coord": 39.29392433, "y_coord": 11.87444801, "adm3_name": "Angot", "adm3_name1": null, "adm3_name2": null, "adm3_name3": null, "adm3_pcode": "ET030312", "adm2_name": "North Wello", "adm2_name1": null, "adm2_name2": null, "adm2_name3": null, "adm2_pcode": "ET0303", "adm1_name": "Amhara", "adm1_name1": null, "adm1_name2": null, "adm1_name3": null, "adm1_pcode": "ET03", "adm0_name": null, "adm0_name1": null, "adm0_name2": null, "adm0_name3": null, "adm0_pcode": null, "valid_on": "2025-01-01", "valid_to": null, "version": "v04", "name_lng": "en", "name_lng1": null, "name_lng2": null, "name_lng3": null }, "geometry": { "type": "Point", "coordinates": [ 39.293924332000074, 11.874448009000105 ] } },
{ "type": "Feature", "properties": { "adm_p_lvl": 3, "name": "Ayena Eyesus", "name_1": null, "name_2": null, "name_3": null, "loc_pcode": null, "x_coord": 38.836731, "y_coord": 12.16473, "adm3_name": "Bugna", "adm3_name1": null, "adm3_name2": null, "adm3_name3": null, "adm3_pcode": "ET030301", "adm2_name": "North Wello", "adm2_name1": null, "adm2_name2": null, "adm2_name3": null, "adm2_pcode": "ET0303", "adm1_name": "Amhara", "adm1_name1": null, "adm1_name2": null, "adm1_name3": null, "adm1_pcode": "ET03", "adm0_name": null, "adm0_name1": null, "adm0_name2": null, "adm0_name3": null, "adm0_pcode": null, "valid_on": "2025-01-01", "valid_to": null, "version": "v04", "name_lng": "en", "name_lng1": null, "name_lng2": null, "name_lng3": null }, "geometry": { "type": "Point", "coordinates": [ 38.8367310000001, 12.16473 ] } },
{ "type": "Feature", "properties": { "adm_p_lvl": 3, "name": "Denisa", "name_1": null, "name_2": null, "name_3": null, "loc_pcode": null, "x_coord": 38.70080826, "y_coord": 10.9240256, "adm3_name": "Mehal Sayint", "adm3_name1": null, "adm3_name2": null, "adm3_name3": null, "adm3_pcode": "ET030419", "adm2_name": "South Wello", "adm2_name1": null, "adm2_name2": null, "adm2_name3": null, "adm2_pcode": "ET0304", "adm1_name": "Amhara", "adm1_name1": null, "adm1_name2": null, "adm1_name3": null, "adm1_pcode": "ET03", "adm0_name": null, "adm0_name1": null, "adm0_name2": null, "adm0_name3": null, "adm0_pcode": null, "valid_on": "2025-01-01", "valid_to": null, "version": "v04", "name_lng": "en", "name_lng1": null, "name_lng2": null, "name_lng3": null }, "geometry": { "type": "Point", "coordinates": [ 38.700808262000123, 10.924025598000128 ] } },
{ "type": "Feature", "properties": { "adm_p_lvl": 3, "name": "Tsata", "name_1": null, "name_2": null, "name_3": null, "loc_pcode": null, "x_coord": 39.210053, "y_coord": 12.704353, "adm3_name": "Tsagbeji", "adm3_name1": null, "adm3_name2": null, "adm3_name3": null, "adm3_pcode": "ET030808", "adm2_name": "Wag Hamra", "adm2_name1": null, "adm2_name2": null, "adm2_name3": null, "adm2_pcode": "ET0308", "adm1_name": "Amhara", "adm1_name1": null, "adm1_name2": null, "adm1_name3": null, "adm1_pcode": "ET03", "adm0_name": null, "adm0_name1": null, "adm0_name2": null, "adm0_name3": null, "adm0_pcode": null, "valid_on": "2025-01-01", "valid_to": null, "version": "v04", "name_lng": "en", "name_lng1": null, "name_lng2": null, "name_lng3": null }, "geometry": { "type": "Point", "coordinates": [ 39.210053, 12.704353 ] } },
{ "type": "Feature", "properties": { "adm_p_lvl": 3, "name": "Goro Mutuli 2", "name_1": null, "name_2": null, "name_3": null, "loc_pcode": null, "x_coord": 41.57201228, "y_coord": 9.18855197, "adm3_name": "Goro Muti", "adm3_name1": null, "adm3_name2": null, "adm3_name3": null, "adm3_pcode": "ET041089", "adm2_name": "East Hararge", "adm2_name1": null, "adm2_name2": null, "adm2_name3": null, "adm2_pcode": "ET0410", "adm1_name": "Oromia", "adm1_name1": null, "adm1_name2": null, "adm1_name3": null, "adm1_pcode": "ET04", "adm0_name": null, "adm0_name1": null, "adm0_name2": null, "adm0_name3": null, "adm0_pcode": null, "valid_on": "2025-01-01", "valid_to": null, "version": "v04", "name_lng": "en", "name_lng1": null, "name_lng2": null, "name_lng3": null }, "geometry": { "type": "Point", "coordinates": [ 41.572012278000159, 9.188551971000095 ] } },
{ "type": "Feature", "properties": { "adm_p_lvl": 3, "name": "Mechara", "name_1": null, "name_2": null, "name_3": null, "loc_pcode": null, "x_coord": 38.21550044, "y_coord": 9.51077349, "adm3_name": "Meta Walkite", "adm3_name1": null, "adm3_name2": null, "adm3_name3": null, "adm3_pcode": "ET040594", "adm2_name": "West Shewa", "adm2_name1": null, "adm2_name2": null, "adm2_name3": null, "adm2_pcode": "ET0405", "adm1_name": "Oromia", "adm1_name1": null, "adm1_name2": null, "adm1_name3": null, "adm1_pcode": "ET04", "adm0_name": null, "adm0_name1": null, "adm0_name2": null, "adm0_name3": null, "adm0_pcode": null, "valid_on": "2025-01-01", "valid_to": null, "version": "v04", "name_lng": "en", "name_lng1": null, "name_lng2": null, "name_lng3": null }, "geometry": { "type": "Point", "coordinates": [ 38.215500443000053, 9.510773492000055 ] } },
{ "type": "Feature", "properties": { "adm_p_lvl": 3, "name": "Aaga", "name_1": null, "name_2": null, "name_3": null, "loc_pcode": null, "x_coord": 37.38999423, "y_coord": 9.38666242, "adm3_name": "Choman Guduru", "adm3_name1": null, "adm3_name2": null, "adm3_name3": null, "adm3_pcode": "ET041911", "adm2_name": "Horo Gudru Wellega", "adm2_name1": null, "adm2_name2": null, "adm2_name3": null, "adm2_pcode": "ET0419", "adm1_name": "Oromia", "adm1_name1": null, "adm1_name2": null, "adm1_name3": null, "adm1_pcode": "ET04", "adm0_name": null, "adm0_name1": null, "adm0_name2": null, "adm0_name3": null, "adm0_pcode": null, "valid_on": "2025-01-01", "valid_to": null, "version": "v04", "name_lng": "en", "name_lng1": null, "name_lng2": null, "name_lng3": null }, "geometry": { "type": "Point", "coordinates": [ 37.389994234000142, 9.386662422000029 ] } },
{ "type": "Feature", "properties": { "adm_p_lvl": 3, "name": "Welenkome", "name_1": null, "name_2": null, "name_3": null, "loc_pcode": null, "x_coord": 38.25150627, "y_coord": 9.00346907, "adm3_name": "Ejersa Lafo", "adm3_name1": null, "adm3_name2": null, "adm3_name3": null, "adm3_pcode": "ET040590", "adm2_name": "West Shewa", "adm2_name1": null, "adm2_name2": null, "adm2_name3": null, "adm2_pcode": "ET0405", "adm1_name": "Oromia", "adm1_name1": null, "adm1_name2": null, "adm1_name3": null, "adm1_pcode": "ET04", "adm0_name": null, "adm0_name1": null, "adm0_name2": null, "adm0_name3": null, "adm0_pcode": null, "valid_on": "2025-01-01", "valid_to": null, "version": "v04", "name_lng": "en", "name_lng1": null, "name_lng2": null, "name_lng3": null }, "geometry": { "type": "Point", "coordinates": [ 38.25150626900006, 9.003469074000122 ] } },
{ "type": "Feature", "properties": { "adm_p_lvl": 3, "name": "Elemu", "name_1": null, "name_2": null, "name_3": null, "loc_pcode": null, "x_coord": 35.816667, "y_coord": 8.466667, "adm3_name": "Dorani", "adm3_name1": null, "adm3_name2": null, "adm3_name3": null, "adm3_pcode": "ET040324", "adm2_name": "Ilu Aba Bora", "adm2_name1": null, "adm2_name2": null, "adm2_name3": null, "adm2_pcode": "ET0403", "adm1_name": "Oromia", "adm1_name1": null, "adm1_name2": null, "adm1_name3": null, "adm1_pcode": "ET04", "adm0_name": null, "adm0_name1": null, "adm0_name2": null, "adm0_name3": null, "adm0_pcode": null, "valid_on": "2025-01-01", "valid_to": null, "version": "v04", "name_lng": "en", "name_lng1": null, "name_lng2": null, "name_lng3": null }, "geometry": { "type": "Point", "coordinates": [ 35.816667000000109, 8.466667 ] } },
{ "type": "Feature", "properties": { "adm_p_lvl": 3, "name": "Meko", "name_1": null, "name_2": null, "name_3": null, "loc_pcode": null, "x_coord": 36.030441, "y_coord": 8.674563, "adm3_name": "Meko", "adm3_name1": null, "adm3_name2": null, "adm3_name3": null, "adm3_pcode": "ET041618", "adm2_name": "Buno Bedele", "adm2_name1": null, "adm2_name2": null, "adm2_name3": null, "adm2_pcode": "ET0416", "adm1_name": "Oromia", "adm1_name1": null, "adm1_name2": null, "adm1_name3": null, "adm1_pcode": "ET04", "adm0_name": null, "adm0_name1": null, "adm0_name2": null, "adm0_name3": null, "adm0_pcode": null, "valid_on": "2025-01-01", "valid_to": null, "version": "v04", "name_lng": "en", "name_lng1": null, "name_lng2": null, "name_lng3": null }, "geometry": { "type": "Point", "coordinates": [ 36.03044100000011, 8.674563 ] } },
{ "type": "Feature", "properties": { "adm_p_lvl": 3, "name": "Mote", "name_1": null, "name_2": null, "name_3": null, "loc_pcode": null, "x_coord": 36.92058848, "y_coord": 8.82118281, "adm3_name": "Wama Hagalo", "adm3_name1": null, "adm3_name2": null, "adm3_name3": null, "adm3_pcode": "ET040216", "adm2_name": "East Wellega", "adm2_name1": null, "adm2_name2": null, "adm2_name3": null, "adm2_pcode": "ET0402", "adm1_name": "Oromia", "adm1_name1": null, "adm1_name2": null, "adm1_name3": null, "adm1_pcode": "ET04", "adm0_name": null, "adm0_name1": null, "adm0_name2": null, "adm0_name3": null, "adm0_pcode": null, "valid_on": "2025-01-01", "valid_to": null, "version": "v04", "name_lng": "en", "name_lng1": null, "name_lng2": null, "name_lng3": null }, "geometry": { "type": "Point", "coordinates": [ 36.920588479, 8.821182806000024 ] } },
{ "type": "Feature", "properties": { "adm_p_lvl": 3, "name": "Cachi", "name_1": null, "name_2": null, "name_3": null, "loc_pcode": null, "x_coord": 35.047729, "y_coord": 8.925594, "adm3_name": "Dale Wabera", "adm3_name1": null, "adm3_name2": null, "adm3_name3": null, "adm3_pcode": "ET041803", "adm2_name": "Kelem Wellega", "adm2_name1": null, "adm2_name2": null, "adm2_name3": null, "adm2_pcode": "ET0418", "adm1_name": "Oromia", "adm1_name1": null, "adm1_name2": null, "adm1_name3": null, "adm1_pcode": "ET04", "adm0_name": null, "adm0_name1": null, "adm0_name2": null, "adm0_name3": null, "adm0_pcode": null, "valid_on": "2025-01-01", "valid_to": null, "version": "v04", "name_lng": "en", "name_lng1": null, "name_lng2": null, "name_lng3": null }, "geometry": { "type": "Point", "coordinates": [ 35.047729, 8.925594000000103 ] } },
{ "type": "Feature", "properties": { "adm_p_lvl": 3, "name": "Gori", "name_1": null, "name_2": null, "name_3": null, "loc_pcode": null, "x_coord": 35.3224954, "y_coord": 9.6166721, "adm3_name": "Leta Sibu", "adm3_name1": null, "adm3_name2": null, "adm3_name3": null, "adm3_pcode": "ET040197", "adm2_name": "West Wellega", "adm2_name1": null, "adm2_name2": null, "adm2_name3": null, "adm2_pcode": "ET0401", "adm1_name": "Oromia", "adm1_name1": null, "adm1_name2": null, "adm1_name3": null, "adm1_pcode": "ET04", "adm0_name": null, "adm0_name1": null, "adm0_name2": null, "adm0_name3": null, "adm0_pcode": null, "valid_on": "2025-01-01", "valid_to": null, "version": "v04", "name_lng": "en", "name_lng1": null, "name_lng2": null, "name_lng3": null }, "geometry": { "type": "Point", "coordinates": [ 35.32249540000015, 9.61667210000013 ] } },
{ "type": "Feature", "properties": { "adm_p_lvl": 3, "name": "Horo", "name_1": null, "name_2": null, "name_3": null, "loc_pcode": null, "x_coord": 36.31105183, "y_coord": 9.84271539, "adm3_name": "Haro Limu", "adm3_name1": null, "adm3_name2": null, "adm3_name3": null, "adm3_pcode": "ET040204", "adm2_name": "East Wellega", "adm2_name1": null, "adm2_name2": null, "adm2_name3": null, "adm2_pcode": "ET0402", "adm1_name": "Oromia", "adm1_name1": null, "adm1_name2": null, "adm1_name3": null, "adm1_pcode": "ET04", "adm0_name": null, "adm0_name1": null, "adm0_name2": null, "adm0_name3": null, "adm0_pcode": null, "valid_on": "2025-01-01", "valid_to": null, "version": "v04", "name_lng": "en", "name_lng1": null, "name_lng2": null, "name_lng3": null }, "geometry": { "type": "Point", "coordinates": [ 36.31105183000011, 9.84271538500019 ] } },
{ "type": "Feature", "properties": { "adm_p_lvl": 3, "name": "Melka Soda", "name_1": null, "name_2": null, "name_3": null, "loc_pcode": null, "x_coord": 38.61084747, "y_coord": 5.48926067, "adm3_name": "Melka Soda", "adm3_name1": null, "adm3_name2": null, "adm3_name3": null, "adm3_pcode": "ET041518", "adm2_name": "West Guji", "adm2_name1": null, "adm2_name2": null, "adm2_name3": null, "adm2_pcode": "ET0415", "adm1_name": "Oromia", "adm1_name1": null, "adm1_name2": null, "adm1_name3": null, "adm1_pcode": "ET04", "adm0_name": null, "adm0_name1": null, "adm0_name2": null, "adm0_name3": null, "adm0_pcode": null, "valid_on": "2025-01-01", "valid_to": null, "version": "v04", "name_lng": "en", "name_lng1": null, "name_lng2": null, "name_lng3": null }, "geometry": { "type": "Point", "coordinates": [ 38.610847474000025, 5.489260673 ] } },
{ "type": "Feature", "properties": { "adm_p_lvl": 3, "name": "Hare Kelo", "name_1": null, "name_2": null, "name_3": null, "loc_pcode": null, "x_coord": 39.38790131, "y_coord": 5.55587673, "adm3_name": "Gora Dola", "adm3_name1": null, "adm3_name2": null, "adm3_name3": null, "adm3_pcode": "ET042205", "adm2_name": "East Borena", "adm2_name1": null, "adm2_name2": null, "adm2_name3": null, "adm2_pcode": "ET0422", "adm1_name": "Oromia", "adm1_name1": null, "adm1_name2": null, "adm1_name3": null, "adm1_pcode": "ET04", "adm0_name": null, "adm0_name1": null, "adm0_name2": null, "adm0_name3": null, "adm0_pcode": null, "valid_on": "2025-01-01", "valid_to": null, "version": "v04", "name_lng": "en", "name_lng1": null, "name_lng2": null, "name_lng3": null }, "geometry": { "type": "Point", "coordinates": [ 39.387901306000117, 5.555876732000058 ] } },
{ "type": "Feature", "properties": { "adm_p_lvl": 3, "name": "Megado", "name_1": null, "name_2": null, "name_3": null, "loc_pcode": null, "x_coord": 38.79654618, "y_coord": 5.65327628, "adm3_name": "Odo Shakiso", "adm3_name1": null, "adm3_name2": null, "adm3_name3": null, "adm3_pcode": "ET041405", "adm2_name": "Guji", "adm2_name1": null, "adm2_name2": null, "adm2_name3": null, "adm2_pcode": "ET0414", "adm1_name": "Oromia", "adm1_name1": null, "adm1_name2": null, "adm1_name3": null, "adm1_pcode": "ET04", "adm0_name": null, "adm0_name1": null, "adm0_name2": null, "adm0_name3": null, "adm0_pcode": null, "valid_on": "2025-01-01", "valid_to": null, "version": "v04", "name_lng": "en", "name_lng1": null, "name_lng2": null, "name_lng3": null }, "geometry": { "type": "Point", "coordinates": [ 38.796546182000043, 5.653276282000149 ] } },
{ "type": "Feature", "properties": { "adm_p_lvl": 3, "name": "Soyoma", "name_1": null, "name_2": null, "name_3": null, "loc_pcode": null, "x_coord": 38.14927871, "y_coord": 5.60891985, "adm3_name": "Suro Berguda", "adm3_name1": null, "adm3_name2": null, "adm3_name3": null, "adm3_pcode": "ET041594", "adm2_name": "West Guji", "adm2_name1": null, "adm2_name2": null, "adm2_name3": null, "adm2_pcode": "ET0415", "adm1_name": "Oromia", "adm1_name1": null, "adm1_name2": null, "adm1_name3": null, "adm1_pcode": "ET04", "adm0_name": null, "adm0_name1": null, "adm0_name2": null, "adm0_name3": null, "adm0_pcode": null, "valid_on": "2025-01-01", "valid_to": null, "version": "v04", "name_lng": "en", "name_lng1": null, "name_lng2": null, "name_lng3": null }, "geometry": { "type": "Point", "coordinates": [ 38.149278713000172, 5.608919846000049 ] } },
{ "type": "Feature", "properties": { "adm_p_lvl": 3, "name": "Birbirsa Bera", "name_1": null, "name_2": null, "name_3": null, "loc_pcode": null, "x_coord": 38.59256241, "y_coord": 5.70589043, "adm3_name": "Birbirsa Kojowa", "adm3_name1": null, "adm3_name2": null, "adm3_name3": null, "adm3_pcode": "ET041596", "adm2_name": "West Guji", "adm2_name1": null, "adm2_name2": null, "adm2_name3": null, "adm2_pcode": "ET0415", "adm1_name": "Oromia", "adm1_name1": null, "adm1_name2": null, "adm1_name3": null, "adm1_pcode": "ET04", "adm0_name": null, "adm0_name1": null, "adm0_name2": null, "adm0_name3": null, "adm0_pcode": null, "valid_on": "2025-01-01", "valid_to": null, "version": "v04", "name_lng": "en", "name_lng1": null, "name_lng2": null, "name_lng3": null }, "geometry": { "type": "Point", "coordinates": [ 38.59256241300011, 5.705890429000078 ] } },
{ "type": "Feature", "properties": { "adm_p_lvl": 3, "name": "Hadhesa", "name_1": null, "name_2": null, "name_3": null, "loc_pcode": null, "x_coord": 39.71137289, "y_coord": 5.01839935, "adm3_name": "Gumi Idalo", "adm3_name1": null, "adm3_name2": null, "adm3_name3": null, "adm3_pcode": "ET042206", "adm2_name": "East Borena", "adm2_name1": null, "adm2_name2": null, "adm2_name3": null, "adm2_pcode": "ET0422", "adm1_name": "Oromia", "adm1_name1": null, "adm1_name2": null, "adm1_name3": null, "adm1_pcode": "ET04", "adm0_name": null, "adm0_name1": null, "adm0_name2": null, "adm0_name3": null, "adm0_pcode": null, "valid_on": "2025-01-01", "valid_to": null, "version": "v04", "name_lng": "en", "name_lng1": null, "name_lng2": null, "name_lng3": null }, "geometry": { "type": "Point", "coordinates": [ 39.711372887000152, 5.018399346000081 ] } },
{ "type": "Feature", "properties": { "adm_p_lvl": 3, "name": "Bege", "name_1": null, "name_2": null, "name_3": null, "loc_pcode": null, "x_coord": 37.1145308, "y_coord": 8.30264091, "adm3_name": "Chora (Jimma)", "adm3_name1": null, "adm3_name2": null, "adm3_name3": null, "adm3_pcode": "ET040415", "adm2_name": "Jimma", "adm2_name1": null, "adm2_name2": null, "adm2_name3": null, "adm2_pcode": "ET0404", "adm1_name": "Oromia", "adm1_name1": null, "adm1_name2": null, "adm1_name3": null, "adm1_pcode": "ET04", "adm0_name": null, "adm0_name1": null, "adm0_name2": null, "adm0_name3": null, "adm0_pcode": null, "valid_on": "2025-01-01", "valid_to": null, "version": "v04", "name_lng": "en", "name_lng1": null, "name_lng2": null, "name_lng3": null }, "geometry": { "type": "Point", "coordinates": [ 37.114530802000104, 8.302640907000125 ] } },
{ "type": "Feature", "properties": { "adm_p_lvl": 3, "name": "Alga", "name_1": null, "name_2": null, "name_3": null, "loc_pcode": null, "x_coord": 37.10948063, "y_coord": 8.58126102, "adm3_name": "Nono Benja", "adm3_name1": null, "adm3_name2": null, "adm3_name3": null, "adm3_pcode": "ET040499", "adm2_name": "Jimma", "adm2_name1": null, "adm2_name2": null, "adm2_name3": null, "adm2_pcode": "ET0404", "adm1_name": "Oromia", "adm1_name1": null, "adm1_name2": null, "adm1_name3": null, "adm1_pcode": "ET04", "adm0_name": null, "adm0_name1": null, "adm0_name2": null, "adm0_name3": null, "adm0_pcode": null, "valid_on": "2025-01-01", "valid_to": null, "version": "v04", "name_lng": "en", "name_lng1": null, "name_lng2": null, "name_lng3": null }, "geometry": { "type": "Point", "coordinates": [ 37.109480632000043, 8.581261022000149 ] } },
{ "type": "Feature", "properties": { "adm_p_lvl": 3, "name": "Sekela", "name_1": null, "name_2": null, "name_3": null, "loc_pcode": null, "x_coord": 37.0326305, "y_coord": 9.74244803, "adm3_name": "Horo Buluk", "adm3_name1": null, "adm3_name2": null, "adm3_name3": null, "adm3_pcode": "ET041912", "adm2_name": "Horo Gudru Wellega", "adm2_name1": null, "adm2_name2": null, "adm2_name3": null, "adm2_pcode": "ET0419", "adm1_name": "Oromia", "adm1_name1": null, "adm1_name2": null, "adm1_name3": null, "adm1_pcode": "ET04", "adm0_name": null, "adm0_name1": null, "adm0_name2": null, "adm0_name3": null, "adm0_pcode": null, "valid_on": "2025-01-01", "valid_to": null, "version": "v04", "name_lng": "en", "name_lng1": null, "name_lng2": null, "name_lng3": null }, "geometry": { "type": "Point", "coordinates": [ 37.032630496000081, 9.742448025000158 ] } },
{ "type": "Feature", "properties": { "adm_p_lvl": 3, "name": "Adelo", "name_1": null, "name_2": null, "name_3": null, "loc_pcode": null, "x_coord": 37.98431005, "y_coord": 7.20851617, "adm3_name": "Adilo", "adm3_name1": null, "adm3_name2": null, "adm3_name3": null, "adm3_pcode": "ET070309", "adm2_name": "Kembata", "adm2_name1": null, "adm2_name2": null, "adm2_name3": null, "adm2_pcode": "ET0703", "adm1_name": "Central Ethiopia", "adm1_name1": null, "adm1_name2": null, "adm1_name3": null, "adm1_pcode": "ET07", "adm0_name": null, "adm0_name1": null, "adm0_name2": null, "adm0_name3": null, "adm0_pcode": null, "valid_on": "2025-01-01", "valid_to": null, "version": "v04", "name_lng": "en", "name_lng1": null, "name_lng2": null, "name_lng3": null }, "geometry": { "type": "Point", "coordinates": [ 37.984310052000012, 7.208516170000053 ] } },
{ "type": "Feature", "properties": { "adm_p_lvl": 3, "name": "Edaga Arbi", "name_1": null, "name_2": null, "name_3": null, "loc_pcode": null, "x_coord": 39.06809725, "y_coord": 14.03759886, "adm3_name": "Endaba Tsahma", "adm3_name1": null, "adm3_name2": null, "adm3_name3": null, "adm3_pcode": "ET010203", "adm2_name": "Central", "adm2_name1": null, "adm2_name2": null, "adm2_name3": null, "adm2_pcode": "ET0102", "adm1_name": "Tigray", "adm1_name1": null, "adm1_name2": null, "adm1_name3": null, "adm1_pcode": "ET01", "adm0_name": null, "adm0_name1": null, "adm0_name2": null, "adm0_name3": null, "adm0_pcode": null, "valid_on": "2025-01-01", "valid_to": null, "version": "v04", "name_lng": "en", "name_lng1": null, "name_lng2": null, "name_lng3": null }, "geometry": { "type": "Point", "coordinates": [ 39.068097251000097, 14.037598856000045 ] } },
{ "type": "Feature", "properties": { "adm_p_lvl": 3, "name": "Haro Maya", "name_1": null, "name_2": null, "name_3": null, "loc_pcode": null, "x_coord": 42.01271711, "y_coord": 9.39239457, "adm3_name": "Maya town", "adm3_name1": null, "adm3_name2": null, "adm3_name3": null, "adm3_pcode": "ET041019", "adm2_name": "East Hararge", "adm2_name1": null, "adm2_name2": null, "adm2_name3": null, "adm2_pcode": "ET0410", "adm1_name": "Oromia", "adm1_name1": null, "adm1_name2": null, "adm1_name3": null, "adm1_pcode": "ET04", "adm0_name": null, "adm0_name1": null, "adm0_name2": null, "adm0_name3": null, "adm0_pcode": null, "valid_on": "2025-01-01", "valid_to": null, "version": "v04", "name_lng": "en", "name_lng1": null, "name_lng2": null, "name_lng3": null }, "geometry": { "type": "Point", "coordinates": [ 42.012717112000075, 9.392394573000104 ] } },
{ "type": "Feature", "properties": { "adm_p_lvl": 3, "name": "Kofele", "name_1": null, "name_2": null, "name_3": null, "loc_pcode": null, "x_coord": 38.41079263, "y_coord": 6.16142846, "adm3_name": "Haro Walabu", "adm3_name1": null, "adm3_name2": null, "adm3_name3": null, "adm3_pcode": "ET041490", "adm2_name": "Guji", "adm2_name1": null, "adm2_name2": null, "adm2_name3": null, "adm2_pcode": "ET0414", "adm1_name": "Oromia", "adm1_name1": null, "adm1_name2": null, "adm1_name3": null, "adm1_pcode": "ET04", "adm0_name": null, "adm0_name1": null, "adm0_name2": null, "adm0_name3": null, "adm0_pcode": null, "valid_on": "2025-01-01", "valid_to": null, "version": "v04", "name_lng": "en", "name_lng1": null, "name_lng2": null, "name_lng3": null }, "geometry": { "type": "Point", "coordinates": [ 38.410792632000039, 6.161428458999978 ] } },
{ "type": "Feature", "properties": { "adm_p_lvl": 3, "name": "Bishan Guracha", "name_1": null, "name_2": null, "name_3": null, "loc_pcode": null, "x_coord": 38.48984359, "y_coord": 7.10396348, "adm3_name": "Shashemene town", "adm3_name1": null, "adm3_name2": null, "adm3_name3": null, "adm3_pcode": "ET041711", "adm2_name": "West Arsi", "adm2_name1": null, "adm2_name2": null, "adm2_name3": null, "adm2_pcode": "ET0417", "adm1_name": "Oromia", "adm1_name1": null, "adm1_name2": null, "adm1_name3": null, "adm1_pcode": "ET04", "adm0_name": null, "adm0_name1": null, "adm0_name2": null, "adm0_name3": null, "adm0_pcode": null, "valid_on": "2025-01-01", "valid_to": null, "version": "v04", "name_lng": "en", "name_lng1": null, "name_lng2": null, "name_lng3": null }, "geometry": { "type": "Point", "coordinates": [ 38.489843594000035, 7.103963480000175 ] } },
{ "type": "Feature", "properties": { "adm_p_lvl": 3, "name": "Golije", "name_1": null, "name_2": null, "name_3": null, "loc_pcode": null, "x_coord": 38.8172968, "y_coord": 7.42545472, "adm3_name": "Heban Arsi", "adm3_name1": null, "adm3_name2": null, "adm3_name3": null, "adm3_pcode": "ET041783", "adm2_name": "West Arsi", "adm2_name1": null, "adm2_name2": null, "adm2_name3": null, "adm2_pcode": "ET0417", "adm1_name": "Oromia", "adm1_name1": null, "adm1_name2": null, "adm1_name3": null, "adm1_pcode": "ET04", "adm0_name": null, "adm0_name1": null, "adm0_name2": null, "adm0_name3": null, "adm0_pcode": null, "valid_on": "2025-01-01", "valid_to": null, "version": "v04", "name_lng": "en", "name_lng1": null, "name_lng2": null, "name_lng3": null }, "geometry": { "type": "Point", "coordinates": [ 38.817296796000107, 7.42545471700015 ] } },
{ "type": "Feature", "properties": { "adm_p_lvl": 3, "name": "Adear", "name_1": null, "name_2": null, "name_3": null, "loc_pcode": null, "x_coord": 40.51970914, "y_coord": 11.15266443, "adm3_name": "Adar", "adm3_name1": null, "adm3_name2": null, "adm3_name3": null, "adm3_pcode": "ET020109", "adm2_name": "Awsi /Zone 1", "adm2_name1": null, "adm2_name2": null, "adm2_name3": null, "adm2_pcode": "ET0201", "adm1_name": "Afar", "adm1_name1": null, "adm1_name2": null, "adm1_name3": null, "adm1_pcode": "ET02", "adm0_name": null, "adm0_name1": null, "adm0_name2": null, "adm0_name3": null, "adm0_pcode": null, "valid_on": "2025-01-01", "valid_to": null, "version": "v04", "name_lng": "en", "name_lng1": null, "name_lng2": null, "name_lng3": null }, "geometry": { "type": "Point", "coordinates": [ 40.519709141000078, 11.152664429000026 ] } },
{ "type": "Feature", "properties": { "adm_p_lvl": 3, "name": "Rakubdora", "name_1": null, "name_2": null, "name_3": null, "loc_pcode": null, "x_coord": 39.86994902, "y_coord": 12.36594473, "adm3_name": "Yalo", "adm3_name1": null, "adm3_name2": null, "adm3_name3": null, "adm3_pcode": "ET020404", "adm2_name": "Fanti /Zone 4", "adm2_name1": null, "adm2_name2": null, "adm2_name3": null, "adm2_pcode": "ET0204", "adm1_name": "Afar", "adm1_name1": null, "adm1_name2": null, "adm1_name3": null, "adm1_pcode": "ET02", "adm0_name": null, "adm0_name1": null, "adm0_name2": null, "adm0_name3": null, "adm0_pcode": null, "valid_on": "2025-01-01", "valid_to": null, "version": "v04", "name_lng": "en", "name_lng1": null, "name_lng2": null, "name_lng3": null }, "geometry": { "type": "Point", "coordinates": [ 39.869949016000191, 12.36594473100007 ] } },
{ "type": "Feature", "properties": { "adm_p_lvl": 3, "name": "Amedwuha", "name_1": null, "name_2": null, "name_3": null, "loc_pcode": null, "x_coord": 39.33311087, "y_coord": 12.8996621, "adm3_name": "Bora (TG)", "adm3_name1": null, "adm3_name2": null, "adm3_name3": null, "adm3_pcode": "ET010402", "adm2_name": "Southern", "adm2_name1": null, "adm2_name2": null, "adm2_name3": null, "adm2_pcode": "ET0104", "adm1_name": "Tigray", "adm1_name1": null, "adm1_name2": null, "adm1_name3": null, "adm1_pcode": "ET01", "adm0_name": null, "adm0_name1": null, "adm0_name2": null, "adm0_name3": null, "adm0_pcode": null, "valid_on": "2025-01-01", "valid_to": null, "version": "v04", "name_lng": "en", "name_lng1": null, "name_lng2": null, "name_lng3": null }, "geometry": { "type": "Point", "coordinates": [ 39.333110873000066, 12.899662102000036 ] } },
{ "type": "Feature", "properties": { "adm_p_lvl": 3, "name": "Bade", "name_1": null, "name_2": null, "name_3": null, "loc_pcode": null, "x_coord": 37.86586953, "y_coord": 6.76737254, "adm3_name": "Hobicha Abaya", "adm3_name1": null, "adm3_name2": null, "adm3_name3": null, "adm3_pcode": "ET080119", "adm2_name": "Wolayita", "adm2_name1": null, "adm2_name2": null, "adm2_name3": null, "adm2_pcode": "ET0801", "adm1_name": "South Ethiopia", "adm1_name1": null, "adm1_name2": null, "adm1_name3": null, "adm1_pcode": "ET08", "adm0_name": null, "adm0_name1": null, "adm0_name2": null, "adm0_name3": null, "adm0_pcode": null, "valid_on": "2025-01-01", "valid_to": null, "version": "v04", "name_lng": "en", "name_lng1": null, "name_lng2": null, "name_lng3": null }, "geometry": { "type": "Point", "coordinates": [ 37.865869529000122, 6.767372536000039 ] } },
{ "type": "Feature", "properties": { "adm_p_lvl": 3, "name": "Lasho", "name_1": null, "name_2": null, "name_3": null, "loc_pcode": null, "x_coord": 37.4707915, "y_coord": 6.8048628, "adm3_name": "Kawo Koyesha", "adm3_name1": null, "adm3_name2": null, "adm3_name3": null, "adm3_pcode": "ET080120", "adm2_name": "Wolayita", "adm2_name1": null, "adm2_name2": null, "adm2_name3": null, "adm2_pcode": "ET0801", "adm1_name": "South Ethiopia", "adm1_name1": null, "adm1_name2": null, "adm1_name3": null, "adm1_pcode": "ET08", "adm0_name": null, "adm0_name1": null, "adm0_name2": null, "adm0_name3": null, "adm0_pcode": null, "valid_on": "2025-01-01", "valid_to": null, "version": "v04", "name_lng": "en", "name_lng1": null, "name_lng2": null, "name_lng3": null }, "geometry": { "type": "Point", "coordinates": [ 37.470791501000065, 6.804862802000116 ] } },
{ "type": "Feature", "properties": { "adm_p_lvl": 3, "name": "Gezeso", "name_1": null, "name_2": null, "name_3": null, "loc_pcode": null, "x_coord": 37.349267, "y_coord": 6.119444, "adm3_name": "Bonke", "adm3_name1": null, "adm3_name2": null, "adm3_name3": null, "adm3_pcode": "ET080204", "adm2_name": "Gamo", "adm2_name1": null, "adm2_name2": null, "adm2_name3": null, "adm2_pcode": "ET0802", "adm1_name": "South Ethiopia", "adm1_name1": null, "adm1_name2": null, "adm1_name3": null, "adm1_pcode": "ET08", "adm0_name": null, "adm0_name1": null, "adm0_name2": null, "adm0_name3": null, "adm0_pcode": null, "valid_on": "2025-01-01", "valid_to": null, "version": "v04", "name_lng": "en", "name_lng1": null, "name_lng2": null, "name_lng3": null }, "geometry": { "type": "Point", "coordinates": [ 37.349267000000111, 6.119444000000101 ] } },
{ "type": "Feature", "properties": { "adm_p_lvl": 3, "name": "Besheno", "name_1": null, "name_2": null, "name_3": null, "loc_pcode": null, "x_coord": 38.224258, "y_coord": 7.463947, "adm3_name": "Wera Djo", "adm3_name1": null, "adm3_name2": null, "adm3_name3": null, "adm3_pcode": "ET071404", "adm2_name": "Halaba", "adm2_name1": null, "adm2_name2": null, "adm2_name3": null, "adm2_pcode": "ET0714", "adm1_name": "Central Ethiopia", "adm1_name1": null, "adm1_name2": null, "adm1_name3": null, "adm1_pcode": "ET07", "adm0_name": null, "adm0_name1": null, "adm0_name2": null, "adm0_name3": null, "adm0_pcode": null, "valid_on": "2025-01-01", "valid_to": null, "version": "v04", "name_lng": "en", "name_lng1": null, "name_lng2": null, "name_lng3": null }, "geometry": { "type": "Point", "coordinates": [ 38.224258000000134, 7.463946999000029 ] } },
{ "type": "Feature", "properties": { "adm_p_lvl": 3, "name": "Dizu", "name_1": null, "name_2": null, "name_3": null, "loc_pcode": null, "x_coord": 35.67707362, "y_coord": 7.14535643, "adm3_name": "Gidi Bench", "adm3_name1": null, "adm3_name2": null, "adm3_name3": null, "adm3_pcode": "ET110306", "adm2_name": "Bench Sheko", "adm2_name1": null, "adm2_name2": null, "adm2_name3": null, "adm2_pcode": "ET1103", "adm1_name": "South West Ethiopia", "adm1_name1": null, "adm1_name2": null, "adm1_name3": null, "adm1_pcode": "ET11", "adm0_name": null, "adm0_name1": null, "adm0_name2": null, "adm0_name3": null, "adm0_pcode": null, "valid_on": "2025-01-01", "valid_to": null, "version": "v04", "name_lng": "en", "name_lng1": null, "name_lng2": null, "name_lng3": null }, "geometry": { "type": "Point", "coordinates": [ 35.677073622000137, 7.145356432000028 ] } },
{ "type": "Feature", "properties": { "adm_p_lvl": 3, "name": "Ognogi", "name_1": null, "name_2": null, "name_3": null, "loc_pcode": null, "x_coord": 33.932, "y_coord": 7.776709, "adm3_name": "Jore", "adm3_name1": null, "adm3_name2": null, "adm3_name3": null, "adm3_pcode": "ET120204", "adm2_name": "Agnewak", "adm2_name1": null, "adm2_name2": null, "adm2_name3": null, "adm2_pcode": "ET1202", "adm1_name": "Gambela", "adm1_name1": null, "adm1_name2": null, "adm1_name3": null, "adm1_pcode": "ET12", "adm0_name": null, "adm0_name1": null, "adm0_name2": null, "adm0_name3": null, "adm0_pcode": null, "valid_on": "2025-01-01", "valid_to": null, "version": "v04", "name_lng": "en", "name_lng1": null, "name_lng2": null, "name_lng3": null }, "geometry": { "type": "Point", "coordinates": [ 33.932, 7.776709 ] } },
{ "type": "Feature", "properties": { "adm_p_lvl": 3, "name": "Undulu", "name_1": null, "name_2": null, "name_3": null, "loc_pcode": null, "x_coord": 34.851135, "y_coord": 10.179431, "adm3_name": "Undulu", "adm3_name1": null, "adm3_name2": null, "adm3_name3": null, "adm3_pcode": "ET060308", "adm2_name": "Assosa", "adm2_name1": null, "adm2_name2": null, "adm2_name3": null, "adm2_pcode": "ET0603", "adm1_name": "Benishangul-Gumuz", "adm1_name1": null, "adm1_name2": null, "adm1_name3": null, "adm1_pcode": "ET06", "adm0_name": null, "adm0_name1": null, "adm0_name2": null, "adm0_name3": null, "adm0_pcode": null, "valid_on": "2025-01-01", "valid_to": null, "version": "v04", "name_lng": "en", "name_lng1": null, "name_lng2": null, "name_lng3": null }, "geometry": { "type": "Point", "coordinates": [ 34.851135001000159, 10.179431 ] } },
{ "type": "Feature", "properties": { "adm_p_lvl": 3, "name": "Gelan", "name_1": null, "name_2": null, "name_3": null, "loc_pcode": null, "x_coord": 38.82787541, "y_coord": 8.82179223, "adm3_name": "Galan", "adm3_name1": null, "adm3_name2": null, "adm3_name3": null, "adm3_pcode": "ET042094", "adm2_name": "Shager City", "adm2_name1": null, "adm2_name2": null, "adm2_name3": null, "adm2_pcode": "ET0420", "adm1_name": "Oromia", "adm1_name1": null, "adm1_name2": null, "adm1_name3": null, "adm1_pcode": "ET04", "adm0_name": null, "adm0_name1": null, "adm0_name2": null, "adm0_name3": null, "adm0_pcode": null, "valid_on": "2025-01-01", "valid_to": null, "version": "v04", "name_lng": "en", "name_lng1": null, "name_lng2": null, "name_lng3": null }, "geometry": { "type": "Point", "coordinates": [ 38.827875405000043, 8.821792228 ] } },
{ "type": "Feature", "properties": { "adm_p_lvl": 3, "name": "Dukem", "name_1": null, "name_2": null, "name_3": null, "loc_pcode": null, "x_coord": 38.90352021, "y_coord": 8.79288515, "adm3_name": "Bishoftu town", "adm3_name1": null, "adm3_name2": null, "adm3_name3": null, "adm3_pcode": "ET040709", "adm2_name": "East Shewa", "adm2_name1": null, "adm2_name2": null, "adm2_name3": null, "adm2_pcode": "ET0407", "adm1_name": "Oromia", "adm1_name1": null, "adm1_name2": null, "adm1_name3": null, "adm1_pcode": "ET04", "adm0_name": null, "adm0_name1": null, "adm0_name2": null, "adm0_name3": null, "adm0_pcode": null, "valid_on": "2025-01-01", "valid_to": null, "version": "v04", "name_lng": "en", "name_lng1": null, "name_lng2": null, "name_lng3": null }, "geometry": { "type": "Point", "coordinates": [ 38.903520210000067, 8.79288515200011 ] } },
{ "type": "Feature", "properties": { "adm_p_lvl": 3, "name": "Lege Tafo", "name_1": null, "name_2": null, "name_3": null, "loc_pcode": null, "x_coord": 38.90765391, "y_coord": 9.0818407, "adm3_name": "Eka Tafo", "adm3_name1": null, "adm3_name2": null, "adm3_name3": null, "adm3_pcode": "ET042002", "adm2_name": "Shager City", "adm2_name1": null, "adm2_name2": null, "adm2_name3": null, "adm2_pcode": "ET0420", "adm1_name": "Oromia", "adm1_name1": null, "adm1_name2": null, "adm1_name3": null, "adm1_pcode": "ET04", "adm0_name": null, "adm0_name1": null, "adm0_name2": null, "adm0_name3": null, "adm0_pcode": null, "valid_on": "2025-01-01", "valid_to": null, "version": "v04", "name_lng": "en", "name_lng1": null, "name_lng2": null, "name_lng3": null }, "geometry": { "type": "Point", "coordinates": [ 38.907653913000047, 9.081840701000147 ] } },
{ "type": "Feature", "properties": { "adm_p_lvl": 3, "name": "Burayu", "name_1": null, "name_2": null, "name_3": null, "loc_pcode": null, "x_coord": 38.64667783, "y_coord": 9.06249726, "adm3_name": "Burayu", "adm3_name1": null, "adm3_name2": null, "adm3_name3": null, "adm3_pcode": "ET042001", "adm2_name": "Shager City", "adm2_name1": null, "adm2_name2": null, "adm2_name3": null, "adm2_pcode": "ET0420", "adm1_name": "Oromia", "adm1_name1": null, "adm1_name2": null, "adm1_name3": null, "adm1_pcode": "ET04", "adm0_name": null, "adm0_name1": null, "adm0_name2": null, "adm0_name3": null, "adm0_pcode": null, "valid_on": "2025-01-01", "valid_to": null, "version": "v04", "name_lng": "en", "name_lng1": null, "name_lng2": null, "name_lng3": null }, "geometry": { "type": "Point", "coordinates": [ 38.646677831000147, 9.062497261000146 ] } },
{ "type": "Feature", "properties": { "adm_p_lvl": 3, "name": "Tulu Awlia (Gimbi)", "name_1": null, "name_2": null, "name_3": null, "loc_pcode": null, "x_coord": 39.27058054, "y_coord": 10.9850513, "adm3_name": "Tulu Awlia", "adm3_name1": null, "adm3_name2": null, "adm3_name3": null, "adm3_pcode": "ET030428", "adm2_name": "South Wello", "adm2_name1": null, "adm2_name2": null, "adm2_name3": null, "adm2_pcode": "ET0304", "adm1_name": "Amhara", "adm1_name1": null, "adm1_name2": null, "adm1_name3": null, "adm1_pcode": "ET03", "adm0_name": null, "adm0_name1": null, "adm0_name2": null, "adm0_name3": null, "adm0_pcode": null, "valid_on": "2025-01-01", "valid_to": null, "version": "v04", "name_lng": "en", "name_lng1": null, "name_lng2": null, "name_lng3": null }, "geometry": { "type": "Point", "coordinates": [ 39.270580541000129, 10.985051304000137 ] } },
{ "type": "Feature", "properties": { "adm_p_lvl": 3, "name": "Tulefa town", "name_1": null, "name_2": null, "name_3": null, "loc_pcode": null, "x_coord": 39.22344639, "y_coord": 9.26197752, "adm3_name": "Tulefa town", "adm3_name1": null, "adm3_name2": null, "adm3_name3": null, "adm3_pcode": "ET030524", "adm2_name": "North Shewa (AM)", "adm2_name1": null, "adm2_name2": null, "adm2_name3": null, "adm2_pcode": "ET0305", "adm1_name": "Amhara", "adm1_name1": null, "adm1_name2": null, "adm1_name3": null, "adm1_pcode": "ET03", "adm0_name": null, "adm0_name1": null, "adm0_name2": null, "adm0_name3": null, "adm0_pcode": null, "valid_on": "2025-01-01", "valid_to": null, "version": "v04", "name_lng": "en", "name_lng1": null, "name_lng2": null, "name_lng3": null }, "geometry": { "type": "Point", "coordinates": [ 39.223446390000106, 9.261977524000088 ] } },
{ "type": "Feature", "properties": { "adm_p_lvl": 3, "name": "Kinfaz Begela", "name_1": null, "name_2": null, "name_3": null, "loc_pcode": null, "x_coord": 37.9906303, "y_coord": 12.7441698, "adm3_name": "Kinfaz Begela", "adm3_name1": null, "adm3_name2": null, "adm3_name3": null, "adm3_pcode": "ET031122", "adm2_name": "Central Gondar", "adm2_name1": null, "adm2_name2": null, "adm2_name3": null, "adm2_pcode": "ET0311", "adm1_name": "Amhara", "adm1_name1": null, "adm1_name2": null, "adm1_name3": null, "adm1_pcode": "ET03", "adm0_name": null, "adm0_name1": null, "adm0_name2": null, "adm0_name3": null, "adm0_pcode": null, "valid_on": "2025-01-01", "valid_to": null, "version": "v04", "name_lng": "en", "name_lng1": null, "name_lng2": null, "name_lng3": null }, "geometry": { "type": "Point", "coordinates": [ 37.990630300000191, 12.744169800000179 ] } },
{ "type": "Feature", "properties": { "adm_p_lvl": 3, "name": "Tulefa", "name_1": null, "name_2": null, "name_3": null, "loc_pcode": null, "x_coord": 39.21190233, "y_coord": 9.24960374, "adm3_name": "Tulefa town", "adm3_name1": null, "adm3_name2": null, "adm3_name3": null, "adm3_pcode": "ET030524", "adm2_name": "North Shewa (AM)", "adm2_name1": null, "adm2_name2": null, "adm2_name3": null, "adm2_pcode": "ET0305", "adm1_name": "Amhara", "adm1_name1": null, "adm1_name2": null, "adm1_name3": null, "adm1_pcode": "ET03", "adm0_name": null, "adm0_name1": null, "adm0_name2": null, "adm0_name3": null, "adm0_pcode": null, "valid_on": "2025-01-01", "valid_to": null, "version": "v04", "name_lng": "en", "name_lng1": null, "name_lng2": null, "name_lng3": null }, "geometry": { "type": "Point", "coordinates": [ 39.211902329, 9.249603739000065 ] } },
{ "type": "Feature", "properties": { "adm_p_lvl": 0, "name": "Addis Ababa", "name_1": null, "name_2": null, "name_3": null, "loc_pcode": null, "x_coord": 38.7584762, "y_coord": 9.01050669, "adm3_name": "Kirkos Sub City", "adm3_name1": null, "adm3_name2": null, "adm3_name3": null, "adm3_pcode": "ET140106", "adm2_name": "Region 14", "adm2_name1": null, "adm2_name2": null, "adm2_name3": null, "adm2_pcode": "ET1401", "adm1_name": "Addis Ababa", "adm1_name1": null, "adm1_name2": null, "adm1_name3": null, "adm1_pcode": "ET14", "adm0_name": null, "adm0_name1": null, "adm0_name2": null, "adm0_name3": null, "adm0_pcode": null, "valid_on": "2025-01-01", "valid_to": null, "version": "v04", "name_lng": "en", "name_lng1": null, "name_lng2": null, "name_lng3": null }, "geometry": { "type": "Point", "coordinates": [ 38.758476198000096, 9.010506690000113 ] } },
{ "type": "Feature", "properties": { "adm_p_lvl": 2, "name": "Kolango", "name_1": null, "name_2": null, "name_3": null, "loc_pcode": null, "x_coord": 37.21780062, "y_coord": 5.49162011, "adm3_name": "Alle", "adm3_name1": null, "adm3_name2": null, "adm3_name3": null, "adm3_pcode": "ET080601", "adm2_name": "Ali", "adm2_name1": null, "adm2_name2": null, "adm2_name3": null, "adm2_pcode": "ET0806", "adm1_name": "South Ethiopia", "adm1_name1": null, "adm1_name2": null, "adm1_name3": null, "adm1_pcode": "ET08", "adm0_name": null, "adm0_name1": null, "adm0_name2": null, "adm0_name3": null, "adm0_pcode": null, "valid_on": "2025-01-01", "valid_to": null, "version": "v04", "name_lng": "en", "name_lng1": null, "name_lng2": null, "name_lng3": null }, "geometry": { "type": "Point", "coordinates": [ 37.21780062300013, 5.49162010800012 ] } },
{ "type": "Feature", "properties": { "adm_p_lvl": 3, "name": "Sede", "name_1": null, "name_2": null, "name_3": null, "loc_pcode": null, "x_coord": 38.0538178, "y_coord": 11.002751, "adm3_name": "Sedae", "adm3_name1": null, "adm3_name2": null, "adm3_name3": null, "adm3_pcode": "ET030619", "adm2_name": "East Gojam", "adm2_name1": null, "adm2_name2": null, "adm2_name3": null, "adm2_pcode": "ET0306", "adm1_name": "Amhara", "adm1_name1": null, "adm1_name2": null, "adm1_name3": null, "adm1_pcode": "ET03", "adm0_name": null, "adm0_name1": null, "adm0_name2": null, "adm0_name3": null, "adm0_pcode": null, "valid_on": "2025-01-01", "valid_to": null, "version": "v04", "name_lng": "en", "name_lng1": null, "name_lng2": null, "name_lng3": null }, "geometry": { "type": "Point", "coordinates": [ 38.053817800000161, 11.002751 ] } },
{ "type": "Feature", "properties": { "adm_p_lvl": 3, "name": "Meshiha", "name_1": null, "name_2": null, "name_3": null, "loc_pcode": null, "x_coord": 38.50494233, "y_coord": 12.91654091, "adm3_name": "Sahila", "adm3_name1": null, "adm3_name2": null, "adm3_name3": null, "adm3_pcode": "ET030806", "adm2_name": "Wag Hamra", "adm2_name1": null, "adm2_name2": null, "adm2_name3": null, "adm2_pcode": "ET0308", "adm1_name": "Amhara", "adm1_name1": null, "adm1_name2": null, "adm1_name3": null, "adm1_pcode": "ET03", "adm0_name": null, "adm0_name1": null, "adm0_name2": null, "adm0_name3": null, "adm0_pcode": null, "valid_on": "2025-01-01", "valid_to": null, "version": "v04", "name_lng": "en", "name_lng1": null, "name_lng2": null, "name_lng3": null }, "geometry": { "type": "Point", "coordinates": [ 38.504942333000088, 12.916540912000016 ] } },
{ "type": "Feature", "properties": { "adm_p_lvl": 3, "name": "Degach Meda", "name_1": null, "name_2": null, "name_3": null, "loc_pcode": null, "x_coord": 38.29712292, "y_coord": 13.46177384, "adm3_name": "Telemt", "adm3_name1": null, "adm3_name2": null, "adm3_name3": null, "adm3_pcode": "ET030119", "adm2_name": "North Gondar", "adm2_name1": null, "adm2_name2": null, "adm2_name3": null, "adm2_pcode": "ET0301", "adm1_name": "Amhara", "adm1_name1": null, "adm1_name2": null, "adm1_name3": null, "adm1_pcode": "ET03", "adm0_name": null, "adm0_name1": null, "adm0_name2": null, "adm0_name3": null, "adm0_pcode": null, "valid_on": "2025-01-01", "valid_to": null, "version": "v04", "name_lng": "en", "name_lng1": null, "name_lng2": null, "name_lng3": null }, "geometry": { "type": "Point", "coordinates": [ 38.297122916000035, 13.461773835000031 ] } },
{ "type": "Feature", "properties": { "adm_p_lvl": 3, "name": "Kurba", "name_1": null, "name_2": null, "name_3": null, "loc_pcode": null, "x_coord": 38.90688267, "y_coord": 11.45822069, "adm3_name": "Dawunt", "adm3_name1": null, "adm3_name2": null, "adm3_name3": null, "adm3_pcode": "ET030311", "adm2_name": "North Wello", "adm2_name1": null, "adm2_name2": null, "adm2_name3": null, "adm2_pcode": "ET0303", "adm1_name": "Amhara", "adm1_name1": null, "adm1_name2": null, "adm1_name3": null, "adm1_pcode": "ET03", "adm0_name": null, "adm0_name1": null, "adm0_name2": null, "adm0_name3": null, "adm0_pcode": null, "valid_on": "2025-01-01", "valid_to": null, "version": "v04", "name_lng": "en", "name_lng1": null, "name_lng2": null, "name_lng3": null }, "geometry": { "type": "Point", "coordinates": [ 38.90688266899997, 11.458220692000168 ] } },
{ "type": "Feature", "properties": { "adm_p_lvl": 3, "name": "Neqsege", "name_1": null, "name_2": null, "name_3": null, "loc_pcode": null, "x_coord": 39.34248595, "y_coord": 12.75922631, "adm3_name": "Neqsege", "adm3_name1": null, "adm3_name2": null, "adm3_name3": null, "adm3_pcode": "ET010403", "adm2_name": "Southern", "adm2_name1": null, "adm2_name2": null, "adm2_name3": null, "adm2_pcode": "ET0104", "adm1_name": "Tigray", "adm1_name1": null, "adm1_name2": null, "adm1_name3": null, "adm1_pcode": "ET01", "adm0_name": null, "adm0_name1": null, "adm0_name2": null, "adm0_name3": null, "adm0_pcode": null, "valid_on": "2025-01-01", "valid_to": null, "version": "v04", "name_lng": "en", "name_lng1": null, "name_lng2": null, "name_lng3": null }, "geometry": { "type": "Point", "coordinates": [ 39.342485949000036, 12.759226314000045 ] } },
{ "type": "Feature", "properties": { "adm_p_lvl": 3, "name": "Robit", "name_1": null, "name_2": null, "name_3": null, "loc_pcode": null, "x_coord": 38.42978576, "y_coord": 11.41164278, "adm3_name": "Sede Muja", "adm3_name1": null, "adm3_name2": null, "adm3_name3": null, "adm3_pcode": "ET030214", "adm2_name": "South Gondar", "adm2_name1": null, "adm2_name2": null, "adm2_name3": null, "adm2_pcode": "ET0302", "adm1_name": "Amhara", "adm1_name1": null, "adm1_name2": null, "adm1_name3": null, "adm1_pcode": "ET03", "adm0_name": null, "adm0_name1": null, "adm0_name2": null, "adm0_name3": null, "adm0_pcode": null, "valid_on": "2025-01-01", "valid_to": null, "version": "v04", "name_lng": "en", "name_lng1": null, "name_lng2": null, "name_lng3": null }, "geometry": { "type": "Point", "coordinates": [ 38.429785760000186, 11.411642784000094 ] } },
{ "type": "Feature", "properties": { "adm_p_lvl": 3, "name": "Salemenie", "name_1": null, "name_2": null, "name_3": null, "loc_pcode": null, "x_coord": 39.64363137, "y_coord": 10.87912248, "adm3_name": "Albuko", "adm3_name1": null, "adm3_name2": null, "adm3_name3": null, "adm3_pcode": "ET030408", "adm2_name": "South Wello", "adm2_name1": null, "adm2_name2": null, "adm2_name3": null, "adm2_pcode": "ET0304", "adm1_name": "Amhara", "adm1_name1": null, "adm1_name2": null, "adm1_name3": null, "adm1_pcode": "ET03", "adm0_name": null, "adm0_name1": null, "adm0_name2": null, "adm0_name3": null, "adm0_pcode": null, "valid_on": "2025-01-01", "valid_to": null, "version": "v04", "name_lng": "en", "name_lng1": null, "name_lng2": null, "name_lng3": null }, "geometry": { "type": "Point", "coordinates": [ 39.64363137100014, 10.879122476000077 ] } },
{ "type": "Feature", "properties": { "adm_p_lvl": 3, "name": "Medere Genet", "name_1": null, "name_2": null, "name_3": null, "loc_pcode": null, "x_coord": 37.25186931, "y_coord": 11.33043327, "adm3_name": "Debub Mecha", "adm3_name1": null, "adm3_name2": null, "adm3_name3": null, "adm3_pcode": "ET031306", "adm2_name": "North Gojam", "adm2_name1": null, "adm2_name2": null, "adm2_name3": null, "adm2_pcode": "ET0313", "adm1_name": "Amhara", "adm1_name1": null, "adm1_name2": null, "adm1_name3": null, "adm1_pcode": "ET03", "adm0_name": null, "adm0_name1": null, "adm0_name2": null, "adm0_name3": null, "adm0_pcode": null, "valid_on": "2025-01-01", "valid_to": null, "version": "v04", "name_lng": "en", "name_lng1": null, "name_lng2": null, "name_lng3": null }, "geometry": { "type": "Point", "coordinates": [ 37.25186930700005, 11.330433268000036 ] } }
]
}
